path,modules,count
/,patches/v05F_multisource_collection_patch_20260701_093910/app/main.py;app/v04e_entity_resolution.py;backups/code_before_v06e_20260706_115352/app/v04db_prestructure.py;app/v04db_prestructure.py;patches/v05M-R_异常中断恢复模板乱码与全站回归修复_完整覆盖补丁_staging/app/main.py;backup_before_v05m_recovery_20260702_091828/app/v04c_review.py;app/main.py;backup_before_v05m_recovery_20260702_091828/app/v04c1_ingestion.py;backups/code_before_v06e_20260706_115352/app/v04d_structuring.py;patches/v05M-R_异常中断恢复模板乱码与全站回归修复_完整覆盖补丁_staging/app/v04e_entity_resolution.py;backup_before_v05m_recovery_20260702_091828/app/main.py;patches/v05M-R_异常中断恢复模板乱码与全站回归修复_完整覆盖补丁_staging/app/v04c_review.py;app/v04d_structuring.py;backup_before_v05m_recovery_20260702_091828/app/v04db_prestructure.py;backups/code_before_v06e_20260706_115352/app/v04c1_ingestion.py;backups/code_before_v06e_20260706_115352/app/v04e_entity_resolution.py;backup_before_v05m_recovery_20260702_091828/app/v04d_structuring.py;backups/code_before_v06e_20260706_115352/app/v04c_review.py;patches/v05M_全站产品化收口中文化入口整合与核心流程重构_完整覆盖补丁_staging/app/main.py;app/v04c_review.py;app/v04c1_ingestion.py;patches/v05M-R_异常中断恢复模板乱码与全站回归修复_完整覆盖补丁_staging/app/v04c1_ingestion.py;backups/code_before_v06e_20260706_115352/app/main.py;patches/v05M-R_异常中断恢复模板乱码与全站回归修复_完整覆盖补丁_staging/app/v04db_prestructure.py;backup_before_v05m_recovery_20260702_091828/app/v04e_entity_resolution.py;patches/v05M-R_异常中断恢复模板乱码与全站回归修复_完整覆盖补丁_staging/app/v04d_structuring.py;patches/v05G_semantic_processing_patch_20260701_113851/app/main.py,27
/account,app/v05a_security.py;patches/v05M-R_异常中断恢复模板乱码与全站回归修复_完整覆盖补丁_staging/app/v05a_security.py;backup_before_v05m_recovery_20260702_091828/app/v05a_security.py;backups/code_before_v06e_20260706_115352/app/v05a_security.py,4
/account/change-password,app/v05a_security.py;patches/v05M-R_异常中断恢复模板乱码与全站回归修复_完整覆盖补丁_staging/app/v05a_security.py;backup_before_v05m_recovery_20260702_091828/app/v05a_security.py;backups/code_before_v06e_20260706_115352/app/v05a_security.py,4
/account/forbidden,app/v05a_security.py;patches/v05M-R_异常中断恢复模板乱码与全站回归修复_完整覆盖补丁_staging/app/v05a_security.py;backup_before_v05m_recovery_20260702_091828/app/v05a_security.py;backups/code_before_v06e_20260706_115352/app/v05a_security.py,4
/account/login,app/v05a_security.py;patches/v05M-R_异常中断恢复模板乱码与全站回归修复_完整覆盖补丁_staging/app/v05a_security.py;backup_before_v05m_recovery_20260702_091828/app/v05a_security.py;backups/code_before_v06e_20260706_115352/app/v05a_security.py,4
/account/logout,app/v05a_security.py;patches/v05M-R_异常中断恢复模板乱码与全站回归修复_完整覆盖补丁_staging/app/v05a_security.py;backup_before_v05m_recovery_20260702_091828/app/v05a_security.py;backups/code_before_v06e_20260706_115352/app/v05a_security.py,4
/actions,patches/v05F_multisource_collection_patch_20260701_093910/app/main.py;app/main.py;backups/code_before_v06e_20260706_115352/app/main.py;patches/v05M-R_异常中断恢复模板乱码与全站回归修复_完整覆盖补丁_staging/app/main.py;patches/v05M_全站产品化收口中文化入口整合与核心流程重构_完整覆盖补丁_staging/app/main.py;backup_before_v05m_recovery_20260702_091828/app/main.py;patches/v05G_semantic_processing_patch_20260701_113851/app/main.py,7
/actions/{item_id}/status,patches/v05F_multisource_collection_patch_20260701_093910/app/main.py;app/main.py;backups/code_before_v06e_20260706_115352/app/main.py;patches/v05M-R_异常中断恢复模板乱码与全站回归修复_完整覆盖补丁_staging/app/main.py;patches/v05M_全站产品化收口中文化入口整合与核心流程重构_完整覆盖补丁_staging/app/main.py;backup_before_v05m_recovery_20260702_091828/app/main.py;patches/v05G_semantic_processing_patch_20260701_113851/app/main.py,7
/admin,backups/code_before_v06h_20260706_145146/routes_platform.py;backups/code_before_v06e_20260706_115352/app/routes_platform.py;backups/code_before_v06i_intelligence_20260706_151858/routes_platform.py;backups/code_before_v06f_20260706_130354/app/routes_platform.py;backups/code_before_v06i_nav_crawl_20260706_162150/app/routes_platform.py;app/routes_platform.py,6
/admin/audit,app/v05a_security.py;patches/v05M-R_异常中断恢复模板乱码与全站回归修复_完整覆盖补丁_staging/app/v05a_security.py;backup_before_v05m_recovery_20260702_091828/app/v05a_security.py;backups/code_before_v06e_20260706_115352/app/v05a_security.py,4
/admin/data-integrity,backups/code_before_v06h_20260706_145146/routes_platform.py;backups/code_before_v06e_20260706_115352/app/routes_platform.py;backups/code_before_v06i_intelligence_20260706_151858/routes_platform.py;backups/code_before_v06f_20260706_130354/app/routes_platform.py;backups/code_before_v06i_nav_crawl_20260706_162150/app/routes_platform.py;app/routes_platform.py,6
/admin/data-integrity/{issue_id}/status,backups/code_before_v06h_20260706_145146/routes_platform.py;backups/code_before_v06e_20260706_115352/app/routes_platform.py;backups/code_before_v06i_intelligence_20260706_151858/routes_platform.py;backups/code_before_v06f_20260706_130354/app/routes_platform.py;backups/code_before_v06i_nav_crawl_20260706_162150/app/routes_platform.py;app/routes_platform.py,6
/admin/intelligence,backups/code_before_v06h_20260706_145146/routes_platform.py;backups/code_before_v06i_intelligence_20260706_151858/routes_platform.py;backups/code_before_v06f_20260706_130354/app/routes_platform.py;backups/code_before_v06i_nav_crawl_20260706_162150/app/routes_platform.py;app/routes_platform.py,5
/admin/intelligence/collection/{collection_item_id:int}/publish,backups/code_before_v06h_20260706_145146/routes_platform.py;backups/code_before_v06i_intelligence_20260706_151858/routes_platform.py;backups/code_before_v06f_20260706_130354/app/routes_platform.py;backups/code_before_v06i_nav_crawl_20260706_162150/app/routes_platform.py;app/routes_platform.py,5
/admin/intelligence/{item_id:int},backups/code_before_v06h_20260706_145146/routes_platform.py;backups/code_before_v06i_intelligence_20260706_151858/routes_platform.py;backups/code_before_v06f_20260706_130354/app/routes_platform.py;backups/code_before_v06i_nav_crawl_20260706_162150/app/routes_platform.py;app/routes_platform.py,5
/admin/intelligence/{item_id:int}/publish,backups/code_before_v06h_20260706_145146/routes_platform.py;backups/code_before_v06i_intelligence_20260706_151858/routes_platform.py;backups/code_before_v06f_20260706_130354/app/routes_platform.py;backups/code_before_v06i_nav_crawl_20260706_162150/app/routes_platform.py;app/routes_platform.py,5
/admin/intelligence/{item_id:int}/update,backups/code_before_v06h_20260706_145146/routes_platform.py;backups/code_before_v06i_intelligence_20260706_151858/routes_platform.py;backups/code_before_v06f_20260706_130354/app/routes_platform.py;backups/code_before_v06i_nav_crawl_20260706_162150/app/routes_platform.py;app/routes_platform.py,5
/admin/organizations,backups/code_before_v06h_20260706_145146/routes_platform.py;backups/code_before_v06i_intelligence_20260706_151858/routes_platform.py;backups/code_before_v06f_20260706_130354/app/routes_platform.py;backups/code_before_v06i_nav_crawl_20260706_162150/app/routes_platform.py;app/routes_platform.py,5
/admin/organizations/{org_id:int},backups/code_before_v06h_20260706_145146/routes_platform.py;backups/code_before_v06i_intelligence_20260706_151858/routes_platform.py;backups/code_before_v06f_20260706_130354/app/routes_platform.py;backups/code_before_v06i_nav_crawl_20260706_162150/app/routes_platform.py;app/routes_platform.py,5
/admin/organizations/{org_id:int}/update,backups/code_before_v06h_20260706_145146/routes_platform.py;backups/code_before_v06i_intelligence_20260706_151858/routes_platform.py;backups/code_before_v06f_20260706_130354/app/routes_platform.py;backups/code_before_v06i_nav_crawl_20260706_162150/app/routes_platform.py;app/routes_platform.py,5
/admin/people,backups/code_before_v06h_20260706_145146/routes_platform.py;backups/code_before_v06i_intelligence_20260706_151858/routes_platform.py;backups/code_before_v06f_20260706_130354/app/routes_platform.py;backups/code_before_v06i_nav_crawl_20260706_162150/app/routes_platform.py;app/routes_platform.py,5
/admin/people/{person_id:int},backups/code_before_v06h_20260706_145146/routes_platform.py;backups/code_before_v06i_intelligence_20260706_151858/routes_platform.py;backups/code_before_v06f_20260706_130354/app/routes_platform.py;backups/code_before_v06i_nav_crawl_20260706_162150/app/routes_platform.py;app/routes_platform.py,5
/admin/people/{person_id:int}/update,backups/code_before_v06h_20260706_145146/routes_platform.py;backups/code_before_v06i_intelligence_20260706_151858/routes_platform.py;backups/code_before_v06f_20260706_130354/app/routes_platform.py;backups/code_before_v06i_nav_crawl_20260706_162150/app/routes_platform.py;app/routes_platform.py,5
/admin/platform,backups/code_before_v06h_20260706_145146/routes_platform.py;backups/code_before_v06e_20260706_115352/app/routes_platform.py;backups/code_before_v06i_intelligence_20260706_151858/routes_platform.py;backups/code_before_v06f_20260706_130354/app/routes_platform.py;backups/code_before_v06i_nav_crawl_20260706_162150/app/routes_platform.py;app/routes_platform.py,6
/admin/tags/create,backups/code_before_v06h_20260706_145146/routes_platform.py;backups/code_before_v06e_20260706_115352/app/routes_platform.py;backups/code_before_v06i_intelligence_20260706_151858/routes_platform.py;backups/code_before_v06f_20260706_130354/app/routes_platform.py;backups/code_before_v06i_nav_crawl_20260706_162150/app/routes_platform.py;app/routes_platform.py,6
/admin/users,app/v05a_security.py;patches/v05M-R_异常中断恢复模板乱码与全站回归修复_完整覆盖补丁_staging/app/v05a_security.py;backup_before_v05m_recovery_20260702_091828/app/v05a_security.py;backups/code_before_v06e_20260706_115352/app/v05a_security.py,4
/admin/users/{user_id},app/v05a_security.py;patches/v05M-R_异常中断恢复模板乱码与全站回归修复_完整覆盖补丁_staging/app/v05a_security.py;backup_before_v05m_recovery_20260702_091828/app/v05a_security.py;backups/code_before_v06e_20260706_115352/app/v05a_security.py,4
/admin/users/{user_id}/reset-password,app/v05a_security.py;patches/v05M-R_异常中断恢复模板乱码与全站回归修复_完整覆盖补丁_staging/app/v05a_security.py;backup_before_v05m_recovery_20260702_091828/app/v05a_security.py;backups/code_before_v06e_20260706_115352/app/v05a_security.py,4
/admin/users/{user_id}/update,app/v05a_security.py;patches/v05M-R_异常中断恢复模板乱码与全站回归修复_完整覆盖补丁_staging/app/v05a_security.py;backup_before_v05m_recovery_20260702_091828/app/v05a_security.py;backups/code_before_v06e_20260706_115352/app/v05a_security.py,4
/aliases,backup_before_v05m_recovery_20260702_091828/app/v04e_entity_resolution.py;app/v04e_entity_resolution.py;patches/v05M-R_异常中断恢复模板乱码与全站回归修复_完整覆盖补丁_staging/app/v04e_entity_resolution.py;backups/code_before_v06e_20260706_115352/app/v04e_entity_resolution.py,4
/aliases/{alias_id}/deactivate,backup_before_v05m_recovery_20260702_091828/app/v04e_entity_resolution.py;app/v04e_entity_resolution.py;patches/v05M-R_异常中断恢复模板乱码与全站回归修复_完整覆盖补丁_staging/app/v04e_entity_resolution.py;backups/code_before_v06e_20260706_115352/app/v04e_entity_resolution.py,4
/analyze/paste,patches/v05F_multisource_collection_patch_20260701_093910/app/main.py;app/main.py;patches/v05G_semantic_processing_patch_20260701_113851/app/main.py;backup_before_v05m_recovery_20260702_091828/scripts/apply_direct_route_fix.py;backups/code_before_v06i_nav_crawl_20260706_162150/scripts/apply_direct_route_fix.py;scripts/apply_direct_route_fix.py;backups/code_before_v06e_20260706_115352/app/main.py;backups/code_before_v06e_20260706_115352/scripts/apply_direct_route_fix.py;patches/v05M-R_异常中断恢复模板乱码与全站回归修复_完整覆盖补丁_staging/app/main.py;patches/v05M-R_异常中断恢复模板乱码与全站回归修复_完整覆盖补丁_staging/scripts/apply_direct_route_fix.py;backups/code_before_v06i_intelligence_20260706_151858/scripts/apply_direct_route_fix.py;backup_before_v05m_recovery_20260702_091828/app/main.py;patches/v05M_全站产品化收口中文化入口整合与核心流程重构_完整覆盖补丁_staging/app/main.py,13
/analyze/paste/confirm,patches/v05F_multisource_collection_patch_20260701_093910/app/main.py;app/main.py;patches/v05G_semantic_processing_patch_20260701_113851/app/main.py;backup_before_v05m_recovery_20260702_091828/scripts/apply_direct_route_fix.py;backups/code_before_v06i_nav_crawl_20260706_162150/scripts/apply_direct_route_fix.py;scripts/apply_direct_route_fix.py;backups/code_before_v06e_20260706_115352/app/main.py;backups/code_before_v06e_20260706_115352/scripts/apply_direct_route_fix.py;patches/v05M-R_异常中断恢复模板乱码与全站回归修复_完整覆盖补丁_staging/app/main.py;patches/v05M-R_异常中断恢复模板乱码与全站回归修复_完整覆盖补丁_staging/scripts/apply_direct_route_fix.py;backups/code_before_v06i_intelligence_20260706_151858/scripts/apply_direct_route_fix.py;backup_before_v05m_recovery_20260702_091828/app/main.py;patches/v05M_全站产品化收口中文化入口整合与核心流程重构_完整覆盖补丁_staging/app/main.py,13
/analyze/paste/preview,patches/v05F_multisource_collection_patch_20260701_093910/app/main.py;app/main.py;patches/v05G_semantic_processing_patch_20260701_113851/app/main.py;backup_before_v05m_recovery_20260702_091828/scripts/apply_direct_route_fix.py;backups/code_before_v06i_nav_crawl_20260706_162150/scripts/apply_direct_route_fix.py;scripts/apply_direct_route_fix.py;backups/code_before_v06e_20260706_115352/app/main.py;backups/code_before_v06e_20260706_115352/scripts/apply_direct_route_fix.py;patches/v05M-R_异常中断恢复模板乱码与全站回归修复_完整覆盖补丁_staging/app/main.py;patches/v05M-R_异常中断恢复模板乱码与全站回归修复_完整覆盖补丁_staging/scripts/apply_direct_route_fix.py;backups/code_before_v06i_intelligence_20260706_151858/scripts/apply_direct_route_fix.py;backup_before_v05m_recovery_20260702_091828/app/main.py;patches/v05M_全站产品化收口中文化入口整合与核心流程重构_完整覆盖补丁_staging/app/main.py,13
/api/ingest,app/v04c1_ingestion.py;backup_before_v05m_recovery_20260702_091828/app/v04c1_ingestion.py;patches/v05M-R_异常中断恢复模板乱码与全站回归修复_完整覆盖补丁_staging/app/v04c1_ingestion.py;backups/code_before_v06e_20260706_115352/app/v04c1_ingestion.py,4
/api/items/{review_item_id},app/v04c_review.py;backups/code_before_v06e_20260706_115352/app/v04c_review.py;patches/v05M-R_异常中断恢复模板乱码与全站回归修复_完整覆盖补丁_staging/app/v04c_review.py;backup_before_v05m_recovery_20260702_091828/app/v04c_review.py,4
/api/runs/{run_id},app/v04db_prestructure.py;patches/v05M-R_异常中断恢复模板乱码与全站回归修复_完整覆盖补丁_staging/app/v04db_prestructure.py;backup_before_v05m_recovery_20260702_091828/app/v04db_prestructure.py;backups/code_before_v06e_20260706_115352/app/v04db_prestructure.py,4
/api/search,backup_before_v05m_recovery_20260702_091828/app/v04e_entity_resolution.py;app/v04e_entity_resolution.py;patches/v05M-R_异常中断恢复模板乱码与全站回归修复_完整覆盖补丁_staging/app/v04e_entity_resolution.py;backups/code_before_v06e_20260706_115352/app/v04e_entity_resolution.py,4
/api/source/{source_record_id},app/v04c1_ingestion.py;backup_before_v05m_recovery_20260702_091828/app/v04c1_ingestion.py;patches/v05M-R_异常中断恢复模板乱码与全站回归修复_完整覆盖补丁_staging/app/v04c1_ingestion.py;backups/code_before_v06e_20260706_115352/app/v04c1_ingestion.py,4
/api/subjects,patches/v05M-R_异常中断恢复模板乱码与全站回归修复_完整覆盖补丁_staging/app/v04d_structuring.py;backup_before_v05m_recovery_20260702_091828/app/v04d_structuring.py;app/v04d_structuring.py;backups/code_before_v06e_20260706_115352/app/v04d_structuring.py,4
/api/sync-approved,app/v04c1_ingestion.py;backup_before_v05m_recovery_20260702_091828/app/v04c1_ingestion.py;patches/v05M-R_异常中断恢复模板乱码与全站回归修复_完整覆盖补丁_staging/app/v04c1_ingestion.py;backups/code_before_v06e_20260706_115352/app/v04c1_ingestion.py,4
/api/tasks/{task_id}/validate,patches/v05M-R_异常中断恢复模板乱码与全站回归修复_完整覆盖补丁_staging/app/v04d_structuring.py;backup_before_v05m_recovery_20260702_091828/app/v04d_structuring.py;app/v04d_structuring.py;backups/code_before_v06e_20260706_115352/app/v04d_structuring.py,4
/api/v1/favorites/toggle,backups/code_before_v06h_20260706_145146/routes_platform.py;backups/code_before_v06e_20260706_115352/app/routes_platform.py;backups/code_before_v06i_intelligence_20260706_151858/routes_platform.py;backups/code_before_v06f_20260706_130354/app/routes_platform.py;backups/code_before_v06i_nav_crawl_20260706_162150/app/routes_platform.py;app/routes_platform.py,6
/api/v1/follows/toggle,backups/code_before_v06h_20260706_145146/routes_platform.py;backups/code_before_v06e_20260706_115352/app/routes_platform.py;backups/code_before_v06i_intelligence_20260706_151858/routes_platform.py;backups/code_before_v06f_20260706_130354/app/routes_platform.py;backups/code_before_v06i_nav_crawl_20260706_162150/app/routes_platform.py;app/routes_platform.py,6
/auth/permissions,app/api/v1/auth.py;backups/code_before_v06e_20260706_115352/app/api/v1/auth.py,2
/auth/roles,app/api/v1/auth.py;backups/code_before_v06e_20260706_115352/app/api/v1/auth.py,2
/batch,app/v04c_review.py;backup_before_v05m_recovery_20260702_091828/app/v04db_prestructure.py;backups/code_before_v06e_20260706_115352/app/v04db_prestructure.py;app/v04db_prestructure.py;patches/v05M-R_异常中断恢复模板乱码与全站回归修复_完整覆盖补丁_staging/app/v04db_prestructure.py;backup_before_v05m_recovery_20260702_091828/app/v04c_review.py;backups/code_before_v06e_20260706_115352/app/v04c_review.py;patches/v05M-R_异常中断恢复模板乱码与全站回归修复_完整覆盖补丁_staging/app/v04c_review.py,8
/bootstrap,app/api/v1/client.py;backups/code_before_v06e_20260706_115352/app/api/v1/client.py,2
/candidate/{candidate_id},backup_before_v05m_recovery_20260702_091828/app/v04e_entity_resolution.py;app/v04e_entity_resolution.py;patches/v05M-R_异常中断恢复模板乱码与全站回归修复_完整覆盖补丁_staging/app/v04e_entity_resolution.py;backups/code_before_v06e_20260706_115352/app/v04e_entity_resolution.py,4
/candidate/{candidate_id}/decision,backup_before_v05m_recovery_20260702_091828/app/v04e_entity_resolution.py;app/v04e_entity_resolution.py;patches/v05M-R_异常中断恢复模板乱码与全站回归修复_完整覆盖补丁_staging/app/v04e_entity_resolution.py;backups/code_before_v06e_20260706_115352/app/v04e_entity_resolution.py,4
/candidates,patches/v05M_全站产品化收口中文化入口整合与核心流程重构_完整覆盖补丁_staging/app/api/v1/processing.py;patches/v05M-R_异常中断恢复模板乱码与全站回归修复_完整覆盖补丁_staging/app/api/v1/processing.py;patches/v05G_semantic_processing_patch_20260701_113851/app/api/v1/processing.py;backup_before_v05m_recovery_20260702_091828/app/api/v1/processing.py;app/api/v1/processing.py;backups/code_before_v06e_20260706_115352/app/api/v1/processing.py,6
/candidates/{candidate_id},patches/v05M_全站产品化收口中文化入口整合与核心流程重构_完整覆盖补丁_staging/app/api/v1/processing.py;patches/v05M-R_异常中断恢复模板乱码与全站回归修复_完整覆盖补丁_staging/app/api/v1/processing.py;patches/v05G_semantic_processing_patch_20260701_113851/app/api/v1/processing.py;backup_before_v05m_recovery_20260702_091828/app/api/v1/processing.py;app/api/v1/processing.py;backups/code_before_v06e_20260706_115352/app/api/v1/processing.py,6
/candidates/{candidate_id}/accept,app/v04db_prestructure.py;patches/v05M-R_异常中断恢复模板乱码与全站回归修复_完整覆盖补丁_staging/app/v04db_prestructure.py;backup_before_v05m_recovery_20260702_091828/app/v04db_prestructure.py;backups/code_before_v06e_20260706_115352/app/v04db_prestructure.py,4
/candidates/{candidate_id}/apply,patches/v05M_全站产品化收口中文化入口整合与核心流程重构_完整覆盖补丁_staging/app/api/v1/processing.py;patches/v05M-R_异常中断恢复模板乱码与全站回归修复_完整覆盖补丁_staging/app/api/v1/processing.py;patches/v05G_semantic_processing_patch_20260701_113851/app/api/v1/processing.py;backup_before_v05m_recovery_20260702_091828/app/api/v1/processing.py;app/api/v1/processing.py;backups/code_before_v06e_20260706_115352/app/api/v1/processing.py,6
/candidates/{candidate_id}/reject,app/v04db_prestructure.py;patches/v05M-R_异常中断恢复模板乱码与全站回归修复_完整覆盖补丁_staging/app/v04db_prestructure.py;backup_before_v05m_recovery_20260702_091828/app/v04db_prestructure.py;backups/code_before_v06e_20260706_115352/app/v04db_prestructure.py,4
/candidates/{candidate_id}/review,patches/v05M_全站产品化收口中文化入口整合与核心流程重构_完整覆盖补丁_staging/app/api/v1/processing.py;patches/v05M-R_异常中断恢复模板乱码与全站回归修复_完整覆盖补丁_staging/app/api/v1/processing.py;patches/v05G_semantic_processing_patch_20260701_113851/app/api/v1/processing.py;backup_before_v05m_recovery_20260702_091828/app/api/v1/processing.py;app/api/v1/processing.py;backups/code_before_v06e_20260706_115352/app/api/v1/processing.py,6
/claims,app/v04c_review.py;backups/code_before_v06e_20260706_115352/app/v04c_review.py;patches/v05M-R_异常中断恢复模板乱码与全站回归修复_完整覆盖补丁_staging/app/v04c_review.py;backup_before_v05m_recovery_20260702_091828/app/v04c_review.py,4
/club,backups/code_before_v06e_20260706_115352/app/v04f_operations.py;patches/v05M-R_异常中断恢复模板乱码与全站回归修复_完整覆盖补丁_staging/app/v04f_operations.py;backup_before_v05m_recovery_20260702_091828/app/v04f_operations.py;app/v04f_operations.py,4
/club/admin/applications,backups/code_before_v06e_20260706_115352/app/v04f_operations.py;patches/v05M-R_异常中断恢复模板乱码与全站回归修复_完整覆盖补丁_staging/app/v04f_operations.py;backup_before_v05m_recovery_20260702_091828/app/v04f_operations.py;app/v04f_operations.py,4
/club/admin/applications/{application_id},backups/code_before_v06e_20260706_115352/app/v04f_operations.py;patches/v05M-R_异常中断恢复模板乱码与全站回归修复_完整覆盖补丁_staging/app/v04f_operations.py;backup_before_v05m_recovery_20260702_091828/app/v04f_operations.py;app/v04f_operations.py,4
/club/admin/applications/{application_id}/review,backups/code_before_v06e_20260706_115352/app/v04f_operations.py;patches/v05M-R_异常中断恢复模板乱码与全站回归修复_完整覆盖补丁_staging/app/v04f_operations.py;backup_before_v05m_recovery_20260702_091828/app/v04f_operations.py;app/v04f_operations.py,4
/club/announcements,patches/v05M-R_异常中断恢复模板乱码与全站回归修复_完整覆盖补丁_staging/app/v05d_member_portal.py;backup_before_v05m_recovery_20260702_091828/app/v05d_member_portal.py;backups/code_before_v06e_20260706_115352/app/v05d_member_portal.py;app/v05d_member_portal.py,4
/club/announcements/create,patches/v05M-R_异常中断恢复模板乱码与全站回归修复_完整覆盖补丁_staging/app/v05d_member_portal.py;backup_before_v05m_recovery_20260702_091828/app/v05d_member_portal.py;backups/code_before_v06e_20260706_115352/app/v05d_member_portal.py;app/v05d_member_portal.py,4
/club/announcements/{announcement_id}/publish,patches/v05M-R_异常中断恢复模板乱码与全站回归修复_完整覆盖补丁_staging/app/v05d_member_portal.py;backup_before_v05m_recovery_20260702_091828/app/v05d_member_portal.py;backups/code_before_v06e_20260706_115352/app/v05d_member_portal.py;app/v05d_member_portal.py,4
/club/announcements/{announcement_id}/revoke,patches/v05M-R_异常中断恢复模板乱码与全站回归修复_完整覆盖补丁_staging/app/v05d_member_portal.py;backup_before_v05m_recovery_20260702_091828/app/v05d_member_portal.py;backups/code_before_v06e_20260706_115352/app/v05d_member_portal.py;app/v05d_member_portal.py,4
/club/apply,patches/v05M-R_异常中断恢复模板乱码与全站回归修复_完整覆盖补丁_staging/app/v04f_operations.py;backup_before_v05m_recovery_20260702_091828/app/v04f_operations.py;scripts/verify_v05a.py;backup_before_v05m_recovery_20260702_091828/scripts/verify_v05a.py;backups/code_before_v06i_nav_crawl_20260706_162150/scripts/verify_v05a.py;backups/code_before_v06e_20260706_115352/app/v04f_operations.py;backups/code_before_v06e_20260706_115352/scripts/verify_v05a.py;backups/code_before_v06i_intelligence_20260706_151858/scripts/verify_v05a.py;patches/v05M-R_异常中断恢复模板乱码与全站回归修复_完整覆盖补丁_staging/scripts/verify_v05a.py;app/v04f_operations.py,10
/club/events,backups/code_before_v06e_20260706_115352/app/v05c_club_events.py;patches/v05M-R_异常中断恢复模板乱码与全站回归修复_完整覆盖补丁_staging/app/v05c_club_events.py;app/v05c_club_events.py;backup_before_v05m_recovery_20260702_091828/app/v05c_club_events.py,4
/club/events/create,backups/code_before_v06e_20260706_115352/app/v05c_club_events.py;patches/v05M-R_异常中断恢复模板乱码与全站回归修复_完整覆盖补丁_staging/app/v05c_club_events.py;app/v05c_club_events.py;backup_before_v05m_recovery_20260702_091828/app/v05c_club_events.py,4
/club/events/{club_event_id},backups/code_before_v06e_20260706_115352/app/v05c_club_events.py;patches/v05M-R_异常中断恢复模板乱码与全站回归修复_完整覆盖补丁_staging/app/v05c_club_events.py;app/v05c_club_events.py;backup_before_v05m_recovery_20260702_091828/app/v05c_club_events.py,4
/club/events/{club_event_id}/checkin,backups/code_before_v06e_20260706_115352/app/v05c_club_events.py;patches/v05M-R_异常中断恢复模板乱码与全站回归修复_完整覆盖补丁_staging/app/v05c_club_events.py;app/v05c_club_events.py;backup_before_v05m_recovery_20260702_091828/app/v05c_club_events.py,4
/club/events/{club_event_id}/copy,backups/code_before_v06e_20260706_115352/app/v05c_club_events.py;patches/v05M-R_异常中断恢复模板乱码与全站回归修复_完整覆盖补丁_staging/app/v05c_club_events.py;app/v05c_club_events.py;backup_before_v05m_recovery_20260702_091828/app/v05c_club_events.py,4
/club/events/{club_event_id}/followup-action,backups/code_before_v06e_20260706_115352/app/v05c_club_events.py;patches/v05M-R_异常中断恢复模板乱码与全站回归修复_完整覆盖补丁_staging/app/v05c_club_events.py;app/v05c_club_events.py;backup_before_v05m_recovery_20260702_091828/app/v05c_club_events.py,4
/club/events/{club_event_id}/register,backups/code_before_v06e_20260706_115352/app/v05c_club_events.py;patches/v05M-R_异常中断恢复模板乱码与全站回归修复_完整覆盖补丁_staging/app/v05c_club_events.py;app/v05c_club_events.py;backup_before_v05m_recovery_20260702_091828/app/v05c_club_events.py,4
/club/events/{club_event_id}/registrations,backups/code_before_v06e_20260706_115352/app/v05c_club_events.py;patches/v05M-R_异常中断恢复模板乱码与全站回归修复_完整覆盖补丁_staging/app/v05c_club_events.py;app/v05c_club_events.py;backup_before_v05m_recovery_20260702_091828/app/v05c_club_events.py,4
/club/events/{club_event_id}/registrations.csv,backups/code_before_v06e_20260706_115352/app/v05c_club_events.py;patches/v05M-R_异常中断恢复模板乱码与全站回归修复_完整覆盖补丁_staging/app/v05c_club_events.py;app/v05c_club_events.py;backup_before_v05m_recovery_20260702_091828/app/v05c_club_events.py,4
/club/events/{club_event_id}/registrations/bulk-checkin,backups/code_before_v06e_20260706_115352/app/v05c_club_events.py;patches/v05M-R_异常中断恢复模板乱码与全站回归修复_完整覆盖补丁_staging/app/v05c_club_events.py;app/v05c_club_events.py;backup_before_v05m_recovery_20260702_091828/app/v05c_club_events.py,4
/club/events/{club_event_id}/registrations/{registration_id}/feedback,backups/code_before_v06e_20260706_115352/app/v05c_club_events.py;patches/v05M-R_异常中断恢复模板乱码与全站回归修复_完整覆盖补丁_staging/app/v05c_club_events.py;app/v05c_club_events.py;backup_before_v05m_recovery_20260702_091828/app/v05c_club_events.py,4
/club/events/{club_event_id}/registrations/{registration_id}/review,backups/code_before_v06e_20260706_115352/app/v05c_club_events.py;patches/v05M-R_异常中断恢复模板乱码与全站回归修复_完整覆盖补丁_staging/app/v05c_club_events.py;app/v05c_club_events.py;backup_before_v05m_recovery_20260702_091828/app/v05c_club_events.py,4
/club/events/{club_event_id}/status,backups/code_before_v06e_20260706_115352/app/v05c_club_events.py;patches/v05M-R_异常中断恢复模板乱码与全站回归修复_完整覆盖补丁_staging/app/v05c_club_events.py;app/v05c_club_events.py;backup_before_v05m_recovery_20260702_091828/app/v05c_club_events.py,4
/club/import,app/v05b_member_import.py;backups/code_before_v06e_20260706_115352/app/v05b_member_import.py;patches/v05M-R_异常中断恢复模板乱码与全站回归修复_完整覆盖补丁_staging/app/v05b_member_import.py;backup_before_v05m_recovery_20260702_091828/app/v05b_member_import.py,4
/club/import/file,app/v05b_member_import.py;backups/code_before_v06e_20260706_115352/app/v05b_member_import.py;patches/v05M-R_异常中断恢复模板乱码与全站回归修复_完整覆盖补丁_staging/app/v05b_member_import.py;backup_before_v05m_recovery_20260702_091828/app/v05b_member_import.py,4
/club/import/jobs/{job_id},app/v05b_member_import.py;backups/code_before_v06e_20260706_115352/app/v05b_member_import.py;patches/v05M-R_异常中断恢复模板乱码与全站回归修复_完整覆盖补丁_staging/app/v05b_member_import.py;backup_before_v05m_recovery_20260702_091828/app/v05b_member_import.py,4
/club/import/jobs/{job_id}/drafts/{draft_id}/avatar,app/v05b_member_import.py;backups/code_before_v06e_20260706_115352/app/v05b_member_import.py;patches/v05M-R_异常中断恢复模板乱码与全站回归修复_完整覆盖补丁_staging/app/v05b_member_import.py;backup_before_v05m_recovery_20260702_091828/app/v05b_member_import.py,4
/club/import/jobs/{job_id}/save,app/v05b_member_import.py;backups/code_before_v06e_20260706_115352/app/v05b_member_import.py;patches/v05M-R_异常中断恢复模板乱码与全站回归修复_完整覆盖补丁_staging/app/v05b_member_import.py;backup_before_v05m_recovery_20260702_091828/app/v05b_member_import.py,4
/club/import/jobs/{job_id}/web-images,app/v05b_member_import.py;backups/code_before_v06e_20260706_115352/app/v05b_member_import.py;patches/v05M-R_异常中断恢复模板乱码与全站回归修复_完整覆盖补丁_staging/app/v05b_member_import.py;backup_before_v05m_recovery_20260702_091828/app/v05b_member_import.py,4
/club/import/jobs/{job_id}/web-images/{candidate_id}/assign,app/v05b_member_import.py;backups/code_before_v06e_20260706_115352/app/v05b_member_import.py;patches/v05M-R_异常中断恢复模板乱码与全站回归修复_完整覆盖补丁_staging/app/v05b_member_import.py;backup_before_v05m_recovery_20260702_091828/app/v05b_member_import.py,4
/club/import/template.xlsx,app/v05b_member_import.py;backups/code_before_v06e_20260706_115352/app/v05b_member_import.py;patches/v05M-R_异常中断恢复模板乱码与全站回归修复_完整覆盖补丁_staging/app/v05b_member_import.py;backup_before_v05m_recovery_20260702_091828/app/v05b_member_import.py,4
/club/import/text,app/v05b_member_import.py;backups/code_before_v06e_20260706_115352/app/v05b_member_import.py;patches/v05M-R_异常中断恢复模板乱码与全站回归修复_完整覆盖补丁_staging/app/v05b_member_import.py;backup_before_v05m_recovery_20260702_091828/app/v05b_member_import.py,4
/club/matches,backups/code_before_v06e_20260706_115352/app/v04f_operations.py;patches/v05M-R_异常中断恢复模板乱码与全站回归修复_完整覆盖补丁_staging/app/v04f_operations.py;backup_before_v05m_recovery_20260702_091828/app/v04f_operations.py;app/v04f_operations.py,4
/club/matches/generate,backups/code_before_v06e_20260706_115352/app/v04f_operations.py;patches/v05M-R_异常中断恢复模板乱码与全站回归修复_完整覆盖补丁_staging/app/v04f_operations.py;backup_before_v05m_recovery_20260702_091828/app/v04f_operations.py;app/v04f_operations.py,4
/club/matches/{match_id}/action,backups/code_before_v06e_20260706_115352/app/v04f_operations.py;patches/v05M-R_异常中断恢复模板乱码与全站回归修复_完整覆盖补丁_staging/app/v04f_operations.py;backup_before_v05m_recovery_20260702_091828/app/v04f_operations.py;app/v04f_operations.py,4
/club/matches/{match_id}/status,backups/code_before_v06e_20260706_115352/app/v04f_operations.py;patches/v05M-R_异常中断恢复模板乱码与全站回归修复_完整覆盖补丁_staging/app/v04f_operations.py;backup_before_v05m_recovery_20260702_091828/app/v04f_operations.py;app/v04f_operations.py,4
/club/media/{asset_id},app/v05b_member_import.py;backups/code_before_v06e_20260706_115352/app/v05b_member_import.py;patches/v05M-R_异常中断恢复模板乱码与全站回归修复_完整覆盖补丁_staging/app/v05b_member_import.py;backup_before_v05m_recovery_20260702_091828/app/v05b_member_import.py,4
/club/member-accounts,patches/v05M-R_异常中断恢复模板乱码与全站回归修复_完整覆盖补丁_staging/app/v05d_member_portal.py;backup_before_v05m_recovery_20260702_091828/app/v05d_member_portal.py;backups/code_before_v06e_20260706_115352/app/v05d_member_portal.py;app/v05d_member_portal.py,4
/club/member-accounts/{account_id}/status,patches/v05M-R_异常中断恢复模板乱码与全站回归修复_完整覆盖补丁_staging/app/v05d_member_portal.py;backup_before_v05m_recovery_20260702_091828/app/v05d_member_portal.py;backups/code_before_v06e_20260706_115352/app/v05d_member_portal.py;app/v05d_member_portal.py,4
/club/member-content,patches/v05M-R_异常中断恢复模板乱码与全站回归修复_完整覆盖补丁_staging/app/v05d_member_portal.py;backup_before_v05m_recovery_20260702_091828/app/v05d_member_portal.py;backups/code_before_v06e_20260706_115352/app/v05d_member_portal.py;app/v05d_member_portal.py,4
/club/member-content/{request_id}/review,patches/v05M-R_异常中断恢复模板乱码与全站回归修复_完整覆盖补丁_staging/app/v05d_member_portal.py;backup_before_v05m_recovery_20260702_091828/app/v05d_member_portal.py;backups/code_before_v06e_20260706_115352/app/v05d_member_portal.py;app/v05d_member_portal.py,4
/club/members,backups/code_before_v06e_20260706_115352/app/v04f_operations.py;patches/v05M-R_异常中断恢复模板乱码与全站回归修复_完整覆盖补丁_staging/app/v04f_operations.py;backup_before_v05m_recovery_20260702_091828/app/v04f_operations.py;app/v04f_operations.py,4
/club/members.csv,backups/code_before_v06e_20260706_115352/app/v04f_operations.py;patches/v05M-R_异常中断恢复模板乱码与全站回归修复_完整覆盖补丁_staging/app/v04f_operations.py;backup_before_v05m_recovery_20260702_091828/app/v04f_operations.py;app/v04f_operations.py,4
/club/members/{member_id},backups/code_before_v06e_20260706_115352/app/v04f_operations.py;patches/v05M-R_异常中断恢复模板乱码与全站回归修复_完整覆盖补丁_staging/app/v04f_operations.py;backup_before_v05m_recovery_20260702_091828/app/v04f_operations.py;app/v04f_operations.py,4
/club/members/{member_id}/avatar,app/v05b_member_import.py;backups/code_before_v06e_20260706_115352/app/v05b_member_import.py;patches/v05M-R_异常中断恢复模板乱码与全站回归修复_完整覆盖补丁_staging/app/v05b_member_import.py;backup_before_v05m_recovery_20260702_091828/app/v05b_member_import.py,4
/club/members/{member_id}/invite-account,patches/v05M-R_异常中断恢复模板乱码与全站回归修复_完整覆盖补丁_staging/app/v05d_member_portal.py;backup_before_v05m_recovery_20260702_091828/app/v05d_member_portal.py;backups/code_before_v06e_20260706_115352/app/v05d_member_portal.py;app/v05d_member_portal.py,4
/club/members/{member_id}/needs,backups/code_before_v06e_20260706_115352/app/v04f_operations.py;patches/v05M-R_异常中断恢复模板乱码与全站回归修复_完整覆盖补丁_staging/app/v04f_operations.py;backup_before_v05m_recovery_20260702_091828/app/v04f_operations.py;app/v04f_operations.py,4
/club/members/{member_id}/offerings,backups/code_before_v06e_20260706_115352/app/v04f_operations.py;patches/v05M-R_异常中断恢复模板乱码与全站回归修复_完整覆盖补丁_staging/app/v04f_operations.py;backup_before_v05m_recovery_20260702_091828/app/v04f_operations.py;app/v04f_operations.py,4
/club/members/{member_id}/person-link,backups/code_before_v06e_20260706_115352/app/v04f_operations.py;app/v04f_operations.py,2
/club/members/{member_id}/person-unlink,backups/code_before_v06e_20260706_115352/app/v04f_operations.py;app/v04f_operations.py,2
/club/members/{member_id}/user-link,backups/code_before_v06e_20260706_115352/app/v04f_operations.py;app/v04f_operations.py,2
/club/members/{member_id}/user-unlink,backups/code_before_v06e_20260706_115352/app/v04f_operations.py;app/v04f_operations.py,2
/club/profile-changes,patches/v05M-R_异常中断恢复模板乱码与全站回归修复_完整覆盖补丁_staging/app/v05d_member_portal.py;backup_before_v05m_recovery_20260702_091828/app/v05d_member_portal.py;backups/code_before_v06e_20260706_115352/app/v05d_member_portal.py;app/v05d_member_portal.py,4
/club/profile-changes/{change_id}/review,patches/v05M-R_异常中断恢复模板乱码与全站回归修复_完整覆盖补丁_staging/app/v05d_member_portal.py;backup_before_v05m_recovery_20260702_091828/app/v05d_member_portal.py;backups/code_before_v06e_20260706_115352/app/v05d_member_portal.py;app/v05d_member_portal.py,4
/club/registrations,backups/code_before_v06e_20260706_115352/app/v05c_club_events.py;patches/v05M-R_异常中断恢复模板乱码与全站回归修复_完整覆盖补丁_staging/app/v05c_club_events.py;app/v05c_club_events.py;backup_before_v05m_recovery_20260702_091828/app/v05c_club_events.py,4
/collection,patches/v05F_multisource_collection_patch_20260701_093910/app/v05f_collection.py;app/v05f_collection.py;backups/code_before_v06e_20260706_115352/app/v05f_collection.py;patches/v05M-R_异常中断恢复模板乱码与全站回归修复_完整覆盖补丁_staging/app/v05f_collection.py;backup_before_v05m_recovery_20260702_091828/app/v05f_collection.py,5
/collection/items,patches/v05F_multisource_collection_patch_20260701_093910/app/v05f_collection.py;app/v05f_collection.py;backups/code_before_v06e_20260706_115352/app/v05f_collection.py;patches/v05M-R_异常中断恢复模板乱码与全站回归修复_完整覆盖补丁_staging/app/v05f_collection.py;backup_before_v05m_recovery_20260702_091828/app/v05f_collection.py,5
/collection/items/{item_id},patches/v05F_multisource_collection_patch_20260701_093910/app/v05f_collection.py;app/v05f_collection.py;backups/code_before_v06e_20260706_115352/app/v05f_collection.py;patches/v05M-R_异常中断恢复模板乱码与全站回归修复_完整覆盖补丁_staging/app/v05f_collection.py;backup_before_v05m_recovery_20260702_091828/app/v05f_collection.py,5
/collection/jobs,patches/v05F_multisource_collection_patch_20260701_093910/app/v05f_collection.py;app/v05f_collection.py;backups/code_before_v06e_20260706_115352/app/v05f_collection.py;patches/v05M-R_异常中断恢复模板乱码与全站回归修复_完整覆盖补丁_staging/app/v05f_collection.py;backup_before_v05m_recovery_20260702_091828/app/v05f_collection.py,5
/collection/jobs/{job_id}/run,patches/v05F_multisource_collection_patch_20260701_093910/app/v05f_collection.py;app/v05f_collection.py;backups/code_before_v06e_20260706_115352/app/v05f_collection.py;patches/v05M-R_异常中断恢复模板乱码与全站回归修复_完整覆盖补丁_staging/app/v05f_collection.py;backup_before_v05m_recovery_20260702_091828/app/v05f_collection.py,5
/collection/snapshots/{snapshot_id},patches/v05F_multisource_collection_patch_20260701_093910/app/v05f_collection.py;app/v05f_collection.py;backups/code_before_v06e_20260706_115352/app/v05f_collection.py;patches/v05M-R_异常中断恢复模板乱码与全站回归修复_完整覆盖补丁_staging/app/v05f_collection.py;backup_before_v05m_recovery_20260702_091828/app/v05f_collection.py,5
/collection/sources,patches/v05F_multisource_collection_patch_20260701_093910/app/v05f_collection.py;app/v05f_collection.py;backups/code_before_v06e_20260706_115352/app/v05f_collection.py;patches/v05M-R_异常中断恢复模板乱码与全站回归修复_完整覆盖补丁_staging/app/v05f_collection.py;backup_before_v05m_recovery_20260702_091828/app/v05f_collection.py,5
/collection/sources/batch-run,patches/v05F_multisource_collection_patch_20260701_093910/app/v05f_collection.py;app/v05f_collection.py;backups/code_before_v06e_20260706_115352/app/v05f_collection.py;patches/v05M-R_异常中断恢复模板乱码与全站回归修复_完整覆盖补丁_staging/app/v05f_collection.py;backup_before_v05m_recovery_20260702_091828/app/v05f_collection.py,5
/collection/sources/{source_id},patches/v05F_multisource_collection_patch_20260701_093910/app/v05f_collection.py;app/v05f_collection.py;backups/code_before_v06e_20260706_115352/app/v05f_collection.py;patches/v05M-R_异常中断恢复模板乱码与全站回归修复_完整覆盖补丁_staging/app/v05f_collection.py;backup_before_v05m_recovery_20260702_091828/app/v05f_collection.py,5
/collection/sources/{source_id}/run,patches/v05F_multisource_collection_patch_20260701_093910/app/v05f_collection.py;app/v05f_collection.py;backups/code_before_v06e_20260706_115352/app/v05f_collection.py;patches/v05M-R_异常中断恢复模板乱码与全站回归修复_完整覆盖补丁_staging/app/v05f_collection.py;backup_before_v05m_recovery_20260702_091828/app/v05f_collection.py,5
/companies/compare,patches/v05M-R_异常中断恢复模板乱码与全站回归修复_完整覆盖补丁_staging/app/api/v1/research.py;backup_before_v05m_recovery_20260702_091828/app/api/v1/research.py;backups/code_before_v06e_20260706_115352/app/api/v1/research.py;app/api/v1/research.py,4
/companies/compare/report,patches/v05M-R_异常中断恢复模板乱码与全站回归修复_完整覆盖补丁_staging/app/api/v1/research.py;backup_before_v05m_recovery_20260702_091828/app/api/v1/research.py;backups/code_before_v06e_20260706_115352/app/api/v1/research.py;app/api/v1/research.py,4
/dashboard,app/api/v1/dashboard.py;patches/v05M_全站产品化收口中文化入口整合与核心流程重构_完整覆盖补丁_staging/app/api/v1/processing.py;backup_before_v05m_recovery_20260702_091828/app/api/v1/signals.py;patches/v05G_semantic_processing_patch_20260701_113851/app/api/v1/processing.py;backup_before_v05m_recovery_20260702_091828/app/api/v1/processing.py;backups/code_before_v06e_20260706_115352/app/api/v1/dashboard.py;backup_before_v05m_recovery_20260702_091828/app/api/v1/collection.py;patches/v05M_全站产品化收口中文化入口整合与核心流程重构_完整覆盖补丁_staging/app/api/v1/collection.py;patches/v05M_全站产品化收口中文化入口整合与核心流程重构_完整覆盖补丁_staging/app/api/v1/pipeline.py;patches/v05M-R_异常中断恢复模板乱码与全站回归修复_完整覆盖补丁_staging/app/api/v1/collection.py;backups/code_before_v06e_20260706_115352/app/api/v1/pipeline.py;backups/code_before_v06e_20260706_115352/app/api/v1/signals.py;app/api/v1/signals.py;patches/v05M-R_异常中断恢复模板乱码与全站回归修复_完整覆盖补丁_staging/app/api/v1/pipeline.py;app/api/v1/collection.py;app/api/v1/pipeline.py;patches/v05F_multisource_collection_patch_20260701_093910/app/api/v1/collection.py;patches/v05M-R_异常中断恢复模板乱码与全站回归修复_完整覆盖补丁_staging/app/api/v1/signals.py;backups/code_before_v06e_20260706_115352/app/api/v1/processing.py;backups/code_before_v06e_20260706_115352/app/api/v1/collection.py;patches/v05M-R_异常中断恢复模板乱码与全站回归修复_完整覆盖补丁_staging/app/api/v1/dashboard.py;patches/v05M-R_异常中断恢复模板乱码与全站回归修复_完整覆盖补丁_staging/app/api/v1/processing.py;app/api/v1/processing.py;backup_before_v05m_recovery_20260702_091828/app/api/v1/pipeline.py;backup_before_v05m_recovery_20260702_091828/app/api/v1/dashboard.py,25
/entity/{subject_type}/{external_id},backup_before_v05m_recovery_20260702_091828/app/v04e_entity_resolution.py;app/v04e_entity_resolution.py;patches/v05M-R_异常中断恢复模板乱码与全站回归修复_完整覆盖补丁_staging/app/v04e_entity_resolution.py;backups/code_before_v06e_20260706_115352/app/v04e_entity_resolution.py,4
/events,patches/v05F_multisource_collection_patch_20260701_093910/app/main.py;app/main.py;backups/code_before_v06e_20260706_115352/app/main.py;patches/v05M-R_异常中断恢复模板乱码与全站回归修复_完整覆盖补丁_staging/app/api/v1/events.py;patches/v05M-R_异常中断恢复模板乱码与全站回归修复_完整覆盖补丁_staging/app/main.py;backups/code_before_v06e_20260706_115352/app/api/v1/events.py;app/api/v1/events.py;backup_before_v05m_recovery_20260702_091828/app/api/v1/events.py;patches/v05M_全站产品化收口中文化入口整合与核心流程重构_完整覆盖补丁_staging/app/main.py;backup_before_v05m_recovery_20260702_091828/app/main.py;patches/v05G_semantic_processing_patch_20260701_113851/app/main.py,11
/events/{event_id},app/api/v1/events.py;patches/v05M-R_异常中断恢复模板乱码与全站回归修复_完整覆盖补丁_staging/app/api/v1/events.py;backup_before_v05m_recovery_20260702_091828/app/api/v1/events.py;backups/code_before_v06e_20260706_115352/app/api/v1/events.py,4
/events/{item_id},patches/v05F_multisource_collection_patch_20260701_093910/app/main.py;app/main.py;backups/code_before_v06e_20260706_115352/app/main.py;patches/v05M-R_异常中断恢复模板乱码与全站回归修复_完整覆盖补丁_staging/app/main.py;patches/v05M_全站产品化收口中文化入口整合与核心流程重构_完整覆盖补丁_staging/app/main.py;backup_before_v05m_recovery_20260702_091828/app/main.py;patches/v05G_semantic_processing_patch_20260701_113851/app/main.py,7
/extract/{source_record_id},app/v04db_prestructure.py;patches/v05M-R_异常中断恢复模板乱码与全站回归修复_完整覆盖补丁_staging/app/v04db_prestructure.py;backup_before_v05m_recovery_20260702_091828/app/v04db_prestructure.py;backups/code_before_v06e_20260706_115352/app/v04db_prestructure.py,4
/generate-from-events,patches/v05M-R_异常中断恢复模板乱码与全站回归修复_完整覆盖补丁_staging/app/api/v1/signals.py;backup_before_v05m_recovery_20260702_091828/app/api/v1/signals.py;app/api/v1/signals.py;backups/code_before_v06e_20260706_115352/app/api/v1/signals.py,4
/health,patches/v05F_multisource_collection_patch_20260701_093910/app/main.py;app/v04e_entity_resolution.py;backups/code_before_v06e_20260706_115352/app/v04db_prestructure.py;patches/v05M-R_异常中断恢复模板乱码与全站回归修复_完整覆盖补丁_staging/app/api/v1/router.py;app/v04db_prestructure.py;patches/v05M-R_异常中断恢复模板乱码与全站回归修复_完整覆盖补丁_staging/app/main.py;backup_before_v05m_recovery_20260702_091828/app/v04c_review.py;backup_before_v05m_recovery_20260702_091828/app/api/v1/router.py;app/main.py;patches/v05M-R_异常中断恢复模板乱码与全站回归修复_完整覆盖补丁_staging/app/api/v1/system.py;backup_before_v05m_recovery_20260702_091828/app/v04c1_ingestion.py;backups/code_before_v06e_20260706_115352/app/v04d_structuring.py;patches/v05M-R_异常中断恢复模板乱码与全站回归修复_完整覆盖补丁_staging/app/v04e_entity_resolution.py;backup_before_v05m_recovery_20260702_091828/app/main.py;app/api/v1/system.py;patches/v05M-R_异常中断恢复模板乱码与全站回归修复_完整覆盖补丁_staging/app/v04c_review.py;backups/code_before_v06e_20260706_115352/app/api/v1/system.py;app/v04d_structuring.py;backup_before_v05m_recovery_20260702_091828/app/v04db_prestructure.py;backups/code_before_v06e_20260706_115352/app/v04c1_ingestion.py;patches/v05G_semantic_processing_patch_20260701_113851/app/api/v1/router.py;backup_before_v05m_recovery_20260702_091828/app/api/v1/system.py;backups/code_before_v06e_20260706_115352/app/v04e_entity_resolution.py;backup_before_v05m_recovery_20260702_091828/app/v04d_structuring.py;backups/code_before_v06e_20260706_115352/app/v04c_review.py;patches/v05M_全站产品化收口中文化入口整合与核心流程重构_完整覆盖补丁_staging/app/main.py;app/v04c_review.py;app/v04c1_ingestion.py;patches/v05M-R_异常中断恢复模板乱码与全站回归修复_完整覆盖补丁_staging/app/v04c1_ingestion.py;backups/code_before_v06e_20260706_115352/app/api/v1/router.py;backups/code_before_v06e_20260706_115352/app/main.py;app/api/v1/router.py;patches/v05M-R_异常中断恢复模板乱码与全站回归修复_完整覆盖补丁_staging/app/v04db_prestructure.py;backup_before_v05m_recovery_20260702_091828/app/v04e_entity_resolution.py;patches/v05M-R_异常中断恢复模板乱码与全站回归修复_完整覆盖补丁_staging/app/v04d_structuring.py;patches/v05F_multisource_collection_patch_20260701_093910/app/api/v1/router.py;patches/v05G_semantic_processing_patch_20260701_113851/app/main.py,37
/identity/link-requests/{request_id}/approve,backups/code_before_v06e_20260706_115352/app/api/v1/identity.py;app/api/v1/identity.py,2
/identity/link-requests/{request_id}/reject,backups/code_before_v06e_20260706_115352/app/api/v1/identity.py;app/api/v1/identity.py,2
/identity/users/{user_id}/person-link,backups/code_before_v06e_20260706_115352/app/api/v1/identity.py;app/api/v1/identity.py,2
/import-table,app/v04c1_ingestion.py;backup_before_v05m_recovery_20260702_091828/app/v04c1_ingestion.py;patches/v05M-R_异常中断恢复模板乱码与全站回归修复_完整覆盖补丁_staging/app/v04c1_ingestion.py;backups/code_before_v06e_20260706_115352/app/v04c1_ingestion.py,4
/imports,patches/v05F_multisource_collection_patch_20260701_093910/app/main.py;app/main.py;backups/code_before_v06e_20260706_115352/app/main.py;patches/v05M-R_异常中断恢复模板乱码与全站回归修复_完整覆盖补丁_staging/app/main.py;patches/v05M_全站产品化收口中文化入口整合与核心流程重构_完整覆盖补丁_staging/app/main.py;backup_before_v05m_recovery_20260702_091828/app/main.py;patches/v05G_semantic_processing_patch_20260701_113851/app/main.py,7
/intelligence,patches/v05F_multisource_collection_patch_20260701_093910/app/main.py;patches/v05M-R_异常中断恢复模板乱码与全站回归修复_完整覆盖补丁_staging/app/api/v1/intelligence.py;app/api/v1/intelligence.py;backups/code_before_v06h_20260706_145146/routes_platform.py;backups/code_before_v06e_20260706_115352/app/api/v1/intelligence.py;backups/code_before_v06e_20260706_115352/app/routes_platform.py;patches/v05M-R_异常中断恢复模板乱码与全站回归修复_完整覆盖补丁_staging/app/main.py;backup_before_v05m_recovery_20260702_091828/app/api/v1/intelligence.py;backups/code_before_v06i_intelligence_20260706_151858/routes_platform.py;backups/code_before_v06f_20260706_130354/app/routes_platform.py;patches/v05M_全站产品化收口中文化入口整合与核心流程重构_完整覆盖补丁_staging/app/main.py;backups/code_before_v06i_nav_crawl_20260706_162150/app/routes_platform.py;backup_before_v05m_recovery_20260702_091828/app/main.py;app/routes_platform.py;patches/v05G_semantic_processing_patch_20260701_113851/app/main.py,15
/intelligence/dashboard,backups/code_before_v06e_20260706_115352/app/v05e_intelligence.py;app/v05e_intelligence.py;backup_before_v05m_recovery_20260702_091828/app/v05e_intelligence.py;patches/v05M-R_异常中断恢复模板乱码与全站回归修复_完整覆盖补丁_staging/app/v05e_intelligence.py,4
/intelligence/legacy,app/main.py;backups/code_before_v06e_20260706_115352/app/main.py,2
/intelligence/legacy/{item_id:int},app/main.py;backups/code_before_v06e_20260706_115352/app/main.py,2
/intelligence/legacy/{item_id:int}/delete,app/main.py;backups/code_before_v06e_20260706_115352/app/main.py,2
/intelligence/legacy/{item_id:int}/status,app/main.py;backups/code_before_v06e_20260706_115352/app/main.py,2
/intelligence/monitoring,patches/v05M-R_异常中断恢复模板乱码与全站回归修复_完整覆盖补丁_staging/app/v04g_monitoring.py;backup_before_v05m_recovery_20260702_091828/app/v04g_monitoring.py;app/v04g_monitoring.py;backups/code_before_v06e_20260706_115352/app/v04g_monitoring.py,4
/intelligence/monitoring/proposals,patches/v05M-R_异常中断恢复模板乱码与全站回归修复_完整覆盖补丁_staging/app/v04g_monitoring.py;backup_before_v05m_recovery_20260702_091828/app/v04g_monitoring.py;app/v04g_monitoring.py;backups/code_before_v06e_20260706_115352/app/v04g_monitoring.py,4
/intelligence/monitoring/proposals/{proposal_id}/review,patches/v05M-R_异常中断恢复模板乱码与全站回归修复_完整覆盖补丁_staging/app/v04g_monitoring.py;backup_before_v05m_recovery_20260702_091828/app/v04g_monitoring.py;app/v04g_monitoring.py;backups/code_before_v06e_20260706_115352/app/v04g_monitoring.py,4
/intelligence/monitoring/runs,patches/v05M-R_异常中断恢复模板乱码与全站回归修复_完整覆盖补丁_staging/app/v04g_monitoring.py;backup_before_v05m_recovery_20260702_091828/app/v04g_monitoring.py;app/v04g_monitoring.py;backups/code_before_v06e_20260706_115352/app/v04g_monitoring.py,4
/intelligence/monitoring/snapshots/{snapshot_id},patches/v05M-R_异常中断恢复模板乱码与全站回归修复_完整覆盖补丁_staging/app/v04g_monitoring.py;backup_before_v05m_recovery_20260702_091828/app/v04g_monitoring.py;app/v04g_monitoring.py;backups/code_before_v06e_20260706_115352/app/v04g_monitoring.py,4
/intelligence/monitoring/sources,patches/v05M-R_异常中断恢复模板乱码与全站回归修复_完整覆盖补丁_staging/app/v04g_monitoring.py;backup_before_v05m_recovery_20260702_091828/app/v04g_monitoring.py;app/v04g_monitoring.py;backups/code_before_v06e_20260706_115352/app/v04g_monitoring.py,4
/intelligence/monitoring/sources/batch-run,patches/v05M-R_异常中断恢复模板乱码与全站回归修复_完整覆盖补丁_staging/app/v04g_monitoring.py;backup_before_v05m_recovery_20260702_091828/app/v04g_monitoring.py;app/v04g_monitoring.py;backups/code_before_v06e_20260706_115352/app/v04g_monitoring.py,4
/intelligence/monitoring/sources/{source_id}/run,patches/v05M-R_异常中断恢复模板乱码与全站回归修复_完整覆盖补丁_staging/app/v04g_monitoring.py;backup_before_v05m_recovery_20260702_091828/app/v04g_monitoring.py;app/v04g_monitoring.py;backups/code_before_v06e_20260706_115352/app/v04g_monitoring.py,4
/intelligence/new,patches/v05F_multisource_collection_patch_20260701_093910/app/main.py;app/main.py;backups/code_before_v06e_20260706_115352/app/main.py;patches/v05M-R_异常中断恢复模板乱码与全站回归修复_完整覆盖补丁_staging/app/main.py;patches/v05M_全站产品化收口中文化入口整合与核心流程重构_完整覆盖补丁_staging/app/main.py;backup_before_v05m_recovery_20260702_091828/app/main.py;patches/v05G_semantic_processing_patch_20260701_113851/app/main.py,7
/intelligence/operations,backups/code_before_v06h_20260706_145146/routes_platform.py;backups/code_before_v06i_intelligence_20260706_151858/routes_platform.py;backups/code_before_v06f_20260706_130354/app/routes_platform.py;backups/code_before_v06i_nav_crawl_20260706_162150/app/routes_platform.py;app/routes_platform.py,5
/intelligence/subscriptions,backups/code_before_v06h_20260706_145146/routes_platform.py;backups/code_before_v06e_20260706_115352/app/routes_platform.py;backups/code_before_v06i_intelligence_20260706_151858/routes_platform.py;backups/code_before_v06f_20260706_130354/app/routes_platform.py;backups/code_before_v06i_nav_crawl_20260706_162150/app/routes_platform.py;app/routes_platform.py,6
/intelligence/subscriptions/save,backups/code_before_v06h_20260706_145146/routes_platform.py;backups/code_before_v06e_20260706_115352/app/routes_platform.py;backups/code_before_v06i_intelligence_20260706_151858/routes_platform.py;backups/code_before_v06f_20260706_130354/app/routes_platform.py;backups/code_before_v06i_nav_crawl_20260706_162150/app/routes_platform.py;app/routes_platform.py,6
/intelligence/{item_id:int},backups/code_before_v06h_20260706_145146/routes_platform.py;backups/code_before_v06e_20260706_115352/app/routes_platform.py;backups/code_before_v06i_intelligence_20260706_151858/routes_platform.py;backups/code_before_v06f_20260706_130354/app/routes_platform.py;backups/code_before_v06i_nav_crawl_20260706_162150/app/routes_platform.py;app/routes_platform.py,6
/intelligence/{item_id},patches/v05F_multisource_collection_patch_20260701_093910/app/main.py;patches/v05M-R_异常中断恢复模板乱码与全站回归修复_完整覆盖补丁_staging/app/api/v1/intelligence.py;app/api/v1/intelligence.py;backups/code_before_v06e_20260706_115352/app/api/v1/intelligence.py;patches/v05M-R_异常中断恢复模板乱码与全站回归修复_完整覆盖补丁_staging/app/main.py;backup_before_v05m_recovery_20260702_091828/app/api/v1/intelligence.py;patches/v05M_全站产品化收口中文化入口整合与核心流程重构_完整覆盖补丁_staging/app/main.py;backup_before_v05m_recovery_20260702_091828/app/main.py;patches/v05G_semantic_processing_patch_20260701_113851/app/main.py,9
/intelligence/{item_id}/delete,patches/v05F_multisource_collection_patch_20260701_093910/app/main.py;patches/v05M-R_异常中断恢复模板乱码与全站回归修复_完整覆盖补丁_staging/app/main.py;patches/v05M_全站产品化收口中文化入口整合与核心流程重构_完整覆盖补丁_staging/app/main.py;backup_before_v05m_recovery_20260702_091828/app/main.py;patches/v05G_semantic_processing_patch_20260701_113851/app/main.py,5
/intelligence/{item_id}/status,patches/v05F_multisource_collection_patch_20260701_093910/app/main.py;patches/v05M-R_异常中断恢复模板乱码与全站回归修复_完整覆盖补丁_staging/app/main.py;patches/v05M_全站产品化收口中文化入口整合与核心流程重构_完整覆盖补丁_staging/app/main.py;backup_before_v05m_recovery_20260702_091828/app/main.py;patches/v05G_semantic_processing_patch_20260701_113851/app/main.py,5
/items,app/v04c_review.py;backups/code_before_v06e_20260706_115352/app/api/v1/collection.py;patches/v05M-R_异常中断恢复模板乱码与全站回归修复_完整覆盖补丁_staging/app/api/v1/collection.py;backups/code_before_v06e_20260706_115352/app/v04c_review.py;backup_before_v05m_recovery_20260702_091828/app/v04c_review.py;backup_before_v05m_recovery_20260702_091828/app/api/v1/collection.py;app/api/v1/collection.py;patches/v05F_multisource_collection_patch_20260701_093910/app/api/v1/collection.py;patches/v05M-R_异常中断恢复模板乱码与全站回归修复_完整覆盖补丁_staging/app/v04c_review.py;patches/v05M_全站产品化收口中文化入口整合与核心流程重构_完整覆盖补丁_staging/app/api/v1/collection.py,10
/items/batch-queue,backups/code_before_v06e_20260706_115352/app/api/v1/collection.py;patches/v05M-R_异常中断恢复模板乱码与全站回归修复_完整覆盖补丁_staging/app/api/v1/collection.py;app/api/v1/collection.py;patches/v05F_multisource_collection_patch_20260701_093910/app/api/v1/collection.py;backup_before_v05m_recovery_20260702_091828/app/api/v1/collection.py;patches/v05M_全站产品化收口中文化入口整合与核心流程重构_完整覆盖补丁_staging/app/api/v1/collection.py,6
/items/{item_id},backups/code_before_v06e_20260706_115352/app/api/v1/collection.py;patches/v05M-R_异常中断恢复模板乱码与全站回归修复_完整覆盖补丁_staging/app/api/v1/collection.py;app/api/v1/collection.py;patches/v05F_multisource_collection_patch_20260701_093910/app/api/v1/collection.py;backup_before_v05m_recovery_20260702_091828/app/api/v1/collection.py;patches/v05M_全站产品化收口中文化入口整合与核心流程重构_完整覆盖补丁_staging/app/api/v1/collection.py,6
/items/{item_id}/delete,patches/v05M-R_异常中断恢复模板乱码与全站回归修复_完整覆盖补丁_staging/app/v04d_structuring.py;backup_before_v05m_recovery_20260702_091828/app/v04d_structuring.py;app/v04d_structuring.py;backups/code_before_v06e_20260706_115352/app/v04d_structuring.py,4
/items/{item_id}/queue,backups/code_before_v06e_20260706_115352/app/api/v1/collection.py;patches/v05M-R_异常中断恢复模板乱码与全站回归修复_完整覆盖补丁_staging/app/api/v1/collection.py;app/api/v1/collection.py;patches/v05F_multisource_collection_patch_20260701_093910/app/api/v1/collection.py;backup_before_v05m_recovery_20260702_091828/app/api/v1/collection.py;patches/v05M_全站产品化收口中文化入口整合与核心流程重构_完整覆盖补丁_staging/app/api/v1/collection.py,6
/items/{item_id}/remove,app/api/v1/watchlists.py;backup_before_v05m_recovery_20260702_091828/app/api/v1/watchlists.py;backups/code_before_v06e_20260706_115352/app/api/v1/watchlists.py;patches/v05M-R_异常中断恢复模板乱码与全站回归修复_完整覆盖补丁_staging/app/api/v1/watchlists.py,4
/items/{item_id}/update,patches/v05M-R_异常中断恢复模板乱码与全站回归修复_完整覆盖补丁_staging/app/v04d_structuring.py;backup_before_v05m_recovery_20260702_091828/app/v04d_structuring.py;app/v04d_structuring.py;backups/code_before_v06e_20260706_115352/app/v04d_structuring.py,4
/items/{review_item_id}/evidence,app/v04c_review.py;backups/code_before_v06e_20260706_115352/app/v04c_review.py;patches/v05M-R_异常中断恢复模板乱码与全站回归修复_完整覆盖补丁_staging/app/v04c_review.py;backup_before_v05m_recovery_20260702_091828/app/v04c_review.py,4
/items/{review_item_id}/resolve,app/v04c_review.py;backups/code_before_v06e_20260706_115352/app/v04c_review.py;patches/v05M-R_异常中断恢复模板乱码与全站回归修复_完整覆盖补丁_staging/app/v04c_review.py;backup_before_v05m_recovery_20260702_091828/app/v04c_review.py,4
/jobs,backups/code_before_v06e_20260706_115352/app/api/v1/collection.py;patches/v05M_全站产品化收口中文化入口整合与核心流程重构_完整覆盖补丁_staging/app/api/v1/processing.py;patches/v05M-R_异常中断恢复模板乱码与全站回归修复_完整覆盖补丁_staging/app/api/v1/reports.py;patches/v05M-R_异常中断恢复模板乱码与全站回归修复_完整覆盖补丁_staging/app/api/v1/collection.py;backup_before_v05m_recovery_20260702_091828/app/api/v1/reports.py;patches/v05M-R_异常中断恢复模板乱码与全站回归修复_完整覆盖补丁_staging/app/api/v1/processing.py;patches/v05G_semantic_processing_patch_20260701_113851/app/api/v1/processing.py;backups/code_before_v06e_20260706_115352/app/api/v1/reports.py;backup_before_v05m_recovery_20260702_091828/app/api/v1/processing.py;app/api/v1/reports.py;app/api/v1/processing.py;backup_before_v05m_recovery_20260702_091828/app/api/v1/collection.py;app/api/v1/collection.py;patches/v05F_multisource_collection_patch_20260701_093910/app/api/v1/collection.py;patches/v05M_全站产品化收口中文化入口整合与核心流程重构_完整覆盖补丁_staging/app/api/v1/reports.py;patches/v05M_全站产品化收口中文化入口整合与核心流程重构_完整覆盖补丁_staging/app/api/v1/collection.py;backups/code_before_v06e_20260706_115352/app/api/v1/processing.py,17
/jobs/{job_id},backups/code_before_v06e_20260706_115352/app/api/v1/collection.py;patches/v05M-R_异常中断恢复模板乱码与全站回归修复_完整覆盖补丁_staging/app/api/v1/reports.py;patches/v05M-R_异常中断恢复模板乱码与全站回归修复_完整覆盖补丁_staging/app/api/v1/collection.py;backup_before_v05m_recovery_20260702_091828/app/api/v1/reports.py;backups/code_before_v06e_20260706_115352/app/api/v1/reports.py;app/api/v1/reports.py;backup_before_v05m_recovery_20260702_091828/app/api/v1/collection.py;app/api/v1/collection.py;patches/v05F_multisource_collection_patch_20260701_093910/app/api/v1/collection.py;patches/v05M_全站产品化收口中文化入口整合与核心流程重构_完整覆盖补丁_staging/app/api/v1/reports.py;patches/v05M_全站产品化收口中文化入口整合与核心流程重构_完整覆盖补丁_staging/app/api/v1/collection.py,11
/jobs/{job_id}/cancel,backups/code_before_v06e_20260706_115352/app/api/v1/collection.py;patches/v05M-R_异常中断恢复模板乱码与全站回归修复_完整覆盖补丁_staging/app/api/v1/collection.py;app/api/v1/collection.py;patches/v05F_multisource_collection_patch_20260701_093910/app/api/v1/collection.py;backup_before_v05m_recovery_20260702_091828/app/api/v1/collection.py;patches/v05M_全站产品化收口中文化入口整合与核心流程重构_完整覆盖补丁_staging/app/api/v1/collection.py,6
/jobs/{job_id}/retry,backups/code_before_v06e_20260706_115352/app/api/v1/collection.py;patches/v05M-R_异常中断恢复模板乱码与全站回归修复_完整覆盖补丁_staging/app/api/v1/collection.py;app/api/v1/collection.py;patches/v05F_multisource_collection_patch_20260701_093910/app/api/v1/collection.py;backup_before_v05m_recovery_20260702_091828/app/api/v1/collection.py;patches/v05M_全站产品化收口中文化入口整合与核心流程重构_完整覆盖补丁_staging/app/api/v1/collection.py,6
/jobs/{job_id}/run,patches/v05M_全站产品化收口中文化入口整合与核心流程重构_完整覆盖补丁_staging/app/api/v1/processing.py;patches/v05M-R_异常中断恢复模板乱码与全站回归修复_完整覆盖补丁_staging/app/api/v1/processing.py;patches/v05G_semantic_processing_patch_20260701_113851/app/api/v1/processing.py;backup_before_v05m_recovery_20260702_091828/app/api/v1/processing.py;app/api/v1/processing.py;backups/code_before_v06e_20260706_115352/app/api/v1/processing.py,6
/json,app/v04c1_ingestion.py;backup_before_v05m_recovery_20260702_091828/app/v04c1_ingestion.py;patches/v05M-R_异常中断恢复模板乱码与全站回归修复_完整覆盖补丁_staging/app/v04c1_ingestion.py;backups/code_before_v06e_20260706_115352/app/v04c1_ingestion.py,4
/leads,backups/code_before_v06e_20260706_115352/app/v04f_operations.py;patches/v05M-R_异常中断恢复模板乱码与全站回归修复_完整覆盖补丁_staging/app/v04f_operations.py;backup_before_v05m_recovery_20260702_091828/app/v04f_operations.py;app/v04f_operations.py,4
/leads/create,backups/code_before_v06e_20260706_115352/app/v04f_operations.py;patches/v05M-R_异常中断恢复模板乱码与全站回归修复_完整覆盖补丁_staging/app/v04f_operations.py;backup_before_v05m_recovery_20260702_091828/app/v04f_operations.py;app/v04f_operations.py,4
/leads/{lead_id},backups/code_before_v06e_20260706_115352/app/v04f_operations.py;patches/v05M-R_异常中断恢复模板乱码与全站回归修复_完整覆盖补丁_staging/app/v04f_operations.py;backup_before_v05m_recovery_20260702_091828/app/v04f_operations.py;app/v04f_operations.py,4
/leads/{lead_id}/grade,backups/code_before_v06e_20260706_115352/app/v04f_operations.py;patches/v05M-R_异常中断恢复模板乱码与全站回归修复_完整覆盖补丁_staging/app/v04f_operations.py;backup_before_v05m_recovery_20260702_091828/app/v04f_operations.py;app/v04f_operations.py,4
/leads/{lead_id}/stage,backups/code_before_v06e_20260706_115352/app/v04f_operations.py;patches/v05M-R_异常中断恢复模板乱码与全站回归修复_完整覆盖补丁_staging/app/v04f_operations.py;backup_before_v05m_recovery_20260702_091828/app/v04f_operations.py;app/v04f_operations.py,4
/leads/{lead_id}/suggestions/{suggestion_id}/action,backups/code_before_v06e_20260706_115352/app/v04f_operations.py;patches/v05M-R_异常中断恢复模板乱码与全站回归修复_完整覆盖补丁_staging/app/v04f_operations.py;backup_before_v05m_recovery_20260702_091828/app/v04f_operations.py;app/v04f_operations.py,4
/manage/fetch-webpage,patches/v05F_multisource_collection_patch_20260701_093910/app/main.py;app/main.py;patches/v05G_semantic_processing_patch_20260701_113851/app/main.py;backups/code_before_v06e_20260706_115352/app/main.py;scripts/apply_v04a.py;backups/code_before_v06i_intelligence_20260706_151858/scripts/apply_v04a.py;patches/v05M-R_异常中断恢复模板乱码与全站回归修复_完整覆盖补丁_staging/app/main.py;backups/code_before_v06e_20260706_115352/scripts/apply_v04a.py;backups/code_before_v06i_nav_crawl_20260706_162150/scripts/apply_v04a.py;backup_before_v05m_recovery_20260702_091828/scripts/apply_v04a.py;backup_before_v05m_recovery_20260702_091828/app/main.py;patches/v05M-R_异常中断恢复模板乱码与全站回归修复_完整覆盖补丁_staging/scripts/apply_v04a.py;patches/v05M_全站产品化收口中文化入口整合与核心流程重构_完整覆盖补丁_staging/app/main.py,13
/manage/organizations/lookup,patches/v05F_multisource_collection_patch_20260701_093910/app/main.py;app/main.py;backups/code_before_v06e_20260706_115352/app/main.py;patches/v05M-R_异常中断恢复模板乱码与全站回归修复_完整覆盖补丁_staging/app/main.py;patches/v05M_全站产品化收口中文化入口整合与核心流程重构_完整覆盖补丁_staging/app/main.py;backup_before_v05m_recovery_20260702_091828/app/main.py;patches/v05G_semantic_processing_patch_20260701_113851/app/main.py,7
/manage/people/batch-analyze,patches/v05F_multisource_collection_patch_20260701_093910/app/main.py;app/main.py;backups/code_before_v06e_20260706_115352/app/main.py;patches/v05M-R_异常中断恢复模板乱码与全站回归修复_完整覆盖补丁_staging/app/main.py;patches/v05M_全站产品化收口中文化入口整合与核心流程重构_完整覆盖补丁_staging/app/main.py;backup_before_v05m_recovery_20260702_091828/app/main.py;patches/v05G_semantic_processing_patch_20260701_113851/app/main.py,7
/manage/people/batch-save,patches/v05F_multisource_collection_patch_20260701_093910/app/main.py;app/main.py;backups/code_before_v06e_20260706_115352/app/main.py;patches/v05M-R_异常中断恢复模板乱码与全站回归修复_完整覆盖补丁_staging/app/main.py;patches/v05M_全站产品化收口中文化入口整合与核心流程重构_完整覆盖补丁_staging/app/main.py;backup_before_v05m_recovery_20260702_091828/app/main.py;patches/v05G_semantic_processing_patch_20260701_113851/app/main.py,7
/manage/{entity_key}/analyze,patches/v05F_multisource_collection_patch_20260701_093910/app/main.py;patches/v05M-R_异常中断恢复模板乱码与全站回归修复_完整覆盖补丁_staging/scripts/apply_v03c.py;app/main.py;patches/v05G_semantic_processing_patch_20260701_113851/app/main.py;scripts/apply_v03c.py;backups/code_before_v06e_20260706_115352/scripts/apply_v03c.py;backups/code_before_v06e_20260706_115352/app/main.py;backups/code_before_v06i_nav_crawl_20260706_162150/scripts/apply_v03c.py;patches/v05M-R_异常中断恢复模板乱码与全站回归修复_完整覆盖补丁_staging/app/main.py;backups/code_before_v06i_intelligence_20260706_151858/scripts/apply_v03c.py;backup_before_v05m_recovery_20260702_091828/scripts/apply_v03c.py;backup_before_v05m_recovery_20260702_091828/app/main.py;patches/v05M_全站产品化收口中文化入口整合与核心流程重构_完整覆盖补丁_staging/app/main.py,13
/manage/{entity_key}/new,patches/v05F_multisource_collection_patch_20260701_093910/app/main.py;app/main.py;backups/code_before_v06e_20260706_115352/app/main.py;patches/v05M-R_异常中断恢复模板乱码与全站回归修复_完整覆盖补丁_staging/app/main.py;patches/v05M_全站产品化收口中文化入口整合与核心流程重构_完整覆盖补丁_staging/app/main.py;backup_before_v05m_recovery_20260702_091828/app/main.py;patches/v05G_semantic_processing_patch_20260701_113851/app/main.py,7
/manage/{entity_key}/{item_id}/delete,patches/v05F_multisource_collection_patch_20260701_093910/app/main.py;app/main.py;backups/code_before_v06e_20260706_115352/app/main.py;patches/v05M-R_异常中断恢复模板乱码与全站回归修复_完整覆盖补丁_staging/app/main.py;patches/v05M_全站产品化收口中文化入口整合与核心流程重构_完整覆盖补丁_staging/app/main.py;backup_before_v05m_recovery_20260702_091828/app/main.py;patches/v05G_semantic_processing_patch_20260701_113851/app/main.py,7
/manage/{entity_key}/{item_id}/edit,patches/v05F_multisource_collection_patch_20260701_093910/app/main.py;app/main.py;backups/code_before_v06e_20260706_115352/app/main.py;patches/v05M-R_异常中断恢复模板乱码与全站回归修复_完整覆盖补丁_staging/app/main.py;patches/v05M_全站产品化收口中文化入口整合与核心流程重构_完整覆盖补丁_staging/app/main.py;backup_before_v05m_recovery_20260702_091828/app/main.py;patches/v05G_semantic_processing_patch_20260701_113851/app/main.py,7
/manage/{entity_key}/{item_id}/restore,patches/v05F_multisource_collection_patch_20260701_093910/app/main.py;app/main.py;backups/code_before_v06e_20260706_115352/app/main.py;patches/v05M-R_异常中断恢复模板乱码与全站回归修复_完整覆盖补丁_staging/app/main.py;patches/v05M_全站产品化收口中文化入口整合与核心流程重构_完整覆盖补丁_staging/app/main.py;backup_before_v05m_recovery_20260702_091828/app/main.py;patches/v05G_semantic_processing_patch_20260701_113851/app/main.py,7
/mappings,app/v04c1_ingestion.py;backup_before_v05m_recovery_20260702_091828/app/v04c1_ingestion.py;patches/v05M-R_异常中断恢复模板乱码与全站回归修复_完整覆盖补丁_staging/app/v04c1_ingestion.py;backups/code_before_v06e_20260706_115352/app/v04c1_ingestion.py,4
/me,patches/v05M-R_异常中断恢复模板乱码与全站回归修复_完整覆盖补丁_staging/app/api/v1/router.py;app/api/v1/router.py;patches/v05G_semantic_processing_patch_20260701_113851/app/api/v1/router.py;patches/v05F_multisource_collection_patch_20260701_093910/app/api/v1/router.py;backup_before_v05m_recovery_20260702_091828/app/api/v1/router.py;backups/code_before_v06e_20260706_115352/app/api/v1/router.py,6
/me/authorization-context,app/api/v1/auth.py;backups/code_before_v06e_20260706_115352/app/api/v1/auth.py,2
/me/club-context,backups/code_before_v06e_20260706_115352/app/api/v1/clubs.py;app/api/v1/clubs.py,2
/me/clubs,backups/code_before_v06e_20260706_115352/app/api/v1/clubs.py;app/api/v1/clubs.py,2
/me/identity,app/api/v1/identity.py;backups/code_before_v06e_20260706_115352/app/api/v1/identity.py;app/identity.py;backups/code_before_v06e_20260706_115352/app/identity.py,4
/me/industry-profile,backups/code_before_v06h_20260706_145146/routes_platform.py;backups/code_before_v06e_20260706_115352/app/routes_platform.py;backups/code_before_v06i_intelligence_20260706_151858/routes_platform.py;backups/code_before_v06f_20260706_130354/app/routes_platform.py;backups/code_before_v06i_nav_crawl_20260706_162150/app/routes_platform.py;app/routes_platform.py,6
/me/industry-profile/update,backups/code_before_v06h_20260706_145146/routes_platform.py;backups/code_before_v06e_20260706_115352/app/routes_platform.py;backups/code_before_v06i_intelligence_20260706_151858/routes_platform.py;backups/code_before_v06f_20260706_130354/app/routes_platform.py;backups/code_before_v06i_nav_crawl_20260706_162150/app/routes_platform.py;app/routes_platform.py,6
/me/membership-context,backups/code_before_v06e_20260706_115352/app/api/v1/membership_user_link.py;app/api/v1/membership_user_link.py,2
/me/membership-link-requests,backups/code_before_v06e_20260706_115352/app/api/v1/membership_user_link.py;app/api/v1/membership_user_link.py,2
/me/memberships,backups/code_before_v06e_20260706_115352/app/api/v1/membership_user_link.py;app/api/v1/membership_user_link.py,2
/me/memberships/{membership_id},backups/code_before_v06e_20260706_115352/app/api/v1/membership_user_link.py;app/api/v1/membership_user_link.py,2
/me/organization-context,app/api/v1/organizations.py;backups/code_before_v06e_20260706_115352/app/api/v1/organizations.py,2
/me/organizations,app/api/v1/organizations.py;backups/code_before_v06e_20260706_115352/app/api/v1/organizations.py,2
/me/organizations/{organization_id},app/api/v1/organizations.py;backups/code_before_v06e_20260706_115352/app/api/v1/organizations.py,2
/me/person-link,app/api/v1/identity.py;backups/code_before_v06e_20260706_115352/app/api/v1/identity.py;app/identity.py;backups/code_before_v06e_20260706_115352/app/identity.py,4
/me/person-link/cancel,app/identity.py;backups/code_before_v06e_20260706_115352/app/identity.py,2
/member,patches/v05M-R_异常中断恢复模板乱码与全站回归修复_完整覆盖补丁_staging/app/v05d_member_portal.py;backup_before_v05m_recovery_20260702_091828/app/v05d_member_portal.py;backups/code_before_v06e_20260706_115352/app/v05d_member_portal.py;app/v05d_member_portal.py,4
/member/account,patches/v05M-R_异常中断恢复模板乱码与全站回归修复_完整覆盖补丁_staging/app/v05d_member_portal.py;backup_before_v05m_recovery_20260702_091828/app/v05d_member_portal.py;backups/code_before_v06e_20260706_115352/app/v05d_member_portal.py;app/v05d_member_portal.py,4
/member/activate,patches/v05M-R_异常中断恢复模板乱码与全站回归修复_完整覆盖补丁_staging/app/v05d_member_portal.py;backup_before_v05m_recovery_20260702_091828/app/v05d_member_portal.py;backups/code_before_v06e_20260706_115352/app/v05d_member_portal.py;app/v05d_member_portal.py,4
/member/avatar,patches/v05M-R_异常中断恢复模板乱码与全站回归修复_完整覆盖补丁_staging/app/v05d_member_portal.py;backup_before_v05m_recovery_20260702_091828/app/v05d_member_portal.py;backups/code_before_v06e_20260706_115352/app/v05d_member_portal.py;app/v05d_member_portal.py,4
/member/change-password,patches/v05M-R_异常中断恢复模板乱码与全站回归修复_完整覆盖补丁_staging/app/v05d_member_portal.py;backup_before_v05m_recovery_20260702_091828/app/v05d_member_portal.py;backups/code_before_v06e_20260706_115352/app/v05d_member_portal.py;app/v05d_member_portal.py,4
/member/content,patches/v05M-R_异常中断恢复模板乱码与全站回归修复_完整覆盖补丁_staging/app/v05d_member_portal.py;backup_before_v05m_recovery_20260702_091828/app/v05d_member_portal.py;backups/code_before_v06e_20260706_115352/app/v05d_member_portal.py;app/v05d_member_portal.py,4
/member/events,patches/v05M-R_异常中断恢复模板乱码与全站回归修复_完整覆盖补丁_staging/app/v05d_member_portal.py;backup_before_v05m_recovery_20260702_091828/app/v05d_member_portal.py;backups/code_before_v06e_20260706_115352/app/v05d_member_portal.py;app/v05d_member_portal.py,4
/member/events/{club_event_id}/register,patches/v05M-R_异常中断恢复模板乱码与全站回归修复_完整覆盖补丁_staging/app/v05d_member_portal.py;backup_before_v05m_recovery_20260702_091828/app/v05d_member_portal.py;backups/code_before_v06e_20260706_115352/app/v05d_member_portal.py;app/v05d_member_portal.py,4
/member/events/{registration_id}/cancel,patches/v05M-R_异常中断恢复模板乱码与全站回归修复_完整覆盖补丁_staging/app/v05d_member_portal.py;backup_before_v05m_recovery_20260702_091828/app/v05d_member_portal.py;backups/code_before_v06e_20260706_115352/app/v05d_member_portal.py;app/v05d_member_portal.py,4
/member/forgot-password,patches/v05M-R_异常中断恢复模板乱码与全站回归修复_完整覆盖补丁_staging/app/v05d_member_portal.py;backup_before_v05m_recovery_20260702_091828/app/v05d_member_portal.py;backups/code_before_v06e_20260706_115352/app/v05d_member_portal.py;app/v05d_member_portal.py,4
/member/login,patches/v05M-R_异常中断恢复模板乱码与全站回归修复_完整覆盖补丁_staging/app/v05d_member_portal.py;backup_before_v05m_recovery_20260702_091828/app/v05d_member_portal.py;backups/code_before_v06e_20260706_115352/app/v05d_member_portal.py;app/v05d_member_portal.py,4
/member/logout,patches/v05M-R_异常中断恢复模板乱码与全站回归修复_完整覆盖补丁_staging/app/v05d_member_portal.py;backup_before_v05m_recovery_20260702_091828/app/v05d_member_portal.py;backups/code_before_v06e_20260706_115352/app/v05d_member_portal.py;app/v05d_member_portal.py,4
/member/matches,patches/v05M-R_异常中断恢复模板乱码与全站回归修复_完整覆盖补丁_staging/app/v05d_member_portal.py;backup_before_v05m_recovery_20260702_091828/app/v05d_member_portal.py;backups/code_before_v06e_20260706_115352/app/v05d_member_portal.py;app/v05d_member_portal.py,4
/member/matches/{match_id}/feedback,patches/v05M-R_异常中断恢复模板乱码与全站回归修复_完整覆盖补丁_staging/app/v05d_member_portal.py;backup_before_v05m_recovery_20260702_091828/app/v05d_member_portal.py;backups/code_before_v06e_20260706_115352/app/v05d_member_portal.py;app/v05d_member_portal.py,4
/member/needs,patches/v05M-R_异常中断恢复模板乱码与全站回归修复_完整覆盖补丁_staging/app/v05d_member_portal.py;backup_before_v05m_recovery_20260702_091828/app/v05d_member_portal.py;backups/code_before_v06e_20260706_115352/app/v05d_member_portal.py;app/v05d_member_portal.py,4
/member/notifications,patches/v05M-R_异常中断恢复模板乱码与全站回归修复_完整覆盖补丁_staging/app/v05d_member_portal.py;backup_before_v05m_recovery_20260702_091828/app/v05d_member_portal.py;backups/code_before_v06e_20260706_115352/app/v05d_member_portal.py;app/v05d_member_portal.py,4
/member/profile,patches/v05M-R_异常中断恢复模板乱码与全站回归修复_完整覆盖补丁_staging/app/v05d_member_portal.py;backup_before_v05m_recovery_20260702_091828/app/v05d_member_portal.py;backups/code_before_v06e_20260706_115352/app/v05d_member_portal.py;app/v05d_member_portal.py,4
/member/profile/changes/{change_id}/withdraw,patches/v05M-R_异常中断恢复模板乱码与全站回归修复_完整覆盖补丁_staging/app/v05d_member_portal.py;backup_before_v05m_recovery_20260702_091828/app/v05d_member_portal.py;backups/code_before_v06e_20260706_115352/app/v05d_member_portal.py;app/v05d_member_portal.py,4
/member/request-membership-link,backups/code_before_v06e_20260706_115352/app/v05d_member_portal.py;app/v05d_member_portal.py,2
/member/reset-password,patches/v05M-R_异常中断恢复模板乱码与全站回归修复_完整覆盖补丁_staging/app/v05d_member_portal.py;backup_before_v05m_recovery_20260702_091828/app/v05d_member_portal.py;backups/code_before_v06e_20260706_115352/app/v05d_member_portal.py;app/v05d_member_portal.py,4
/member/resources,patches/v05M-R_异常中断恢复模板乱码与全站回归修复_完整覆盖补丁_staging/app/v05d_member_portal.py;backup_before_v05m_recovery_20260702_091828/app/v05d_member_portal.py;backups/code_before_v06e_20260706_115352/app/v05d_member_portal.py;app/v05d_member_portal.py,4
/member/switch-membership,backups/code_before_v06e_20260706_115352/app/v05d_member_portal.py;app/v05d_member_portal.py,2
/membership-link-requests/{request_id},backups/code_before_v06e_20260706_115352/app/api/v1/membership_user_link.py;app/api/v1/membership_user_link.py,2
/membership-link-requests/{request_id}/approve,backups/code_before_v06e_20260706_115352/app/api/v1/membership_user_link.py;app/api/v1/membership_user_link.py,2
/membership-link-requests/{request_id}/reject,backups/code_before_v06e_20260706_115352/app/api/v1/membership_user_link.py;app/api/v1/membership_user_link.py,2
/memberships/{membership_id}/person-candidates,app/api/v1/membership_person_link.py;backups/code_before_v06e_20260706_115352/app/api/v1/membership_person_link.py,2
/memberships/{membership_id}/person-link,app/api/v1/membership_person_link.py;backups/code_before_v06e_20260706_115352/app/api/v1/membership_person_link.py,2
/memberships/{membership_id}/person-link/audit,app/api/v1/membership_person_link.py;backups/code_before_v06e_20260706_115352/app/api/v1/membership_person_link.py,2
/memberships/{membership_id}/user-link,backups/code_before_v06e_20260706_115352/app/api/v1/membership_user_link.py;app/api/v1/membership_user_link.py,2
/memberships/{membership_id}/user-link/audit,backups/code_before_v06e_20260706_115352/app/api/v1/membership_user_link.py;app/api/v1/membership_user_link.py,2
/meta,patches/v05M-R_异常中断恢复模板乱码与全站回归修复_完整覆盖补丁_staging/app/api/v1/router.py;app/api/v1/router.py;patches/v05G_semantic_processing_patch_20260701_113851/app/api/v1/router.py;patches/v05F_multisource_collection_patch_20260701_093910/app/api/v1/router.py;backup_before_v05m_recovery_20260702_091828/app/api/v1/router.py;backups/code_before_v06e_20260706_115352/app/api/v1/router.py,6
/monitoring/proposals,patches/v05M-R_异常中断恢复模板乱码与全站回归修复_完整覆盖补丁_staging/app/api/v1/intelligence.py;backup_before_v05m_recovery_20260702_091828/app/api/v1/intelligence.py,2
/monitoring/runs,patches/v05M-R_异常中断恢复模板乱码与全站回归修复_完整覆盖补丁_staging/app/api/v1/intelligence.py;backup_before_v05m_recovery_20260702_091828/app/api/v1/intelligence.py,2
/monitoring/sources,patches/v05M-R_异常中断恢复模板乱码与全站回归修复_完整覆盖补丁_staging/app/api/v1/intelligence.py;backup_before_v05m_recovery_20260702_091828/app/api/v1/intelligence.py,2
/navigation,app/api/v1/client.py;backups/code_before_v06e_20260706_115352/app/api/v1/client.py,2
/network,backups/code_before_v06h_20260706_145146/routes_platform.py;backups/code_before_v06e_20260706_115352/app/routes_platform.py;backups/code_before_v06i_intelligence_20260706_151858/routes_platform.py;backups/code_before_v06f_20260706_130354/app/routes_platform.py;backups/code_before_v06i_nav_crawl_20260706_162150/app/routes_platform.py;app/routes_platform.py,6
/network/contact-intent/create,backups/code_before_v06h_20260706_145146/routes_platform.py;backups/code_before_v06e_20260706_115352/app/routes_platform.py;backups/code_before_v06i_intelligence_20260706_151858/routes_platform.py;backups/code_before_v06f_20260706_130354/app/routes_platform.py;backups/code_before_v06i_nav_crawl_20260706_162150/app/routes_platform.py;app/routes_platform.py,6
/network/contact-intent/{intent_id}/respond,backups/code_before_v06h_20260706_145146/routes_platform.py;backups/code_before_v06e_20260706_115352/app/routes_platform.py;backups/code_before_v06i_intelligence_20260706_151858/routes_platform.py;backups/code_before_v06f_20260706_130354/app/routes_platform.py;backups/code_before_v06i_nav_crawl_20260706_162150/app/routes_platform.py;app/routes_platform.py,6
/network/organizations,backups/code_before_v06h_20260706_145146/routes_platform.py;backups/code_before_v06e_20260706_115352/app/routes_platform.py;backups/code_before_v06i_intelligence_20260706_151858/routes_platform.py;backups/code_before_v06f_20260706_130354/app/routes_platform.py;backups/code_before_v06i_nav_crawl_20260706_162150/app/routes_platform.py;app/routes_platform.py,6
/network/people,backups/code_before_v06h_20260706_145146/routes_platform.py;backups/code_before_v06e_20260706_115352/app/routes_platform.py;backups/code_before_v06i_intelligence_20260706_151858/routes_platform.py;backups/code_before_v06f_20260706_130354/app/routes_platform.py;backups/code_before_v06i_nav_crawl_20260706_162150/app/routes_platform.py;app/routes_platform.py,6
/network/people/{person_id},backups/code_before_v06h_20260706_145146/routes_platform.py;backups/code_before_v06e_20260706_115352/app/routes_platform.py;backups/code_before_v06i_intelligence_20260706_151858/routes_platform.py;backups/code_before_v06f_20260706_130354/app/routes_platform.py;backups/code_before_v06i_nav_crawl_20260706_162150/app/routes_platform.py;app/routes_platform.py,6
/opportunities,backups/code_before_v06e_20260706_115352/app/api/v1/opportunities.py;backups/code_before_v06h_20260706_145146/routes_platform.py;backups/code_before_v06e_20260706_115352/app/routes_platform.py;app/api/v1/opportunities.py;backups/code_before_v06i_intelligence_20260706_151858/routes_platform.py;backups/code_before_v06f_20260706_130354/app/routes_platform.py;backups/code_before_v06i_nav_crawl_20260706_162150/app/routes_platform.py;app/routes_platform.py,8
/opportunities/convert/{intent_id},backups/code_before_v06h_20260706_145146/routes_platform.py;backups/code_before_v06e_20260706_115352/app/routes_platform.py;backups/code_before_v06i_intelligence_20260706_151858/routes_platform.py;backups/code_before_v06f_20260706_130354/app/routes_platform.py;backups/code_before_v06i_nav_crawl_20260706_162150/app/routes_platform.py;app/routes_platform.py,6
/opportunities/create,backups/code_before_v06h_20260706_145146/routes_platform.py;backups/code_before_v06e_20260706_115352/app/routes_platform.py;backups/code_before_v06i_intelligence_20260706_151858/routes_platform.py;backups/code_before_v06f_20260706_130354/app/routes_platform.py;backups/code_before_v06i_nav_crawl_20260706_162150/app/routes_platform.py;app/routes_platform.py,6
/opportunities/{opp_id},backups/code_before_v06e_20260706_115352/app/api/v1/opportunities.py;backups/code_before_v06h_20260706_145146/routes_platform.py;backups/code_before_v06e_20260706_115352/app/routes_platform.py;app/api/v1/opportunities.py;backups/code_before_v06i_intelligence_20260706_151858/routes_platform.py;backups/code_before_v06f_20260706_130354/app/routes_platform.py;backups/code_before_v06i_nav_crawl_20260706_162150/app/routes_platform.py;app/routes_platform.py,8
/opportunities/{opp_id}/follow-up,backups/code_before_v06h_20260706_145146/routes_platform.py;backups/code_before_v06e_20260706_115352/app/routes_platform.py;backups/code_before_v06i_intelligence_20260706_151858/routes_platform.py;backups/code_before_v06f_20260706_130354/app/routes_platform.py;backups/code_before_v06i_nav_crawl_20260706_162150/app/routes_platform.py;app/routes_platform.py,6
/opportunities/{opp_id}/follow-ups,backups/code_before_v06e_20260706_115352/app/api/v1/opportunities.py;app/api/v1/opportunities.py,2
/opportunities/{opp_id}/stage,backups/code_before_v06e_20260706_115352/app/api/v1/opportunities.py;backups/code_before_v06h_20260706_145146/routes_platform.py;backups/code_before_v06e_20260706_115352/app/routes_platform.py;app/api/v1/opportunities.py;backups/code_before_v06i_intelligence_20260706_151858/routes_platform.py;backups/code_before_v06f_20260706_130354/app/routes_platform.py;backups/code_before_v06i_nav_crawl_20260706_162150/app/routes_platform.py;app/routes_platform.py,8
/opportunities/{opp_id}/task,backups/code_before_v06h_20260706_145146/routes_platform.py;backups/code_before_v06e_20260706_115352/app/routes_platform.py;backups/code_before_v06i_intelligence_20260706_151858/routes_platform.py;backups/code_before_v06f_20260706_130354/app/routes_platform.py;backups/code_before_v06i_nav_crawl_20260706_162150/app/routes_platform.py;app/routes_platform.py,6
/opportunities/{opp_id}/tasks,backups/code_before_v06e_20260706_115352/app/api/v1/opportunities.py;app/api/v1/opportunities.py,2
/organizations,patches/v05F_multisource_collection_patch_20260701_093910/app/main.py;app/main.py;backups/code_before_v06e_20260706_115352/app/main.py;app/api/v1/organizations.py;backups/code_before_v06e_20260706_115352/app/api/v1/organizations.py;patches/v05M-R_异常中断恢复模板乱码与全站回归修复_完整覆盖补丁_staging/app/main.py;patches/v05M_全站产品化收口中文化入口整合与核心流程重构_完整覆盖补丁_staging/app/main.py;backup_before_v05m_recovery_20260702_091828/app/main.py;patches/v05G_semantic_processing_patch_20260701_113851/app/main.py,9
/organizations/{item_id},patches/v05F_multisource_collection_patch_20260701_093910/app/main.py;app/main.py;backups/code_before_v06e_20260706_115352/app/main.py;patches/v05M-R_异常中断恢复模板乱码与全站回归修复_完整覆盖补丁_staging/app/main.py;patches/v05M_全站产品化收口中文化入口整合与核心流程重构_完整覆盖补丁_staging/app/main.py;backup_before_v05m_recovery_20260702_091828/app/main.py;patches/v05G_semantic_processing_patch_20260701_113851/app/main.py,7
/organizations/{organization_id},app/api/v1/organizations.py;backups/code_before_v06e_20260706_115352/app/api/v1/organizations.py,2
/organizations/{organization_id}/memberships,app/api/v1/organizations.py;backups/code_before_v06e_20260706_115352/app/api/v1/organizations.py,2
/organizations/{organization_id}/memberships/{membership_id},app/api/v1/organizations.py;backups/code_before_v06e_20260706_115352/app/api/v1/organizations.py,2
/organizations/{organization_id}/users,app/api/v1/organizations.py;backups/code_before_v06e_20260706_115352/app/api/v1/organizations.py,2
/organizations/{organization_id}/users/{user_id},app/api/v1/organizations.py;backups/code_before_v06e_20260706_115352/app/api/v1/organizations.py,2
/organizations/{organization_id}/users/{user_id}/roles,app/api/v1/organizations.py;backups/code_before_v06e_20260706_115352/app/api/v1/organizations.py,2
/organizations/{organization_id}/users/{user_id}/roles/{role_id},app/api/v1/organizations.py;backups/code_before_v06e_20260706_115352/app/api/v1/organizations.py,2
/paste,patches/v05M-R_异常中断恢复模板乱码与全站回归修复_完整覆盖补丁_staging/app/paste_router.py;backup_before_v05m_recovery_20260702_091828/app/paste_router.py;app/paste_router.py;backups/code_before_v06e_20260706_115352/app/paste_router.py,4
/paste/confirm,patches/v05M-R_异常中断恢复模板乱码与全站回归修复_完整覆盖补丁_staging/app/paste_router.py;backup_before_v05m_recovery_20260702_091828/app/paste_router.py;app/paste_router.py;backups/code_before_v06e_20260706_115352/app/paste_router.py,4
/paste/preview,patches/v05M-R_异常中断恢复模板乱码与全站回归修复_完整覆盖补丁_staging/app/paste_router.py;backup_before_v05m_recovery_20260702_091828/app/paste_router.py;app/paste_router.py;backups/code_before_v06e_20260706_115352/app/paste_router.py,4
/people,patches/v05F_multisource_collection_patch_20260701_093910/app/main.py;app/main.py;backups/code_before_v06e_20260706_115352/app/main.py;backups/code_before_v06e_20260706_115352/app/api/v1/network.py;patches/v05M-R_异常中断恢复模板乱码与全站回归修复_完整覆盖补丁_staging/app/main.py;patches/v05M_全站产品化收口中文化入口整合与核心流程重构_完整覆盖补丁_staging/app/main.py;app/api/v1/network.py;backup_before_v05m_recovery_20260702_091828/app/main.py;patches/v05G_semantic_processing_patch_20260701_113851/app/main.py,9
/people/{item_id},patches/v05F_multisource_collection_patch_20260701_093910/app/main.py;app/main.py;backups/code_before_v06e_20260706_115352/app/main.py;patches/v05M-R_异常中断恢复模板乱码与全站回归修复_完整覆盖补丁_staging/app/main.py;patches/v05M_全站产品化收口中文化入口整合与核心流程重构_完整覆盖补丁_staging/app/main.py;backup_before_v05m_recovery_20260702_091828/app/main.py;patches/v05G_semantic_processing_patch_20260701_113851/app/main.py,7
/people/{person_id},backups/code_before_v06e_20260706_115352/app/api/v1/network.py;app/api/v1/network.py,2
/persons/{person_id}/memberships,app/api/v1/membership_person_link.py;backups/code_before_v06e_20260706_115352/app/api/v1/membership_person_link.py,2
/pipeline,patches/v05M-R_异常中断恢复模板乱码与全站回归修复_完整覆盖补丁_staging/app/v05i_pipeline.py;backups/code_before_v06e_20260706_115352/app/v05i_pipeline.py;app/v05i_pipeline.py;backup_before_v05m_recovery_20260702_091828/app/v05i_pipeline.py,4
/pipeline/failures,patches/v05M-R_异常中断恢复模板乱码与全站回归修复_完整覆盖补丁_staging/app/v05i_pipeline.py;backups/code_before_v06e_20260706_115352/app/v05i_pipeline.py;app/v05i_pipeline.py;backup_before_v05m_recovery_20260702_091828/app/v05i_pipeline.py,4
/pipeline/pilot,patches/v05M-R_异常中断恢复模板乱码与全站回归修复_完整覆盖补丁_staging/app/v05i_pipeline.py;backups/code_before_v06e_20260706_115352/app/v05i_pipeline.py;app/v05i_pipeline.py;backup_before_v05m_recovery_20260702_091828/app/v05i_pipeline.py,4
/pipeline/runs,patches/v05M-R_异常中断恢复模板乱码与全站回归修复_完整覆盖补丁_staging/app/v05i_pipeline.py;backups/code_before_v06e_20260706_115352/app/v05i_pipeline.py;app/v05i_pipeline.py;backup_before_v05m_recovery_20260702_091828/app/v05i_pipeline.py,4
/pipeline/runs/{run_id},patches/v05M-R_异常中断恢复模板乱码与全站回归修复_完整覆盖补丁_staging/app/v05i_pipeline.py;backups/code_before_v06e_20260706_115352/app/v05i_pipeline.py;app/v05i_pipeline.py;backup_before_v05m_recovery_20260702_091828/app/v05i_pipeline.py,4
/pipeline/runs/{run_id}/cancel,patches/v05M-R_异常中断恢复模板乱码与全站回归修复_完整覆盖补丁_staging/app/v05i_pipeline.py;backups/code_before_v06e_20260706_115352/app/v05i_pipeline.py;app/v05i_pipeline.py;backup_before_v05m_recovery_20260702_091828/app/v05i_pipeline.py,4
/pipeline/runs/{run_id}/continue,patches/v05M-R_异常中断恢复模板乱码与全站回归修复_完整覆盖补丁_staging/app/v05i_pipeline.py;backups/code_before_v06e_20260706_115352/app/v05i_pipeline.py;app/v05i_pipeline.py;backup_before_v05m_recovery_20260702_091828/app/v05i_pipeline.py,4
/pipeline/runs/{run_id}/retry,patches/v05M-R_异常中断恢复模板乱码与全站回归修复_完整覆盖补丁_staging/app/v05i_pipeline.py;backups/code_before_v06e_20260706_115352/app/v05i_pipeline.py;app/v05i_pipeline.py;backup_before_v05m_recovery_20260702_091828/app/v05i_pipeline.py,4
/pipeline/samples/{sample_id}/review,patches/v05M-R_异常中断恢复模板乱码与全站回归修复_完整覆盖补丁_staging/app/v05i_pipeline.py;backups/code_before_v06e_20260706_115352/app/v05i_pipeline.py;app/v05i_pipeline.py;backup_before_v05m_recovery_20260702_091828/app/v05i_pipeline.py,4
/platform,backups/code_before_v06h_20260706_145146/routes_platform.py;backups/code_before_v06e_20260706_115352/app/routes_platform.py;backups/code_before_v06i_intelligence_20260706_151858/routes_platform.py;backups/code_before_v06f_20260706_130354/app/routes_platform.py;backups/code_before_v06i_nav_crawl_20260706_162150/app/routes_platform.py;app/routes_platform.py,6
/platform/search,backups/code_before_v06h_20260706_145146/routes_platform.py;backups/code_before_v06e_20260706_115352/app/routes_platform.py;backups/code_before_v06i_intelligence_20260706_151858/routes_platform.py;backups/code_before_v06f_20260706_130354/app/routes_platform.py;backups/code_before_v06i_nav_crawl_20260706_162150/app/routes_platform.py;app/routes_platform.py,6
/private,scripts/verify_v05a.py;backup_before_v05m_recovery_20260702_091828/scripts/verify_v05a.py;backups/code_before_v06i_nav_crawl_20260706_162150/scripts/verify_v05a.py;backups/code_before_v06e_20260706_115352/scripts/verify_v05a.py;backups/code_before_v06i_intelligence_20260706_151858/scripts/verify_v05a.py;patches/v05M-R_异常中断恢复模板乱码与全站回归修复_完整覆盖补丁_staging/scripts/verify_v05a.py,6
/processing,backup_before_v05m_recovery_20260702_091828/app/v05g_processing.py;backups/code_before_v06e_20260706_115352/app/v05g_processing.py;patches/v05G_semantic_processing_patch_20260701_113851/app/v05g_processing.py;app/v05g_processing.py;patches/v05M-R_异常中断恢复模板乱码与全站回归修复_完整覆盖补丁_staging/app/v05g_processing.py,5
/processing/candidates,backup_before_v05m_recovery_20260702_091828/app/v05g_processing.py;backups/code_before_v06e_20260706_115352/app/v05g_processing.py;patches/v05G_semantic_processing_patch_20260701_113851/app/v05g_processing.py;app/v05g_processing.py;patches/v05M-R_异常中断恢复模板乱码与全站回归修复_完整覆盖补丁_staging/app/v05g_processing.py,5
/processing/candidates/{candidate_id},backup_before_v05m_recovery_20260702_091828/app/v05g_processing.py;backups/code_before_v06e_20260706_115352/app/v05g_processing.py;patches/v05G_semantic_processing_patch_20260701_113851/app/v05g_processing.py;app/v05g_processing.py;patches/v05M-R_异常中断恢复模板乱码与全站回归修复_完整覆盖补丁_staging/app/v05g_processing.py,5
/processing/candidates/{candidate_id}/apply,backup_before_v05m_recovery_20260702_091828/app/v05g_processing.py;backups/code_before_v06e_20260706_115352/app/v05g_processing.py;patches/v05G_semantic_processing_patch_20260701_113851/app/v05g_processing.py;app/v05g_processing.py;patches/v05M-R_异常中断恢复模板乱码与全站回归修复_完整覆盖补丁_staging/app/v05g_processing.py,5
/processing/candidates/{candidate_id}/review,backup_before_v05m_recovery_20260702_091828/app/v05g_processing.py;backups/code_before_v06e_20260706_115352/app/v05g_processing.py;patches/v05G_semantic_processing_patch_20260701_113851/app/v05g_processing.py;app/v05g_processing.py;patches/v05M-R_异常中断恢复模板乱码与全站回归修复_完整覆盖补丁_staging/app/v05g_processing.py,5
/processing/jobs,backup_before_v05m_recovery_20260702_091828/app/v05g_processing.py;backups/code_before_v06e_20260706_115352/app/v05g_processing.py;patches/v05G_semantic_processing_patch_20260701_113851/app/v05g_processing.py;app/v05g_processing.py;patches/v05M-R_异常中断恢复模板乱码与全站回归修复_完整覆盖补丁_staging/app/v05g_processing.py,5
/processing/jobs/{job_id}/run,backup_before_v05m_recovery_20260702_091828/app/v05g_processing.py;backups/code_before_v06e_20260706_115352/app/v05g_processing.py;patches/v05G_semantic_processing_patch_20260701_113851/app/v05g_processing.py;app/v05g_processing.py;patches/v05M-R_异常中断恢复模板乱码与全站回归修复_完整覆盖补丁_staging/app/v05g_processing.py,5
/processing/review,app/main.py;backups/code_before_v06e_20260706_115352/app/main.py;patches/v05M-R_异常中断恢复模板乱码与全站回归修复_完整覆盖补丁_staging/app/main.py;backup_before_v05m_recovery_20260702_091828/app/main.py;patches/v05M_全站产品化收口中文化入口整合与核心流程重构_完整覆盖补丁_staging/app/main.py,5
/processing/subject-matches,backup_before_v05m_recovery_20260702_091828/app/v05g_processing.py;backups/code_before_v06e_20260706_115352/app/v05g_processing.py;patches/v05G_semantic_processing_patch_20260701_113851/app/v05g_processing.py;app/v05g_processing.py;patches/v05M-R_异常中断恢复模板乱码与全站回归修复_完整覆盖补丁_staging/app/v05g_processing.py,5
/processing/worker/run-once,backup_before_v05m_recovery_20260702_091828/app/v05g_processing.py;backups/code_before_v06e_20260706_115352/app/v05g_processing.py;patches/v05G_semantic_processing_patch_20260701_113851/app/v05g_processing.py;app/v05g_processing.py;patches/v05M-R_异常中断恢复模板乱码与全站回归修复_完整覆盖补丁_staging/app/v05g_processing.py,5
/projects,patches/v05F_multisource_collection_patch_20260701_093910/app/main.py;app/main.py;backups/code_before_v06e_20260706_115352/app/main.py;patches/v05M-R_异常中断恢复模板乱码与全站回归修复_完整覆盖补丁_staging/app/main.py;patches/v05M_全站产品化收口中文化入口整合与核心流程重构_完整覆盖补丁_staging/app/main.py;backup_before_v05m_recovery_20260702_091828/app/main.py;patches/v05G_semantic_processing_patch_20260701_113851/app/main.py,7
/projects/{item_id},patches/v05F_multisource_collection_patch_20260701_093910/app/main.py;app/main.py;backups/code_before_v06e_20260706_115352/app/main.py;patches/v05M-R_异常中断恢复模板乱码与全站回归修复_完整覆盖补丁_staging/app/main.py;patches/v05M_全站产品化收口中文化入口整合与核心流程重构_完整覆盖补丁_staging/app/main.py;backup_before_v05m_recovery_20260702_091828/app/main.py;patches/v05G_semantic_processing_patch_20260701_113851/app/main.py,7
/quality,patches/v05M_全站产品化收口中文化入口整合与核心流程重构_完整覆盖补丁_staging/app/api/v1/pipeline.py;backups/code_before_v06e_20260706_115352/app/api/v1/pipeline.py;patches/v05M-R_异常中断恢复模板乱码与全站回归修复_完整覆盖补丁_staging/app/api/v1/pipeline.py;app/api/v1/pipeline.py;backup_before_v05m_recovery_20260702_091828/app/api/v1/pipeline.py,5
/raw/{raw_intelligence_id}/start,patches/v05M-R_异常中断恢复模板乱码与全站回归修复_完整覆盖补丁_staging/app/v04d_structuring.py;backup_before_v05m_recovery_20260702_091828/app/v04d_structuring.py;app/v04d_structuring.py;backups/code_before_v06e_20260706_115352/app/v04d_structuring.py,4
/readiness,backup_before_v05m_recovery_20260702_091828/app/api/v1/system.py;app/api/v1/system.py;backups/code_before_v06e_20260706_115352/app/api/v1/system.py;patches/v05M-R_异常中断恢复模板乱码与全站回归修复_完整覆盖补丁_staging/app/api/v1/system.py,4
/recommendations,app/v04h_recommendations.py;backups/code_before_v06e_20260706_115352/app/v04h_recommendations.py;patches/v05M-R_异常中断恢复模板乱码与全站回归修复_完整覆盖补丁_staging/app/v04h_recommendations.py;backup_before_v05m_recovery_20260702_091828/app/v04h_recommendations.py,4
/recommendations/path,app/v04h_recommendations.py;backups/code_before_v06e_20260706_115352/app/v04h_recommendations.py;patches/v05M-R_异常中断恢复模板乱码与全站回归修复_完整覆盖补丁_staging/app/v04h_recommendations.py;backup_before_v05m_recovery_20260702_091828/app/v04h_recommendations.py,4
/recommendations/people,backups/code_before_v06e_20260706_115352/app/api/v1/network.py;app/api/v1/network.py,2
/recommendations/refresh,app/v04h_recommendations.py;backups/code_before_v06e_20260706_115352/app/v04h_recommendations.py;patches/v05M-R_异常中断恢复模板乱码与全站回归修复_完整覆盖补丁_staging/app/v04h_recommendations.py;backup_before_v05m_recovery_20260702_091828/app/v04h_recommendations.py,4
/recommendations/{recommendation_id:int},app/v04h_recommendations.py;backups/code_before_v06e_20260706_115352/app/v04h_recommendations.py,2
/recommendations/{recommendation_id:int}/action,app/v04h_recommendations.py;backups/code_before_v06e_20260706_115352/app/v04h_recommendations.py,2
/recommendations/{recommendation_id:int}/decision,app/v04h_recommendations.py;backups/code_before_v06e_20260706_115352/app/v04h_recommendations.py,2
/recommendations/{recommendation_id},patches/v05M-R_异常中断恢复模板乱码与全站回归修复_完整覆盖补丁_staging/app/v04h_recommendations.py;backup_before_v05m_recovery_20260702_091828/app/v04h_recommendations.py,2
/recommendations/{recommendation_id}/action,patches/v05M-R_异常中断恢复模板乱码与全站回归修复_完整覆盖补丁_staging/app/v04h_recommendations.py;backup_before_v05m_recovery_20260702_091828/app/v04h_recommendations.py,2
/recommendations/{recommendation_id}/decision,patches/v05M-R_异常中断恢复模板乱码与全站回归修复_完整覆盖补丁_staging/app/v04h_recommendations.py;backup_before_v05m_recovery_20260702_091828/app/v04h_recommendations.py,2
/relations,app/v04c_review.py;patches/v05F_multisource_collection_patch_20260701_093910/app/main.py;app/main.py;patches/v05G_semantic_processing_patch_20260701_113851/app/main.py;backups/code_before_v06e_20260706_115352/app/main.py;patches/v05M-R_异常中断恢复模板乱码与全站回归修复_完整覆盖补丁_staging/app/main.py;backup_before_v05m_recovery_20260702_091828/app/v04c_review.py;backup_before_v05m_recovery_20260702_091828/app/main.py;backups/code_before_v06e_20260706_115352/app/v04c_review.py;patches/v05M-R_异常中断恢复模板乱码与全站回归修复_完整覆盖补丁_staging/app/v04c_review.py;patches/v05M_全站产品化收口中文化入口整合与核心流程重构_完整覆盖补丁_staging/app/main.py,11
/relations/{relation_id}/decide,app/v04c_review.py;backups/code_before_v06e_20260706_115352/app/v04c_review.py;patches/v05M-R_异常中断恢复模板乱码与全站回归修复_完整覆盖补丁_staging/app/v04c_review.py;backup_before_v05m_recovery_20260702_091828/app/v04c_review.py,4
/relationship-paths,backup_before_v05m_recovery_20260702_091828/app/api/v1/relationships.py;patches/v05M-R_异常中断恢复模板乱码与全站回归修复_完整覆盖补丁_staging/app/api/v1/relationships.py;app/api/v1/relationships.py;backups/code_before_v06e_20260706_115352/app/api/v1/relationships.py,4
/relationships,backup_before_v05m_recovery_20260702_091828/app/api/v1/relationships.py;patches/v05M-R_异常中断恢复模板乱码与全站回归修复_完整覆盖补丁_staging/app/api/v1/relationships.py;app/api/v1/relationships.py;backups/code_before_v06e_20260706_115352/app/api/v1/relationships.py,4
/relationships/{relation_id},backup_before_v05m_recovery_20260702_091828/app/api/v1/relationships.py;patches/v05M-R_异常中断恢复模板乱码与全站回归修复_完整覆盖补丁_staging/app/api/v1/relationships.py;app/api/v1/relationships.py;backups/code_before_v06e_20260706_115352/app/api/v1/relationships.py,4
/reports,backups/code_before_v06e_20260706_115352/app/v05h_reports.py;app/v05h_reports.py;patches/v05M-R_异常中断恢复模板乱码与全站回归修复_完整覆盖补丁_staging/app/v05h_reports.py;backup_before_v05m_recovery_20260702_091828/app/v05h_reports.py,4
/reports/jobs,backups/code_before_v06e_20260706_115352/app/v05h_reports.py;app/v05h_reports.py;patches/v05M-R_异常中断恢复模板乱码与全站回归修复_完整覆盖补丁_staging/app/v05h_reports.py;backup_before_v05m_recovery_20260702_091828/app/v05h_reports.py,4
/reports/{report_id:int},backups/code_before_v06e_20260706_115352/app/v05h_reports.py;app/v05h_reports.py,2
/reports/{report_id:int}/approve,backups/code_before_v06e_20260706_115352/app/v05h_reports.py;app/v05h_reports.py,2
/reports/{report_id:int}/archive,backups/code_before_v06e_20260706_115352/app/v05h_reports.py;app/v05h_reports.py,2
/reports/{report_id:int}/edit,backups/code_before_v06e_20260706_115352/app/v05h_reports.py;app/v05h_reports.py,2
/reports/{report_id:int}/submit,backups/code_before_v06e_20260706_115352/app/v05h_reports.py;app/v05h_reports.py,2
/reports/{report_id},patches/v05M-R_异常中断恢复模板乱码与全站回归修复_完整覆盖补丁_staging/app/v05h_reports.py;backup_before_v05m_recovery_20260702_091828/app/v05h_reports.py,2
/reports/{report_id}/approve,patches/v05M-R_异常中断恢复模板乱码与全站回归修复_完整覆盖补丁_staging/app/v05h_reports.py;backup_before_v05m_recovery_20260702_091828/app/v05h_reports.py,2
/reports/{report_id}/archive,patches/v05M-R_异常中断恢复模板乱码与全站回归修复_完整覆盖补丁_staging/app/v05h_reports.py;backup_before_v05m_recovery_20260702_091828/app/v05h_reports.py,2
/reports/{report_id}/edit,patches/v05M-R_异常中断恢复模板乱码与全站回归修复_完整覆盖补丁_staging/app/v05h_reports.py;backup_before_v05m_recovery_20260702_091828/app/v05h_reports.py,2
/reports/{report_id}/submit,patches/v05M-R_异常中断恢复模板乱码与全站回归修复_完整覆盖补丁_staging/app/v05h_reports.py;backup_before_v05m_recovery_20260702_091828/app/v05h_reports.py,2
/research,patches/v05M-R_异常中断恢复模板乱码与全站回归修复_完整覆盖补丁_staging/app/v05j_research.py;app/v05j_research.py;backup_before_v05m_recovery_20260702_091828/app/v05j_research.py;backups/code_before_v06e_20260706_115352/app/v05j_research.py,4
/research/companies/compare,patches/v05M-R_异常中断恢复模板乱码与全站回归修复_完整覆盖补丁_staging/app/v05j_research.py;app/v05j_research.py;backup_before_v05m_recovery_20260702_091828/app/v05j_research.py;backups/code_before_v06e_20260706_115352/app/v05j_research.py,4
/research/companies/compare/report,patches/v05M-R_异常中断恢复模板乱码与全站回归修复_完整覆盖补丁_staging/app/v05j_research.py;app/v05j_research.py;backup_before_v05m_recovery_20260702_091828/app/v05j_research.py;backups/code_before_v06e_20260706_115352/app/v05j_research.py,4
/research/investment,patches/v05M-R_异常中断恢复模板乱码与全站回归修复_完整覆盖补丁_staging/app/v05j_research.py;app/v05j_research.py;backup_before_v05m_recovery_20260702_091828/app/v05j_research.py;backups/code_before_v06e_20260706_115352/app/v05j_research.py,4
/research/investment/{assessment_id},patches/v05M-R_异常中断恢复模板乱码与全站回归修复_完整覆盖补丁_staging/app/v05j_research.py;app/v05j_research.py;backup_before_v05m_recovery_20260702_091828/app/v05j_research.py;backups/code_before_v06e_20260706_115352/app/v05j_research.py,4
/research/investment/{assessment_id}/approve,patches/v05M-R_异常中断恢复模板乱码与全站回归修复_完整覆盖补丁_staging/app/v05j_research.py;app/v05j_research.py;backup_before_v05m_recovery_20260702_091828/app/v05j_research.py;backups/code_before_v06e_20260706_115352/app/v05j_research.py,4
/research/investment/{assessment_id}/convert-lead,patches/v05M-R_异常中断恢复模板乱码与全站回归修复_完整覆盖补丁_staging/app/v05j_research.py;app/v05j_research.py;backup_before_v05m_recovery_20260702_091828/app/v05j_research.py;backups/code_before_v06e_20260706_115352/app/v05j_research.py,4
/research/investment/{assessment_id}/reject,patches/v05M-R_异常中断恢复模板乱码与全站回归修复_完整覆盖补丁_staging/app/v05j_research.py;app/v05j_research.py;backup_before_v05m_recovery_20260702_091828/app/v05j_research.py;backups/code_before_v06e_20260706_115352/app/v05j_research.py,4
/research/topics,patches/v05M-R_异常中断恢复模板乱码与全站回归修复_完整覆盖补丁_staging/app/v05j_research.py;app/v05j_research.py;backup_before_v05m_recovery_20260702_091828/app/v05j_research.py;backups/code_before_v06e_20260706_115352/app/v05j_research.py,4
/research/topics/new,patches/v05M-R_异常中断恢复模板乱码与全站回归修复_完整覆盖补丁_staging/app/v05j_research.py;app/v05j_research.py;backup_before_v05m_recovery_20260702_091828/app/v05j_research.py;backups/code_before_v06e_20260706_115352/app/v05j_research.py,4
/research/topics/{topic_id:int},app/v05j_research.py;backups/code_before_v06e_20260706_115352/app/v05j_research.py,2
/research/topics/{topic_id:int}/dashboard,app/v05j_research.py;backups/code_before_v06e_20260706_115352/app/v05j_research.py,2
/research/topics/{topic_id:int}/events,app/v05j_research.py;backups/code_before_v06e_20260706_115352/app/v05j_research.py,2
/research/topics/{topic_id:int}/refresh,app/v05j_research.py;backups/code_before_v06e_20260706_115352/app/v05j_research.py,2
/research/topics/{topic_id:int}/reports,app/v05j_research.py;backups/code_before_v06e_20260706_115352/app/v05j_research.py,2
/research/topics/{topic_id:int}/signals,app/v05j_research.py;backups/code_before_v06e_20260706_115352/app/v05j_research.py,2
/research/topics/{topic_id:int}/subjects,app/v05j_research.py;backups/code_before_v06e_20260706_115352/app/v05j_research.py,2
/research/topics/{topic_id},patches/v05M-R_异常中断恢复模板乱码与全站回归修复_完整覆盖补丁_staging/app/v05j_research.py;backup_before_v05m_recovery_20260702_091828/app/v05j_research.py,2
/research/topics/{topic_id}/dashboard,patches/v05M-R_异常中断恢复模板乱码与全站回归修复_完整覆盖补丁_staging/app/v05j_research.py;backup_before_v05m_recovery_20260702_091828/app/v05j_research.py,2
/research/topics/{topic_id}/events,patches/v05M-R_异常中断恢复模板乱码与全站回归修复_完整覆盖补丁_staging/app/v05j_research.py;backup_before_v05m_recovery_20260702_091828/app/v05j_research.py,2
/research/topics/{topic_id}/refresh,patches/v05M-R_异常中断恢复模板乱码与全站回归修复_完整覆盖补丁_staging/app/v05j_research.py;backup_before_v05m_recovery_20260702_091828/app/v05j_research.py,2
/research/topics/{topic_id}/reports,patches/v05M-R_异常中断恢复模板乱码与全站回归修复_完整覆盖补丁_staging/app/v05j_research.py;backup_before_v05m_recovery_20260702_091828/app/v05j_research.py,2
/research/topics/{topic_id}/signals,patches/v05M-R_异常中断恢复模板乱码与全站回归修复_完整覆盖补丁_staging/app/v05j_research.py;backup_before_v05m_recovery_20260702_091828/app/v05j_research.py,2
/research/topics/{topic_id}/subjects,patches/v05M-R_异常中断恢复模板乱码与全站回归修复_完整覆盖补丁_staging/app/v05j_research.py;backup_before_v05m_recovery_20260702_091828/app/v05j_research.py,2
/research/tracks,patches/v05M-R_异常中断恢复模板乱码与全站回归修复_完整覆盖补丁_staging/app/v05j_research.py;app/v05j_research.py;backup_before_v05m_recovery_20260702_091828/app/v05j_research.py;backups/code_before_v06e_20260706_115352/app/v05j_research.py,4
/research/tracks/{track_key},patches/v05M-R_异常中断恢复模板乱码与全站回归修复_完整覆盖补丁_staging/app/v05j_research.py;app/v05j_research.py;backup_before_v05m_recovery_20260702_091828/app/v05j_research.py;backups/code_before_v06e_20260706_115352/app/v05j_research.py,4
/resources,patches/v05F_multisource_collection_patch_20260701_093910/app/main.py;backups/code_before_v06h_20260706_145146/routes_platform.py;backups/code_before_v06e_20260706_115352/app/api/v1/resources.py;backups/code_before_v06e_20260706_115352/app/routes_platform.py;patches/v05M-R_异常中断恢复模板乱码与全站回归修复_完整覆盖补丁_staging/app/main.py;backups/code_before_v06i_intelligence_20260706_151858/routes_platform.py;backups/code_before_v06f_20260706_130354/app/routes_platform.py;app/api/v1/resources.py;patches/v05M_全站产品化收口中文化入口整合与核心流程重构_完整覆盖补丁_staging/app/main.py;backups/code_before_v06i_nav_crawl_20260706_162150/app/routes_platform.py;backup_before_v05m_recovery_20260702_091828/app/main.py;app/routes_platform.py;patches/v05G_semantic_processing_patch_20260701_113851/app/main.py,13
/resources/legacy,app/main.py;backups/code_before_v06e_20260706_115352/app/main.py,2
/resources/legacy/{item_id:int},app/main.py;backups/code_before_v06e_20260706_115352/app/main.py,2
/resources/new,backups/code_before_v06h_20260706_145146/routes_platform.py;backups/code_before_v06e_20260706_115352/app/routes_platform.py;backups/code_before_v06i_intelligence_20260706_151858/routes_platform.py;backups/code_before_v06f_20260706_130354/app/routes_platform.py;backups/code_before_v06i_nav_crawl_20260706_162150/app/routes_platform.py;app/routes_platform.py,6
/resources/{item_id},patches/v05F_multisource_collection_patch_20260701_093910/app/main.py;patches/v05M-R_异常中断恢复模板乱码与全站回归修复_完整覆盖补丁_staging/app/main.py;patches/v05M_全站产品化收口中文化入口整合与核心流程重构_完整覆盖补丁_staging/app/main.py;backup_before_v05m_recovery_20260702_091828/app/main.py;patches/v05G_semantic_processing_patch_20260701_113851/app/main.py,5
/resources/{resource_id:int},backups/code_before_v06h_20260706_145146/routes_platform.py;backups/code_before_v06e_20260706_115352/app/routes_platform.py;backups/code_before_v06i_intelligence_20260706_151858/routes_platform.py;backups/code_before_v06f_20260706_130354/app/routes_platform.py;backups/code_before_v06i_nav_crawl_20260706_162150/app/routes_platform.py;app/routes_platform.py,6
/resources/{resource_id},backups/code_before_v06e_20260706_115352/app/api/v1/resources.py;app/api/v1/resources.py,2
/resources/{resource_id}/status,backups/code_before_v06h_20260706_145146/routes_platform.py;backups/code_before_v06e_20260706_115352/app/routes_platform.py;backups/code_before_v06i_intelligence_20260706_151858/routes_platform.py;backups/code_before_v06f_20260706_130354/app/routes_platform.py;backups/code_before_v06i_nav_crawl_20260706_162150/app/routes_platform.py;app/routes_platform.py,6
/review/suspicious-entities,patches/v05F_multisource_collection_patch_20260701_093910/app/main.py;app/main.py;backups/code_before_v06e_20260706_115352/app/main.py;patches/v05M-R_异常中断恢复模板乱码与全站回归修复_完整覆盖补丁_staging/app/main.py;patches/v05M_全站产品化收口中文化入口整合与核心流程重构_完整覆盖补丁_staging/app/main.py;backup_before_v05m_recovery_20260702_091828/app/main.py;patches/v05G_semantic_processing_patch_20260701_113851/app/main.py,7
/review/suspicious-entities/bulk-deactivate,patches/v05F_multisource_collection_patch_20260701_093910/app/main.py;app/main.py;backups/code_before_v06e_20260706_115352/app/main.py;patches/v05M-R_异常中断恢复模板乱码与全站回归修复_完整覆盖补丁_staging/app/main.py;patches/v05M_全站产品化收口中文化入口整合与核心流程重构_完整覆盖补丁_staging/app/main.py;backup_before_v05m_recovery_20260702_091828/app/main.py;patches/v05G_semantic_processing_patch_20260701_113851/app/main.py,7
/review/suspicious-entities/{entity_key}/{item_id}/deactivate,patches/v05F_multisource_collection_patch_20260701_093910/app/main.py;app/main.py;backups/code_before_v06e_20260706_115352/app/main.py;patches/v05M-R_异常中断恢复模板乱码与全站回归修复_完整覆盖补丁_staging/app/main.py;patches/v05M_全站产品化收口中文化入口整合与核心流程重构_完整覆盖补丁_staging/app/main.py;backup_before_v05m_recovery_20260702_091828/app/main.py;patches/v05G_semantic_processing_patch_20260701_113851/app/main.py,7
/review/test,scripts/verify_v05a.py;backup_before_v05m_recovery_20260702_091828/scripts/verify_v05a.py;backups/code_before_v06i_nav_crawl_20260706_162150/scripts/verify_v05a.py;backups/code_before_v06e_20260706_115352/scripts/verify_v05a.py;backups/code_before_v06i_intelligence_20260706_151858/scripts/verify_v05a.py;patches/v05M-R_异常中断恢复模板乱码与全站回归修复_完整覆盖补丁_staging/scripts/verify_v05a.py,6
/reviews,app/main.py;backups/code_before_v06e_20260706_115352/app/main.py;patches/v05M-R_异常中断恢复模板乱码与全站回归修复_完整覆盖补丁_staging/app/main.py;backup_before_v05m_recovery_20260702_091828/app/main.py;patches/v05M_全站产品化收口中文化入口整合与核心流程重构_完整覆盖补丁_staging/app/main.py,5
/rules,patches/v05M-R_异常中断恢复模板乱码与全站回归修复_完整覆盖补丁_staging/app/api/v1/signals.py;backup_before_v05m_recovery_20260702_091828/app/api/v1/signals.py;app/api/v1/signals.py;backups/code_before_v06e_20260706_115352/app/api/v1/signals.py,4
/rules/{rule_id},app/v04db_prestructure.py;patches/v05M-R_异常中断恢复模板乱码与全站回归修复_完整覆盖补丁_staging/app/v04db_prestructure.py;backup_before_v05m_recovery_20260702_091828/app/v04db_prestructure.py;backups/code_before_v06e_20260706_115352/app/v04db_prestructure.py,4
/runs,patches/v05M_全站产品化收口中文化入口整合与核心流程重构_完整覆盖补丁_staging/app/api/v1/pipeline.py;backups/code_before_v06e_20260706_115352/app/api/v1/pipeline.py;patches/v05M-R_异常中断恢复模板乱码与全站回归修复_完整覆盖补丁_staging/app/api/v1/pipeline.py;app/api/v1/pipeline.py;backup_before_v05m_recovery_20260702_091828/app/api/v1/pipeline.py,5
/runs/{run_id},patches/v05M_全站产品化收口中文化入口整合与核心流程重构_完整覆盖补丁_staging/app/api/v1/pipeline.py;backup_before_v05m_recovery_20260702_091828/app/v04db_prestructure.py;backups/code_before_v06e_20260706_115352/app/v04db_prestructure.py;backups/code_before_v06e_20260706_115352/app/api/v1/pipeline.py;app/v04db_prestructure.py;patches/v05M-R_异常中断恢复模板乱码与全站回归修复_完整覆盖补丁_staging/app/v04db_prestructure.py;patches/v05M-R_异常中断恢复模板乱码与全站回归修复_完整覆盖补丁_staging/app/api/v1/pipeline.py;app/api/v1/pipeline.py;backup_before_v05m_recovery_20260702_091828/app/api/v1/pipeline.py,9
/runs/{run_id}/accept-high,app/v04db_prestructure.py;patches/v05M-R_异常中断恢复模板乱码与全站回归修复_完整覆盖补丁_staging/app/v04db_prestructure.py;backup_before_v05m_recovery_20260702_091828/app/v04db_prestructure.py;backups/code_before_v06e_20260706_115352/app/v04db_prestructure.py,4
/runs/{run_id}/cancel,patches/v05M_全站产品化收口中文化入口整合与核心流程重构_完整覆盖补丁_staging/app/api/v1/pipeline.py;backups/code_before_v06e_20260706_115352/app/api/v1/pipeline.py;patches/v05M-R_异常中断恢复模板乱码与全站回归修复_完整覆盖补丁_staging/app/api/v1/pipeline.py;app/api/v1/pipeline.py;backup_before_v05m_recovery_20260702_091828/app/api/v1/pipeline.py,5
/runs/{run_id}/continue,patches/v05M_全站产品化收口中文化入口整合与核心流程重构_完整覆盖补丁_staging/app/api/v1/pipeline.py;backups/code_before_v06e_20260706_115352/app/api/v1/pipeline.py;patches/v05M-R_异常中断恢复模板乱码与全站回归修复_完整覆盖补丁_staging/app/api/v1/pipeline.py;app/api/v1/pipeline.py;backup_before_v05m_recovery_20260702_091828/app/api/v1/pipeline.py,5
/runs/{run_id}/rerun,app/v04db_prestructure.py;patches/v05M-R_异常中断恢复模板乱码与全站回归修复_完整覆盖补丁_staging/app/v04db_prestructure.py;backup_before_v05m_recovery_20260702_091828/app/v04db_prestructure.py;backups/code_before_v06e_20260706_115352/app/v04db_prestructure.py,4
/runs/{run_id}/retry,patches/v05M_全站产品化收口中文化入口整合与核心流程重构_完整覆盖补丁_staging/app/api/v1/pipeline.py;backups/code_before_v06e_20260706_115352/app/api/v1/pipeline.py;patches/v05M-R_异常中断恢复模板乱码与全站回归修复_完整覆盖补丁_staging/app/api/v1/pipeline.py;app/api/v1/pipeline.py;backup_before_v05m_recovery_20260702_091828/app/api/v1/pipeline.py,5
/samples/{sample_id}/review,patches/v05M_全站产品化收口中文化入口整合与核心流程重构_完整覆盖补丁_staging/app/api/v1/pipeline.py;backups/code_before_v06e_20260706_115352/app/api/v1/pipeline.py;patches/v05M-R_异常中断恢复模板乱码与全站回归修复_完整覆盖补丁_staging/app/api/v1/pipeline.py;app/api/v1/pipeline.py;backup_before_v05m_recovery_20260702_091828/app/api/v1/pipeline.py,5
/scan,backup_before_v05m_recovery_20260702_091828/app/v04e_entity_resolution.py;app/v04e_entity_resolution.py;patches/v05M-R_异常中断恢复模板乱码与全站回归修复_完整覆盖补丁_staging/app/v04e_entity_resolution.py;backups/code_before_v06e_20260706_115352/app/v04e_entity_resolution.py,4
/search,patches/v05F_multisource_collection_patch_20260701_093910/app/main.py;app/main.py;backup_before_v05m_recovery_20260702_091828/app/api/v1/search.py;backups/code_before_v06e_20260706_115352/app/main.py;patches/v05M-R_异常中断恢复模板乱码与全站回归修复_完整覆盖补丁_staging/app/main.py;backups/code_before_v06e_20260706_115352/app/api/v1/search.py;patches/v05M_全站产品化收口中文化入口整合与核心流程重构_完整覆盖补丁_staging/app/main.py;patches/v05M-R_异常中断恢复模板乱码与全站回归修复_完整覆盖补丁_staging/app/api/v1/search.py;backup_before_v05m_recovery_20260702_091828/app/main.py;app/api/v1/search.py;patches/v05G_semantic_processing_patch_20260701_113851/app/main.py,11
/setup/admin,app/v05a_security.py;patches/v05M-R_异常中断恢复模板乱码与全站回归修复_完整覆盖补丁_staging/app/v05a_security.py;backup_before_v05m_recovery_20260702_091828/app/v05a_security.py;backups/code_before_v06e_20260706_115352/app/v05a_security.py,4
/signals,backups/code_before_v06e_20260706_115352/app/v05e_intelligence.py;app/v05e_intelligence.py;backup_before_v05m_recovery_20260702_091828/app/v05e_intelligence.py;patches/v05M-R_异常中断恢复模板乱码与全站回归修复_完整覆盖补丁_staging/app/v05e_intelligence.py,4
/signals/alerts,backups/code_before_v06e_20260706_115352/app/v05e_intelligence.py;app/v05e_intelligence.py;backup_before_v05m_recovery_20260702_091828/app/v05e_intelligence.py;patches/v05M-R_异常中断恢复模板乱码与全站回归修复_完整覆盖补丁_staging/app/v05e_intelligence.py,4
/signals/dashboard,backups/code_before_v06e_20260706_115352/app/v05e_intelligence.py;app/v05e_intelligence.py;backup_before_v05m_recovery_20260702_091828/app/v05e_intelligence.py;patches/v05M-R_异常中断恢复模板乱码与全站回归修复_完整覆盖补丁_staging/app/v05e_intelligence.py,4
/signals/generate,backups/code_before_v06e_20260706_115352/app/v05e_intelligence.py;app/v05e_intelligence.py;backup_before_v05m_recovery_20260702_091828/app/v05e_intelligence.py;patches/v05M-R_异常中断恢复模板乱码与全站回归修复_完整覆盖补丁_staging/app/v05e_intelligence.py,4
/signals/rules,backups/code_before_v06e_20260706_115352/app/v05e_intelligence.py;app/v05e_intelligence.py;backup_before_v05m_recovery_20260702_091828/app/v05e_intelligence.py;patches/v05M-R_异常中断恢复模板乱码与全站回归修复_完整覆盖补丁_staging/app/v05e_intelligence.py,4
/signals/rules/{rule_id:int}/toggle,app/v05e_intelligence.py;backups/code_before_v06e_20260706_115352/app/v05e_intelligence.py,2
/signals/rules/{rule_id}/toggle,backup_before_v05m_recovery_20260702_091828/app/v05e_intelligence.py;patches/v05M-R_异常中断恢复模板乱码与全站回归修复_完整覆盖补丁_staging/app/v05e_intelligence.py,2
/signals/run,backups/code_before_v06e_20260706_115352/app/v05e_intelligence.py;app/v05e_intelligence.py;backup_before_v05m_recovery_20260702_091828/app/v05e_intelligence.py;patches/v05M-R_异常中断恢复模板乱码与全站回归修复_完整覆盖补丁_staging/app/v05e_intelligence.py,4
/signals/watchlists,backups/code_before_v06e_20260706_115352/app/v05e_intelligence.py;app/v05e_intelligence.py;backup_before_v05m_recovery_20260702_091828/app/v05e_intelligence.py;patches/v05M-R_异常中断恢复模板乱码与全站回归修复_完整覆盖补丁_staging/app/v05e_intelligence.py,4
/signals/{signal_id:int},app/v05e_intelligence.py;backups/code_before_v06e_20260706_115352/app/v05e_intelligence.py,2
/signals/{signal_id:int}/convert-action,app/v05e_intelligence.py;backups/code_before_v06e_20260706_115352/app/v05e_intelligence.py,2
/signals/{signal_id:int}/convert-lead,app/v05e_intelligence.py;backups/code_before_v06e_20260706_115352/app/v05e_intelligence.py,2
/signals/{signal_id:int}/status,app/v05e_intelligence.py;backups/code_before_v06e_20260706_115352/app/v05e_intelligence.py,2
/signals/{signal_id},backup_before_v05m_recovery_20260702_091828/app/v05e_intelligence.py;patches/v05M-R_异常中断恢复模板乱码与全站回归修复_完整覆盖补丁_staging/app/v05e_intelligence.py,2
/signals/{signal_id}/convert-action,backup_before_v05m_recovery_20260702_091828/app/v05e_intelligence.py;patches/v05M-R_异常中断恢复模板乱码与全站回归修复_完整覆盖补丁_staging/app/v05e_intelligence.py,2
/signals/{signal_id}/status,backup_before_v05m_recovery_20260702_091828/app/v05e_intelligence.py;patches/v05M-R_异常中断恢复模板乱码与全站回归修复_完整覆盖补丁_staging/app/v05e_intelligence.py,2
/snapshots/{snapshot_id},backups/code_before_v06e_20260706_115352/app/api/v1/collection.py;patches/v05M-R_异常中断恢复模板乱码与全站回归修复_完整覆盖补丁_staging/app/api/v1/collection.py;app/api/v1/collection.py;patches/v05F_multisource_collection_patch_20260701_093910/app/api/v1/collection.py;backup_before_v05m_recovery_20260702_091828/app/api/v1/collection.py;patches/v05M_全站产品化收口中文化入口整合与核心流程重构_完整覆盖补丁_staging/app/api/v1/collection.py,6
/sources,backups/code_before_v06e_20260706_115352/app/api/v1/collection.py;patches/v05M-R_异常中断恢复模板乱码与全站回归修复_完整覆盖补丁_staging/app/api/v1/collection.py;app/api/v1/collection.py;patches/v05F_multisource_collection_patch_20260701_093910/app/api/v1/collection.py;backup_before_v05m_recovery_20260702_091828/app/api/v1/collection.py;patches/v05M_全站产品化收口中文化入口整合与核心流程重构_完整覆盖补丁_staging/app/api/v1/collection.py,6
/sources/batch-run,backups/code_before_v06e_20260706_115352/app/api/v1/collection.py;patches/v05M-R_异常中断恢复模板乱码与全站回归修复_完整覆盖补丁_staging/app/api/v1/collection.py;app/api/v1/collection.py;patches/v05F_multisource_collection_patch_20260701_093910/app/api/v1/collection.py;backup_before_v05m_recovery_20260702_091828/app/api/v1/collection.py;patches/v05M_全站产品化收口中文化入口整合与核心流程重构_完整覆盖补丁_staging/app/api/v1/collection.py,6
/sources/{source_id},backups/code_before_v06e_20260706_115352/app/api/v1/collection.py;patches/v05M-R_异常中断恢复模板乱码与全站回归修复_完整覆盖补丁_staging/app/api/v1/collection.py;app/api/v1/collection.py;patches/v05F_multisource_collection_patch_20260701_093910/app/api/v1/collection.py;backup_before_v05m_recovery_20260702_091828/app/api/v1/collection.py;patches/v05M_全站产品化收口中文化入口整合与核心流程重构_完整覆盖补丁_staging/app/api/v1/collection.py,6
/sources/{source_id}/run,backups/code_before_v06e_20260706_115352/app/api/v1/collection.py;patches/v05M-R_异常中断恢复模板乱码与全站回归修复_完整覆盖补丁_staging/app/api/v1/collection.py;app/api/v1/collection.py;patches/v05F_multisource_collection_patch_20260701_093910/app/api/v1/collection.py;backup_before_v05m_recovery_20260702_091828/app/api/v1/collection.py;patches/v05M_全站产品化收口中文化入口整合与核心流程重构_完整覆盖补丁_staging/app/api/v1/collection.py,6
/sources/{source_record_id}/start,patches/v05M-R_异常中断恢复模板乱码与全站回归修复_完整覆盖补丁_staging/app/v04d_structuring.py;backup_before_v05m_recovery_20260702_091828/app/v04d_structuring.py;app/v04d_structuring.py;backups/code_before_v06e_20260706_115352/app/v04d_structuring.py,4
/subject-matches,patches/v05M_全站产品化收口中文化入口整合与核心流程重构_完整覆盖补丁_staging/app/api/v1/processing.py;patches/v05M-R_异常中断恢复模板乱码与全站回归修复_完整覆盖补丁_staging/app/api/v1/processing.py;patches/v05G_semantic_processing_patch_20260701_113851/app/api/v1/processing.py;backup_before_v05m_recovery_20260702_091828/app/api/v1/processing.py;app/api/v1/processing.py;backups/code_before_v06e_20260706_115352/app/api/v1/processing.py,6
/subjects,patches/v05F_multisource_collection_patch_20260701_093910/app/main.py;app/main.py;backups/code_before_v06e_20260706_115352/app/main.py;patches/v05M-R_异常中断恢复模板乱码与全站回归修复_完整覆盖补丁_staging/app/main.py;patches/v05M_全站产品化收口中文化入口整合与核心流程重构_完整覆盖补丁_staging/app/main.py;backup_before_v05m_recovery_20260702_091828/app/main.py;patches/v05G_semantic_processing_patch_20260701_113851/app/main.py,7
/subjects/{subject_type}/{subject_id},patches/v05F_multisource_collection_patch_20260701_093910/app/main.py;app/main.py;backups/code_before_v06e_20260706_115352/app/main.py;patches/v05M-R_异常中断恢复模板乱码与全站回归修复_完整覆盖补丁_staging/app/main.py;patches/v05M_全站产品化收口中文化入口整合与核心流程重构_完整覆盖补丁_staging/app/main.py;backup_before_v05m_recovery_20260702_091828/app/main.py;patches/v05G_semantic_processing_patch_20260701_113851/app/main.py,7
/sync-approved,app/v04c1_ingestion.py;backup_before_v05m_recovery_20260702_091828/app/v04c1_ingestion.py;patches/v05M-R_异常中断恢复模板乱码与全站回归修复_完整覆盖补丁_staging/app/v04c1_ingestion.py;backups/code_before_v06e_20260706_115352/app/v04c1_ingestion.py,4
/system/backups,app/v05kl_operations.py;backup_before_v05m_recovery_20260702_091828/app/v05kl_operations.py;backups/code_before_v06e_20260706_115352/app/v05kl_operations.py;patches/v05M-R_异常中断恢复模板乱码与全站回归修复_完整覆盖补丁_staging/app/v05kl_operations.py,4
/system/errors,app/v05kl_operations.py;backup_before_v05m_recovery_20260702_091828/app/v05kl_operations.py;backups/code_before_v06e_20260706_115352/app/v05kl_operations.py;patches/v05M-R_异常中断恢复模板乱码与全站回归修复_完整覆盖补丁_staging/app/v05kl_operations.py,4
/system/health,app/v05kl_operations.py;backup_before_v05m_recovery_20260702_091828/app/v05kl_operations.py;backups/code_before_v06e_20260706_115352/app/v05kl_operations.py;patches/v05M-R_异常中断恢复模板乱码与全站回归修复_完整覆盖补丁_staging/app/v05kl_operations.py,4
/system/identity-link-requests,app/identity.py;backups/code_before_v06e_20260706_115352/app/identity.py,2
/system/identity-link-requests/{request_id}/approve,app/identity.py;backups/code_before_v06e_20260706_115352/app/identity.py,2
/system/identity-link-requests/{request_id}/reject,app/identity.py;backups/code_before_v06e_20260706_115352/app/identity.py,2
/system/operations,app/v05kl_operations.py;backup_before_v05m_recovery_20260702_091828/app/v05kl_operations.py;backups/code_before_v06e_20260706_115352/app/v05kl_operations.py;patches/v05M-R_异常中断恢复模板乱码与全站回归修复_完整覆盖补丁_staging/app/v05kl_operations.py,4
/system/quality-report,app/v05kl_operations.py;backup_before_v05m_recovery_20260702_091828/app/v05kl_operations.py;backups/code_before_v06e_20260706_115352/app/v05kl_operations.py;patches/v05M-R_异常中断恢复模板乱码与全站回归修复_完整覆盖补丁_staging/app/v05kl_operations.py,4
/system/sources,app/v05kl_operations.py;backup_before_v05m_recovery_20260702_091828/app/v05kl_operations.py;backups/code_before_v06e_20260706_115352/app/v05kl_operations.py;patches/v05M-R_异常中断恢复模板乱码与全站回归修复_完整覆盖补丁_staging/app/v05kl_operations.py,4
/system/sources/health,app/v05kl_operations.py;backup_before_v05m_recovery_20260702_091828/app/v05kl_operations.py;backups/code_before_v06e_20260706_115352/app/v05kl_operations.py;patches/v05M-R_异常中断恢复模板乱码与全站回归修复_完整覆盖补丁_staging/app/v05kl_operations.py,4
/system/tasks,app/v05kl_operations.py;backup_before_v05m_recovery_20260702_091828/app/v05kl_operations.py;backups/code_before_v06e_20260706_115352/app/v05kl_operations.py;patches/v05M-R_异常中断恢复模板乱码与全站回归修复_完整覆盖补丁_staging/app/v05kl_operations.py,4
/task-metrics,backup_before_v05m_recovery_20260702_091828/app/api/v1/system.py;app/api/v1/system.py;backups/code_before_v06e_20260706_115352/app/api/v1/system.py;patches/v05M-R_异常中断恢复模板乱码与全站回归修复_完整覆盖补丁_staging/app/api/v1/system.py,4
/tasks,backup_before_v05m_recovery_20260702_091828/app/api/v1/system.py;app/api/v1/system.py;backups/code_before_v06e_20260706_115352/app/api/v1/system.py;patches/v05M-R_异常中断恢复模板乱码与全站回归修复_完整覆盖补丁_staging/app/api/v1/system.py,4
/tasks/{task_id},patches/v05M-R_异常中断恢复模板乱码与全站回归修复_完整覆盖补丁_staging/app/v04d_structuring.py;backup_before_v05m_recovery_20260702_091828/app/v04d_structuring.py;app/v04d_structuring.py;backups/code_before_v06e_20260706_115352/app/v04d_structuring.py,4
/tasks/{task_id}/items,patches/v05M-R_异常中断恢复模板乱码与全站回归修复_完整覆盖补丁_staging/app/v04d_structuring.py;backup_before_v05m_recovery_20260702_091828/app/v04d_structuring.py;app/v04d_structuring.py;backups/code_before_v06e_20260706_115352/app/v04d_structuring.py,4
/tasks/{task_id}/meta,patches/v05M-R_异常中断恢复模板乱码与全站回归修复_完整覆盖补丁_staging/app/v04d_structuring.py;backup_before_v05m_recovery_20260702_091828/app/v04d_structuring.py;app/v04d_structuring.py;backups/code_before_v06e_20260706_115352/app/v04d_structuring.py,4
/tasks/{task_id}/ready,patches/v05M-R_异常中断恢复模板乱码与全站回归修复_完整覆盖补丁_staging/app/v04d_structuring.py;backup_before_v05m_recovery_20260702_091828/app/v04d_structuring.py;app/v04d_structuring.py;backups/code_before_v06e_20260706_115352/app/v04d_structuring.py,4
/tasks/{task_id}/return,patches/v05M-R_异常中断恢复模板乱码与全站回归修复_完整覆盖补丁_staging/app/v04d_structuring.py;backup_before_v05m_recovery_20260702_091828/app/v04d_structuring.py;app/v04d_structuring.py;backups/code_before_v06e_20260706_115352/app/v04d_structuring.py,4
/tasks/{task_id}/submit,patches/v05M-R_异常中断恢复模板乱码与全站回归修复_完整覆盖补丁_staging/app/v04d_structuring.py;backup_before_v05m_recovery_20260702_091828/app/v04d_structuring.py;app/v04d_structuring.py;backups/code_before_v06e_20260706_115352/app/v04d_structuring.py,4
/topics,patches/v05M-R_异常中断恢复模板乱码与全站回归修复_完整覆盖补丁_staging/app/api/v1/research.py;backup_before_v05m_recovery_20260702_091828/app/api/v1/research.py;backups/code_before_v06e_20260706_115352/app/api/v1/research.py;app/api/v1/research.py,4
/topics/{topic_id:int},app/api/v1/research.py;backups/code_before_v06e_20260706_115352/app/api/v1/research.py,2
/topics/{topic_id:int}/dashboard,app/api/v1/research.py;backups/code_before_v06e_20260706_115352/app/api/v1/research.py,2
/topics/{topic_id:int}/network,app/api/v1/research.py;backups/code_before_v06e_20260706_115352/app/api/v1/research.py,2
/topics/{topic_id:int}/refresh,app/api/v1/research.py;backups/code_before_v06e_20260706_115352/app/api/v1/research.py,2
/topics/{topic_id:int}/reports,app/api/v1/research.py;backups/code_before_v06e_20260706_115352/app/api/v1/research.py,2
/topics/{topic_id:int}/signals,app/api/v1/research.py;backups/code_before_v06e_20260706_115352/app/api/v1/research.py,2
/topics/{topic_id:int}/subjects,app/api/v1/research.py;backups/code_before_v06e_20260706_115352/app/api/v1/research.py,2
/topics/{topic_id:int}/subjects/{subject_type}/{subject_id},app/api/v1/research.py;backups/code_before_v06e_20260706_115352/app/api/v1/research.py,2
/topics/{topic_id:int}/timeline,app/api/v1/research.py;backups/code_before_v06e_20260706_115352/app/api/v1/research.py,2
/topics/{topic_id},patches/v05M-R_异常中断恢复模板乱码与全站回归修复_完整覆盖补丁_staging/app/api/v1/research.py;backup_before_v05m_recovery_20260702_091828/app/api/v1/research.py,2
/topics/{topic_id}/dashboard,patches/v05M-R_异常中断恢复模板乱码与全站回归修复_完整覆盖补丁_staging/app/api/v1/research.py;backup_before_v05m_recovery_20260702_091828/app/api/v1/research.py,2
/topics/{topic_id}/network,patches/v05M-R_异常中断恢复模板乱码与全站回归修复_完整覆盖补丁_staging/app/api/v1/research.py;backup_before_v05m_recovery_20260702_091828/app/api/v1/research.py,2
/topics/{topic_id}/refresh,patches/v05M-R_异常中断恢复模板乱码与全站回归修复_完整覆盖补丁_staging/app/api/v1/research.py;backup_before_v05m_recovery_20260702_091828/app/api/v1/research.py,2
/topics/{topic_id}/reports,patches/v05M-R_异常中断恢复模板乱码与全站回归修复_完整覆盖补丁_staging/app/api/v1/research.py;backup_before_v05m_recovery_20260702_091828/app/api/v1/research.py,2
/topics/{topic_id}/signals,patches/v05M-R_异常中断恢复模板乱码与全站回归修复_完整覆盖补丁_staging/app/api/v1/research.py;backup_before_v05m_recovery_20260702_091828/app/api/v1/research.py,2
/topics/{topic_id}/subjects,patches/v05M-R_异常中断恢复模板乱码与全站回归修复_完整覆盖补丁_staging/app/api/v1/research.py;backup_before_v05m_recovery_20260702_091828/app/api/v1/research.py,2
/topics/{topic_id}/subjects/{subject_type}/{subject_id},patches/v05M-R_异常中断恢复模板乱码与全站回归修复_完整覆盖补丁_staging/app/api/v1/research.py;backup_before_v05m_recovery_20260702_091828/app/api/v1/research.py,2
/topics/{topic_id}/timeline,patches/v05M-R_异常中断恢复模板乱码与全站回归修复_完整覆盖补丁_staging/app/api/v1/research.py;backup_before_v05m_recovery_20260702_091828/app/api/v1/research.py,2
/tracks,patches/v05M-R_异常中断恢复模板乱码与全站回归修复_完整覆盖补丁_staging/app/api/v1/research.py;backup_before_v05m_recovery_20260702_091828/app/api/v1/research.py;backups/code_before_v06e_20260706_115352/app/api/v1/research.py;app/api/v1/research.py,4
/tracks/{track_key},patches/v05M-R_异常中断恢复模板乱码与全站回归修复_完整覆盖补丁_staging/app/api/v1/research.py;backup_before_v05m_recovery_20260702_091828/app/api/v1/research.py;backups/code_before_v06e_20260706_115352/app/api/v1/research.py;app/api/v1/research.py,4
/v04f/health,backups/code_before_v06e_20260706_115352/app/v04f_operations.py;patches/v05M-R_异常中断恢复模板乱码与全站回归修复_完整覆盖补丁_staging/app/v04f_operations.py;backup_before_v05m_recovery_20260702_091828/app/v04f_operations.py;app/v04f_operations.py,4
/v04g/health,patches/v05M-R_异常中断恢复模板乱码与全站回归修复_完整覆盖补丁_staging/app/v04g_monitoring.py;backup_before_v05m_recovery_20260702_091828/app/v04g_monitoring.py;app/v04g_monitoring.py;backups/code_before_v06e_20260706_115352/app/v04g_monitoring.py,4
/v04h/health,app/v04h_recommendations.py;backups/code_before_v06e_20260706_115352/app/v04h_recommendations.py;patches/v05M-R_异常中断恢复模板乱码与全站回归修复_完整覆盖补丁_staging/app/v04h_recommendations.py;backup_before_v05m_recovery_20260702_091828/app/v04h_recommendations.py,4
/v05a/health,app/v05a_security.py;patches/v05M-R_异常中断恢复模板乱码与全站回归修复_完整覆盖补丁_staging/app/v05a_security.py;backup_before_v05m_recovery_20260702_091828/app/v05a_security.py;backups/code_before_v06e_20260706_115352/app/v05a_security.py,4
/v05b/health,app/v05b_member_import.py;backups/code_before_v06e_20260706_115352/app/v05b_member_import.py;patches/v05M-R_异常中断恢复模板乱码与全站回归修复_完整覆盖补丁_staging/app/v05b_member_import.py;backup_before_v05m_recovery_20260702_091828/app/v05b_member_import.py,4
/v05c/health,backups/code_before_v06e_20260706_115352/app/v05c_club_events.py;patches/v05M-R_异常中断恢复模板乱码与全站回归修复_完整覆盖补丁_staging/app/v05c_club_events.py;app/v05c_club_events.py;backup_before_v05m_recovery_20260702_091828/app/v05c_club_events.py,4
/v05d/health,patches/v05M-R_异常中断恢复模板乱码与全站回归修复_完整覆盖补丁_staging/app/v05d_member_portal.py;backup_before_v05m_recovery_20260702_091828/app/v05d_member_portal.py;backups/code_before_v06e_20260706_115352/app/v05d_member_portal.py;app/v05d_member_portal.py,4
/v05e/health,backups/code_before_v06e_20260706_115352/app/v05e_intelligence.py;app/v05e_intelligence.py;backup_before_v05m_recovery_20260702_091828/app/v05e_intelligence.py;patches/v05M-R_异常中断恢复模板乱码与全站回归修复_完整覆盖补丁_staging/app/v05e_intelligence.py,4
/v05f/health,patches/v05F_multisource_collection_patch_20260701_093910/app/v05f_collection.py;app/v05f_collection.py;backups/code_before_v06e_20260706_115352/app/v05f_collection.py;patches/v05M-R_异常中断恢复模板乱码与全站回归修复_完整覆盖补丁_staging/app/v05f_collection.py;backup_before_v05m_recovery_20260702_091828/app/v05f_collection.py,5
/v05g/health,backup_before_v05m_recovery_20260702_091828/app/v05g_processing.py;backups/code_before_v06e_20260706_115352/app/v05g_processing.py;patches/v05G_semantic_processing_patch_20260701_113851/app/v05g_processing.py;app/v05g_processing.py;patches/v05M-R_异常中断恢复模板乱码与全站回归修复_完整覆盖补丁_staging/app/v05g_processing.py,5
/v05h/health,backups/code_before_v06e_20260706_115352/app/v05h_reports.py;app/v05h_reports.py;patches/v05M-R_异常中断恢复模板乱码与全站回归修复_完整覆盖补丁_staging/app/v05h_reports.py;backup_before_v05m_recovery_20260702_091828/app/v05h_reports.py,4
/v05i/health,patches/v05M-R_异常中断恢复模板乱码与全站回归修复_完整覆盖补丁_staging/app/v05i_pipeline.py;backups/code_before_v06e_20260706_115352/app/v05i_pipeline.py;app/v05i_pipeline.py;backup_before_v05m_recovery_20260702_091828/app/v05i_pipeline.py,4
/v05j/health,patches/v05M-R_异常中断恢复模板乱码与全站回归修复_完整覆盖补丁_staging/app/v05j_research.py;app/v05j_research.py;backup_before_v05m_recovery_20260702_091828/app/v05j_research.py;backups/code_before_v06e_20260706_115352/app/v05j_research.py,4
/v05kl/health,app/v05kl_operations.py;backup_before_v05m_recovery_20260702_091828/app/v05kl_operations.py;backups/code_before_v06e_20260706_115352/app/v05kl_operations.py;patches/v05M-R_异常中断恢复模板乱码与全站回归修复_完整覆盖补丁_staging/app/v05kl_operations.py,4
/version,app/api/v1/router.py;backups/code_before_v06e_20260706_115352/app/api/v1/router.py,2
/watchlists,backups/code_before_v06e_20260706_115352/app/v05e_intelligence.py;app/v05e_intelligence.py;backup_before_v05m_recovery_20260702_091828/app/v05e_intelligence.py;patches/v05M-R_异常中断恢复模板乱码与全站回归修复_完整覆盖补丁_staging/app/v05e_intelligence.py,4
/watchlists/{watchlist_id:int},app/v05e_intelligence.py;backups/code_before_v06e_20260706_115352/app/v05e_intelligence.py,2
/watchlists/{watchlist_id:int}/items,app/v05e_intelligence.py;backups/code_before_v06e_20260706_115352/app/v05e_intelligence.py,2
/watchlists/{watchlist_id},backup_before_v05m_recovery_20260702_091828/app/v05e_intelligence.py;patches/v05M-R_异常中断恢复模板乱码与全站回归修复_完整覆盖补丁_staging/app/v05e_intelligence.py,2
/watchlists/{watchlist_id}/items,backup_before_v05m_recovery_20260702_091828/app/v05e_intelligence.py;patches/v05M-R_异常中断恢复模板乱码与全站回归修复_完整覆盖补丁_staging/app/v05e_intelligence.py,2
/worker/run-once,patches/v05M_全站产品化收口中文化入口整合与核心流程重构_完整覆盖补丁_staging/app/api/v1/processing.py;patches/v05M-R_异常中断恢复模板乱码与全站回归修复_完整覆盖补丁_staging/app/api/v1/processing.py;patches/v05G_semantic_processing_patch_20260701_113851/app/api/v1/processing.py;backup_before_v05m_recovery_20260702_091828/app/api/v1/processing.py;app/api/v1/processing.py;backups/code_before_v06e_20260706_115352/app/api/v1/processing.py,6
/workspace,backups/code_before_v06h_20260706_145146/routes_platform.py;backups/code_before_v06e_20260706_115352/app/routes_platform.py;backups/code_before_v06i_intelligence_20260706_151858/routes_platform.py;backups/code_before_v06f_20260706_130354/app/routes_platform.py;backups/code_before_v06i_nav_crawl_20260706_162150/app/routes_platform.py;app/routes_platform.py,6
/write,scripts/verify_v05a.py;backup_before_v05m_recovery_20260702_091828/scripts/verify_v05a.py;backups/code_before_v06i_nav_crawl_20260706_162150/scripts/verify_v05a.py;backups/code_before_v06e_20260706_115352/scripts/verify_v05a.py;backups/code_before_v06i_intelligence_20260706_151858/scripts/verify_v05a.py;patches/v05M-R_异常中断恢复模板乱码与全站回归修复_完整覆盖补丁_staging/scripts/verify_v05a.py,6
/{assessment_id},patches/v05M-R_异常中断恢复模板乱码与全站回归修复_完整覆盖补丁_staging/app/api/v1/investment_assessments.py;backups/code_before_v06e_20260706_115352/app/api/v1/investment_assessments.py;backup_before_v05m_recovery_20260702_091828/app/api/v1/investment_assessments.py;app/api/v1/investment_assessments.py,4
/{assessment_id}/approve,patches/v05M-R_异常中断恢复模板乱码与全站回归修复_完整覆盖补丁_staging/app/api/v1/investment_assessments.py;backups/code_before_v06e_20260706_115352/app/api/v1/investment_assessments.py;backup_before_v05m_recovery_20260702_091828/app/api/v1/investment_assessments.py;app/api/v1/investment_assessments.py,4
/{assessment_id}/convert-lead,patches/v05M-R_异常中断恢复模板乱码与全站回归修复_完整覆盖补丁_staging/app/api/v1/investment_assessments.py;backups/code_before_v06e_20260706_115352/app/api/v1/investment_assessments.py;backup_before_v05m_recovery_20260702_091828/app/api/v1/investment_assessments.py;app/api/v1/investment_assessments.py,4
/{assessment_id}/generate,patches/v05M-R_异常中断恢复模板乱码与全站回归修复_完整覆盖补丁_staging/app/api/v1/investment_assessments.py;backups/code_before_v06e_20260706_115352/app/api/v1/investment_assessments.py;backup_before_v05m_recovery_20260702_091828/app/api/v1/investment_assessments.py;app/api/v1/investment_assessments.py,4
/{assessment_id}/reject,patches/v05M-R_异常中断恢复模板乱码与全站回归修复_完整覆盖补丁_staging/app/api/v1/investment_assessments.py;backups/code_before_v06e_20260706_115352/app/api/v1/investment_assessments.py;backup_before_v05m_recovery_20260702_091828/app/api/v1/investment_assessments.py;app/api/v1/investment_assessments.py,4
/{report_id},patches/v05M-R_异常中断恢复模板乱码与全站回归修复_完整覆盖补丁_staging/app/api/v1/reports.py;backup_before_v05m_recovery_20260702_091828/app/api/v1/reports.py;backups/code_before_v06e_20260706_115352/app/api/v1/reports.py;app/api/v1/reports.py;patches/v05M_全站产品化收口中文化入口整合与核心流程重构_完整覆盖补丁_staging/app/api/v1/reports.py,5
/{report_id}/approve,patches/v05M-R_异常中断恢复模板乱码与全站回归修复_完整覆盖补丁_staging/app/api/v1/reports.py;backup_before_v05m_recovery_20260702_091828/app/api/v1/reports.py;backups/code_before_v06e_20260706_115352/app/api/v1/reports.py;app/api/v1/reports.py;patches/v05M_全站产品化收口中文化入口整合与核心流程重构_完整覆盖补丁_staging/app/api/v1/reports.py,5
/{report_id}/archive,patches/v05M-R_异常中断恢复模板乱码与全站回归修复_完整覆盖补丁_staging/app/api/v1/reports.py;backup_before_v05m_recovery_20260702_091828/app/api/v1/reports.py;backups/code_before_v06e_20260706_115352/app/api/v1/reports.py;app/api/v1/reports.py;patches/v05M_全站产品化收口中文化入口整合与核心流程重构_完整覆盖补丁_staging/app/api/v1/reports.py,5
/{report_id}/citations,patches/v05M-R_异常中断恢复模板乱码与全站回归修复_完整覆盖补丁_staging/app/api/v1/reports.py;backup_before_v05m_recovery_20260702_091828/app/api/v1/reports.py;backups/code_before_v06e_20260706_115352/app/api/v1/reports.py;app/api/v1/reports.py;patches/v05M_全站产品化收口中文化入口整合与核心流程重构_完整覆盖补丁_staging/app/api/v1/reports.py,5
/{report_id}/submit,patches/v05M-R_异常中断恢复模板乱码与全站回归修复_完整覆盖补丁_staging/app/api/v1/reports.py;backup_before_v05m_recovery_20260702_091828/app/api/v1/reports.py;backups/code_before_v06e_20260706_115352/app/api/v1/reports.py;app/api/v1/reports.py;patches/v05M_全站产品化收口中文化入口整合与核心流程重构_完整覆盖补丁_staging/app/api/v1/reports.py,5
/{signal_id:int},app/api/v1/signals.py;backups/code_before_v06e_20260706_115352/app/api/v1/signals.py,2
/{signal_id:int}/convert-action,app/api/v1/signals.py;backups/code_before_v06e_20260706_115352/app/api/v1/signals.py,2
/{signal_id:int}/ignore,app/api/v1/signals.py;backups/code_before_v06e_20260706_115352/app/api/v1/signals.py,2
/{signal_id:int}/important,app/api/v1/signals.py;backups/code_before_v06e_20260706_115352/app/api/v1/signals.py,2
/{signal_id:int}/read,app/api/v1/signals.py;backups/code_before_v06e_20260706_115352/app/api/v1/signals.py,2
/{signal_id:int}/status,app/api/v1/signals.py;backups/code_before_v06e_20260706_115352/app/api/v1/signals.py,2
/{signal_id},patches/v05M-R_异常中断恢复模板乱码与全站回归修复_完整覆盖补丁_staging/app/api/v1/signals.py;backup_before_v05m_recovery_20260702_091828/app/api/v1/signals.py,2
/{signal_id}/convert-action,patches/v05M-R_异常中断恢复模板乱码与全站回归修复_完整覆盖补丁_staging/app/api/v1/signals.py;backup_before_v05m_recovery_20260702_091828/app/api/v1/signals.py,2
/{signal_id}/ignore,patches/v05M-R_异常中断恢复模板乱码与全站回归修复_完整覆盖补丁_staging/app/api/v1/signals.py;backup_before_v05m_recovery_20260702_091828/app/api/v1/signals.py,2
/{signal_id}/important,patches/v05M-R_异常中断恢复模板乱码与全站回归修复_完整覆盖补丁_staging/app/api/v1/signals.py;backup_before_v05m_recovery_20260702_091828/app/api/v1/signals.py,2
/{signal_id}/read,patches/v05M-R_异常中断恢复模板乱码与全站回归修复_完整覆盖补丁_staging/app/api/v1/signals.py;backup_before_v05m_recovery_20260702_091828/app/api/v1/signals.py,2
/{signal_id}/status,patches/v05M-R_异常中断恢复模板乱码与全站回归修复_完整覆盖补丁_staging/app/api/v1/signals.py;backup_before_v05m_recovery_20260702_091828/app/api/v1/signals.py,2
/{subject_type}/{subject_id},backups/code_before_v06e_20260706_115352/app/api/v1/subjects.py;backup_before_v05m_recovery_20260702_091828/app/api/v1/subjects.py;patches/v05M-R_异常中断恢复模板乱码与全站回归修复_完整覆盖补丁_staging/app/api/v1/subjects.py;app/api/v1/subjects.py,4
/{subject_type}/{subject_id}/actions,backups/code_before_v06e_20260706_115352/app/api/v1/subjects.py;backup_before_v05m_recovery_20260702_091828/app/api/v1/subjects.py;patches/v05M-R_异常中断恢复模板乱码与全站回归修复_完整覆盖补丁_staging/app/api/v1/subjects.py;app/api/v1/subjects.py,4
/{subject_type}/{subject_id}/relationships,backups/code_before_v06e_20260706_115352/app/api/v1/subjects.py;backup_before_v05m_recovery_20260702_091828/app/api/v1/subjects.py;patches/v05M-R_异常中断恢复模板乱码与全站回归修复_完整覆盖补丁_staging/app/api/v1/subjects.py;app/api/v1/subjects.py,4
/{subject_type}/{subject_id}/reviews,backups/code_before_v06e_20260706_115352/app/api/v1/subjects.py;backup_before_v05m_recovery_20260702_091828/app/api/v1/subjects.py;patches/v05M-R_异常中断恢复模板乱码与全站回归修复_完整覆盖补丁_staging/app/api/v1/subjects.py;app/api/v1/subjects.py,4
/{subject_type}/{subject_id}/sources,backups/code_before_v06e_20260706_115352/app/api/v1/subjects.py;backup_before_v05m_recovery_20260702_091828/app/api/v1/subjects.py;patches/v05M-R_异常中断恢复模板乱码与全站回归修复_完整覆盖补丁_staging/app/api/v1/subjects.py;app/api/v1/subjects.py,4
/{subject_type}/{subject_id}/timeline,backups/code_before_v06e_20260706_115352/app/api/v1/subjects.py;backup_before_v05m_recovery_20260702_091828/app/api/v1/subjects.py;patches/v05M-R_异常中断恢复模板乱码与全站回归修复_完整覆盖补丁_staging/app/api/v1/subjects.py;app/api/v1/subjects.py,4
/{watchlist_id}/items,app/api/v1/watchlists.py;backup_before_v05m_recovery_20260702_091828/app/api/v1/watchlists.py;backups/code_before_v06e_20260706_115352/app/api/v1/watchlists.py;patches/v05M-R_异常中断恢复模板乱码与全站回归修复_完整覆盖补丁_staging/app/api/v1/watchlists.py,4
[included_router],patches/v05F_multisource_collection_patch_20260701_093910/app/main.py;backup_before_v05m_recovery_20260702_091828/scripts/apply_v03b.py;patches/v05M-R_异常中断恢复模板乱码与全站回归修复_完整覆盖补丁_staging/app/api/v1/router.py;backups/code_before_v06i_nav_crawl_20260706_162150/scripts/apply_direct_route_fix.py;scripts/verify_v04c1.py;patches/v05M-R_异常中断恢复模板乱码与全站回归修复_完整覆盖补丁_staging/app/main.py;backups/code_before_v06i_intelligence_20260706_151858/scripts/verify_v04h.py;backups/code_before_v06e_20260706_115352/scripts/verify_v04h.py;backup_before_v05m_recovery_20260702_091828/app/api/v1/router.py;patches/v05M-R_异常中断恢复模板乱码与全站回归修复_完整覆盖补丁_staging/scripts/apply_v03b.py;backups/code_before_v06e_20260706_115352/scripts/apply_v03b.py;patches/v05M-R_异常中断恢复模板乱码与全站回归修复_完整覆盖补丁_staging/scripts/verify_v04h.py;app/main.py;backup_before_v05m_recovery_20260702_091828/scripts/verify_v04h.py;scripts/apply_direct_route_fix.py;backups/code_before_v06e_20260706_115352/scripts/apply_direct_route_fix.py;backup_before_v05m_recovery_20260702_091828/scripts/verify_v05a.py;backups/code_before_v06i_nav_crawl_20260706_162150/scripts/verify_v05a.py;patches/v05M-R_异常中断恢复模板乱码与全站回归修复_完整覆盖补丁_staging/scripts/apply_direct_route_fix.py;backups/code_before_v06i_intelligence_20260706_151858/scripts/apply_v03b.py;backup_before_v05m_recovery_20260702_091828/app/main.py;scripts/apply_v03b.py;patches/v05G_semantic_processing_patch_20260701_113851/app/api/v1/router.py;scripts/verify_v04h.py;patches/v05M-R_异常中断恢复模板乱码与全站回归修复_完整覆盖补丁_staging/scripts/verify_v04c1.py;backups/code_before_v06i_nav_crawl_20260706_162150/scripts/verify_v04h.py;patches/v05M_全站产品化收口中文化入口整合与核心流程重构_完整覆盖补丁_staging/app/main.py;backup_before_v05m_recovery_20260702_091828/scripts/verify_v04c1.py;backups/code_before_v06i_nav_crawl_20260706_162150/scripts/verify_v04c1.py;backups/code_before_v06e_20260706_115352/app/api/v1/router.py;backup_before_v05m_recovery_20260702_091828/scripts/apply_direct_route_fix.py;scripts/verify_v05a.py;backups/code_before_v06e_20260706_115352/app/main.py;app/api/v1/router.py;backups/code_before_v06e_20260706_115352/scripts/verify_v04c1.py;backups/code_before_v06e_20260706_115352/scripts/verify_v05a.py;backups/code_before_v06i_intelligence_20260706_151858/scripts/apply_direct_route_fix.py;backups/code_before_v06i_intelligence_20260706_151858/scripts/verify_v04c1.py;backups/code_before_v06i_intelligence_20260706_151858/scripts/verify_v05a.py;patches/v05F_multisource_collection_patch_20260701_093910/app/api/v1/router.py;patches/v05M-R_异常中断恢复模板乱码与全站回归修复_完整覆盖补丁_staging/scripts/verify_v05a.py;backups/code_before_v06i_nav_crawl_20260706_162150/scripts/apply_v03b.py;patches/v05G_semantic_processing_patch_20260701_113851/app/main.py,43
