sha256,paths,count,size
01ba4719c80b6fe911b091a7c05124b64eeece964e09c058ef8f9805daca546b,patches/v05M-R_异常中断恢复模板乱码与全站回归修复_完整覆盖补丁_staging/app/api/__init__.py;patches/v05M-R_异常中断恢复模板乱码与全站回归修复_完整覆盖补丁_staging/app/services/__init__.py;patches/v05M-R_异常中断恢复模板乱码与全站回归修复_完整覆盖补丁_staging/app/api/v1/__init__.py;backup_before_v05m_recovery_20260702_091828/app/api/__init__.py;backup_before_v05m_recovery_20260702_091828/app/services/__init__.py;backup_before_v05m_recovery_20260702_091828/app/api/v1/__init__.py;backups/code_before_v06i_intelligence_20260706_151858/services/__init__.py;backups/code_before_v06e_20260706_115352/app/api/__init__.py;backups/code_before_v06e_20260706_115352/app/services/__init__.py;backups/code_before_v06e_20260706_115352/app/api/v1/__init__.py;app/api/__init__.py;app/services/__init__.py;app/api/v1/__init__.py,13,1
a6591bae009d81a31bbf11b5805297806f2fefdc5da90be4a9a484bdd57ad690,scripts/queue_historical_processing.py;patches/v05M-R_异常中断恢复模板乱码与全站回归修复_完整覆盖补丁_staging/scripts/queue_historical_processing.py;patches/v05G_semantic_processing_patch_20260701_113851/scripts/queue_historical_processing.py;backup_before_v05m_recovery_20260702_091828/scripts/queue_historical_processing.py;backups/code_before_v06i_nav_crawl_20260706_162150/scripts/queue_historical_processing.py;backups/code_before_v06i_intelligence_20260706_151858/scripts/queue_historical_processing.py;backups/code_before_v06e_20260706_115352/scripts/queue_historical_processing.py,7,1916
fb9b8a1d6555c29c665d9da6f93d231f9c59e500728079e425e3b64c1f7d65a1,scripts/run_collection_worker.py;patches/v05M-R_异常中断恢复模板乱码与全站回归修复_完整覆盖补丁_staging/scripts/run_collection_worker.py;patches/v05F_multisource_collection_patch_20260701_093910/scripts/run_collection_worker.py;backup_before_v05m_recovery_20260702_091828/scripts/run_collection_worker.py;backups/code_before_v06i_nav_crawl_20260706_162150/scripts/run_collection_worker.py;backups/code_before_v06i_intelligence_20260706_151858/scripts/run_collection_worker.py;backups/code_before_v06e_20260706_115352/scripts/run_collection_worker.py,7,1723
bc8a6701c299c4daf1fea700c478a0d7df26db59cdea69efb711ae344a58a89c,scripts/run_processing_worker.py;patches/v05M-R_异常中断恢复模板乱码与全站回归修复_完整覆盖补丁_staging/scripts/run_processing_worker.py;patches/v05G_semantic_processing_patch_20260701_113851/scripts/run_processing_worker.py;backup_before_v05m_recovery_20260702_091828/scripts/run_processing_worker.py;backups/code_before_v06i_nav_crawl_20260706_162150/scripts/run_processing_worker.py;backups/code_before_v06i_intelligence_20260706_151858/scripts/run_processing_worker.py;backups/code_before_v06e_20260706_115352/scripts/run_processing_worker.py,7,2252
5f4b4fdc73bbb42bf0096eedcdf2efbfc1cdd8b5b4bf714e74e00ca46f75fe2b,scripts/verify_v05f.py;patches/v05M-R_异常中断恢复模板乱码与全站回归修复_完整覆盖补丁_staging/scripts/verify_v05f.py;patches/v05F_multisource_collection_patch_20260701_093910/scripts/verify_v05f.py;backup_before_v05m_recovery_20260702_091828/scripts/verify_v05f.py;backups/code_before_v06i_nav_crawl_20260706_162150/scripts/verify_v05f.py;backups/code_before_v06i_intelligence_20260706_151858/scripts/verify_v05f.py;backups/code_before_v06e_20260706_115352/scripts/verify_v05f.py,7,8759
4099bd51c76186a93c060820b6430d4c4ff3c3f5494d5b3db96edb3d464a89cc,scripts/verify_v05g.py;patches/v05M-R_异常中断恢复模板乱码与全站回归修复_完整覆盖补丁_staging/scripts/verify_v05g.py;patches/v05G_semantic_processing_patch_20260701_113851/scripts/verify_v05g.py;backup_before_v05m_recovery_20260702_091828/scripts/verify_v05g.py;backups/code_before_v06i_nav_crawl_20260706_162150/scripts/verify_v05g.py;backups/code_before_v06i_intelligence_20260706_151858/scripts/verify_v05g.py;backups/code_before_v06e_20260706_115352/scripts/verify_v05g.py,7,11822
8c2706a1a2fee897eebf4e2ca9299ccd83faf4cc513e1cb9fcff1b389a0f89c6,scripts/apply_direct_route_fix.py;patches/v05M-R_异常中断恢复模板乱码与全站回归修复_完整覆盖补丁_staging/scripts/apply_direct_route_fix.py;backup_before_v05m_recovery_20260702_091828/scripts/apply_direct_route_fix.py;backups/code_before_v06i_nav_crawl_20260706_162150/scripts/apply_direct_route_fix.py;backups/code_before_v06i_intelligence_20260706_151858/scripts/apply_direct_route_fix.py;backups/code_before_v06e_20260706_115352/scripts/apply_direct_route_fix.py,6,6927
045d3068e401c6c5cdbcd36d142a84de123416f3228b8cb75c4ad234f1c22d20,scripts/apply_v03b.py;patches/v05M-R_异常中断恢复模板乱码与全站回归修复_完整覆盖补丁_staging/scripts/apply_v03b.py;backup_before_v05m_recovery_20260702_091828/scripts/apply_v03b.py;backups/code_before_v06i_nav_crawl_20260706_162150/scripts/apply_v03b.py;backups/code_before_v06i_intelligence_20260706_151858/scripts/apply_v03b.py;backups/code_before_v06e_20260706_115352/scripts/apply_v03b.py,6,3341
f04db1cd26157fe8f4852511303e5e89f3dc37fd239b785f160368dc66360eab,scripts/apply_v03c.py;patches/v05M-R_异常中断恢复模板乱码与全站回归修复_完整覆盖补丁_staging/scripts/apply_v03c.py;backup_before_v05m_recovery_20260702_091828/scripts/apply_v03c.py;backups/code_before_v06i_nav_crawl_20260706_162150/scripts/apply_v03c.py;backups/code_before_v06i_intelligence_20260706_151858/scripts/apply_v03c.py;backups/code_before_v06e_20260706_115352/scripts/apply_v03c.py,6,1883
bf2bcd1da07fa0025a7fea8833317c26ce7440b8ebbf089f9387ce79fe6cf47b,scripts/apply_v04a.py;patches/v05M-R_异常中断恢复模板乱码与全站回归修复_完整覆盖补丁_staging/scripts/apply_v04a.py;backup_before_v05m_recovery_20260702_091828/scripts/apply_v04a.py;backups/code_before_v06i_nav_crawl_20260706_162150/scripts/apply_v04a.py;backups/code_before_v06i_intelligence_20260706_151858/scripts/apply_v04a.py;backups/code_before_v06e_20260706_115352/scripts/apply_v04a.py,6,2324
612588fe994e208ecbda53fc6e88ae2ba0b9f6c41d39a9341176a5950a10f4eb,scripts/apply_v04b.py;patches/v05M-R_异常中断恢复模板乱码与全站回归修复_完整覆盖补丁_staging/scripts/apply_v04b.py;backup_before_v05m_recovery_20260702_091828/scripts/apply_v04b.py;backups/code_before_v06i_nav_crawl_20260706_162150/scripts/apply_v04b.py;backups/code_before_v06i_intelligence_20260706_151858/scripts/apply_v04b.py;backups/code_before_v06e_20260706_115352/scripts/apply_v04b.py,6,4843
47574779f9700e822fc07af6adf8de1c93959fa84036c7959b0110f67f6e7481,scripts/audit_suspicious_entities.py;patches/v05M-R_异常中断恢复模板乱码与全站回归修复_完整覆盖补丁_staging/scripts/audit_suspicious_entities.py;backup_before_v05m_recovery_20260702_091828/scripts/audit_suspicious_entities.py;backups/code_before_v06i_nav_crawl_20260706_162150/scripts/audit_suspicious_entities.py;backups/code_before_v06i_intelligence_20260706_151858/scripts/audit_suspicious_entities.py;backups/code_before_v06e_20260706_115352/scripts/audit_suspicious_entities.py,6,2874
7d4c4a96ad99a23218cf6b6423d222cb9d6f09bd9b6e9aa0a870f2cc68051d6f,scripts/backup_database.py;patches/v05M-R_异常中断恢复模板乱码与全站回归修复_完整覆盖补丁_staging/scripts/backup_database.py;backup_before_v05m_recovery_20260702_091828/scripts/backup_database.py;backups/code_before_v06i_nav_crawl_20260706_162150/scripts/backup_database.py;backups/code_before_v06i_intelligence_20260706_151858/scripts/backup_database.py;backups/code_before_v06e_20260706_115352/scripts/backup_database.py,6,441
d4658dfbe28f8ecfa9ad0e74ad582245845de9834246bc2cc9cd16369cf0c748,scripts/check_seed_data.py;patches/v05M-R_异常中断恢复模板乱码与全站回归修复_完整覆盖补丁_staging/scripts/check_seed_data.py;backup_before_v05m_recovery_20260702_091828/scripts/check_seed_data.py;backups/code_before_v06i_nav_crawl_20260706_162150/scripts/check_seed_data.py;backups/code_before_v06i_intelligence_20260706_151858/scripts/check_seed_data.py;backups/code_before_v06e_20260706_115352/scripts/check_seed_data.py,6,722
906b95e168dacfe40a4469bdda0e21c38fc4ffe7b0eadaed47f4a1b22c1be3ef,scripts/collect_v04d_context.py;patches/v05M-R_异常中断恢复模板乱码与全站回归修复_完整覆盖补丁_staging/scripts/collect_v04d_context.py;backup_before_v05m_recovery_20260702_091828/scripts/collect_v04d_context.py;backups/code_before_v06i_nav_crawl_20260706_162150/scripts/collect_v04d_context.py;backups/code_before_v06i_intelligence_20260706_151858/scripts/collect_v04d_context.py;backups/code_before_v06e_20260706_115352/scripts/collect_v04d_context.py,6,8342
42760ca5317c752dc84a0a0daefb8976faf4f3abc9855b36ea65d4da9dde37b0,scripts/export_database.py;patches/v05M-R_异常中断恢复模板乱码与全站回归修复_完整覆盖补丁_staging/scripts/export_database.py;backup_before_v05m_recovery_20260702_091828/scripts/export_database.py;backups/code_before_v06i_nav_crawl_20260706_162150/scripts/export_database.py;backups/code_before_v06i_intelligence_20260706_151858/scripts/export_database.py;backups/code_before_v06e_20260706_115352/scripts/export_database.py,6,1109
4a4247bdcbeacb9911a7af036f637ed1964d96f6fdacb22074a87352d3d3dafb,scripts/generate_historical_signals.py;patches/v05M-R_异常中断恢复模板乱码与全站回归修复_完整覆盖补丁_staging/scripts/generate_historical_signals.py;backup_before_v05m_recovery_20260702_091828/scripts/generate_historical_signals.py;backups/code_before_v06i_nav_crawl_20260706_162150/scripts/generate_historical_signals.py;backups/code_before_v06i_intelligence_20260706_151858/scripts/generate_historical_signals.py;backups/code_before_v06e_20260706_115352/scripts/generate_historical_signals.py,6,852
812c4b7a736c5e6f98d601d076613ed74cba8d15ae1db7df73d2e0e4f9770997,scripts/import_seed_data.py;patches/v05M-R_异常中断恢复模板乱码与全站回归修复_完整覆盖补丁_staging/scripts/import_seed_data.py;backup_before_v05m_recovery_20260702_091828/scripts/import_seed_data.py;backups/code_before_v06i_nav_crawl_20260706_162150/scripts/import_seed_data.py;backups/code_before_v06i_intelligence_20260706_151858/scripts/import_seed_data.py;backups/code_before_v06e_20260706_115352/scripts/import_seed_data.py,6,6323
d2045ce6cbe032f4973be34a33a3d51a913856230e05e5ce6231fee44488f692,scripts/init_database.py;patches/v05M-R_异常中断恢复模板乱码与全站回归修复_完整覆盖补丁_staging/scripts/init_database.py;backup_before_v05m_recovery_20260702_091828/scripts/init_database.py;backups/code_before_v06i_nav_crawl_20260706_162150/scripts/init_database.py;backups/code_before_v06i_intelligence_20260706_151858/scripts/init_database.py;backups/code_before_v06e_20260706_115352/scripts/init_database.py,6,359
b1d93a719ba0340e3af2d169dab61024da916ab02a0524b5f763ec3dca094a1d,scripts/migrate_sqlite_to_postgres.py;patches/v05M-R_异常中断恢复模板乱码与全站回归修复_完整覆盖补丁_staging/scripts/migrate_sqlite_to_postgres.py;backup_before_v05m_recovery_20260702_091828/scripts/migrate_sqlite_to_postgres.py;backups/code_before_v06i_nav_crawl_20260706_162150/scripts/migrate_sqlite_to_postgres.py;backups/code_before_v06i_intelligence_20260706_151858/scripts/migrate_sqlite_to_postgres.py;backups/code_before_v06e_20260706_115352/scripts/migrate_sqlite_to_postgres.py,6,1713
9a8eff704c666d52c2628fd072cf18b449bdfa2bf2fdefd6993ffd42cb050aea,scripts/pilot_real_sources.py;patches/v05M-R_异常中断恢复模板乱码与全站回归修复_完整覆盖补丁_staging/scripts/pilot_real_sources.py;backup_before_v05m_recovery_20260702_091828/scripts/pilot_real_sources.py;backups/code_before_v06i_nav_crawl_20260706_162150/scripts/pilot_real_sources.py;backups/code_before_v06i_intelligence_20260706_151858/scripts/pilot_real_sources.py;backups/code_before_v06e_20260706_115352/scripts/pilot_real_sources.py,6,4955
d418280295ddea172197eb8c5c62717001d5be1602cef815086f3ae6345aa65d,scripts/refresh_v04h_recommendations.py;patches/v05M-R_异常中断恢复模板乱码与全站回归修复_完整覆盖补丁_staging/scripts/refresh_v04h_recommendations.py;backup_before_v05m_recovery_20260702_091828/scripts/refresh_v04h_recommendations.py;backups/code_before_v06i_nav_crawl_20260706_162150/scripts/refresh_v04h_recommendations.py;backups/code_before_v06i_intelligence_20260706_151858/scripts/refresh_v04h_recommendations.py;backups/code_before_v06e_20260706_115352/scripts/refresh_v04h_recommendations.py,6,829
5d6cf330bb19c7167b65378b1a2b18de4485371b4eefc2d8f157aa6c15dd969b,scripts/restore_backup.py;patches/v05M-R_异常中断恢复模板乱码与全站回归修复_完整覆盖补丁_staging/scripts/restore_backup.py;backup_before_v05m_recovery_20260702_091828/scripts/restore_backup.py;backups/code_before_v06i_nav_crawl_20260706_162150/scripts/restore_backup.py;backups/code_before_v06i_intelligence_20260706_151858/scripts/restore_backup.py;backups/code_before_v06e_20260706_115352/scripts/restore_backup.py,6,1496
a716d0c31ed3268d95a64085f6226ec233944539a7fe9737f62226eda6e4fb1f,scripts/run_monitoring_once.py;patches/v05M-R_异常中断恢复模板乱码与全站回归修复_完整覆盖补丁_staging/scripts/run_monitoring_once.py;backup_before_v05m_recovery_20260702_091828/scripts/run_monitoring_once.py;backups/code_before_v06i_nav_crawl_20260706_162150/scripts/run_monitoring_once.py;backups/code_before_v06i_intelligence_20260706_151858/scripts/run_monitoring_once.py;backups/code_before_v06e_20260706_115352/scripts/run_monitoring_once.py,6,1350
6087fda987e729f1678c48e9af580c545e34af92131229008b8c33d96da3aa44,scripts/run_operational_pilot.py;patches/v05M-R_异常中断恢复模板乱码与全站回归修复_完整覆盖补丁_staging/scripts/run_operational_pilot.py;backup_before_v05m_recovery_20260702_091828/scripts/run_operational_pilot.py;backups/code_before_v06i_nav_crawl_20260706_162150/scripts/run_operational_pilot.py;backups/code_before_v06i_intelligence_20260706_151858/scripts/run_operational_pilot.py;backups/code_before_v06e_20260706_115352/scripts/run_operational_pilot.py,6,1792
d91045d6bdb9e82ac9535b5ca700e9a53c6719c624bf46a2a25c73f59c943687,scripts/run_pipeline_worker.py;patches/v05M-R_异常中断恢复模板乱码与全站回归修复_完整覆盖补丁_staging/scripts/run_pipeline_worker.py;backup_before_v05m_recovery_20260702_091828/scripts/run_pipeline_worker.py;backups/code_before_v06i_nav_crawl_20260706_162150/scripts/run_pipeline_worker.py;backups/code_before_v06i_intelligence_20260706_151858/scripts/run_pipeline_worker.py;backups/code_before_v06e_20260706_115352/scripts/run_pipeline_worker.py,6,2131
9548b98bbad4ed08d80d4a8fe6405c9df7cc947fdfa350899ab12f1cbdbb2902,scripts/run_report_worker.py;patches/v05M-R_异常中断恢复模板乱码与全站回归修复_完整覆盖补丁_staging/scripts/run_report_worker.py;backup_before_v05m_recovery_20260702_091828/scripts/run_report_worker.py;backups/code_before_v06i_nav_crawl_20260706_162150/scripts/run_report_worker.py;backups/code_before_v06i_intelligence_20260706_151858/scripts/run_report_worker.py;backups/code_before_v06e_20260706_115352/scripts/run_report_worker.py,6,1236
c96e3d829e796c291d877d1d779e8650a3301dc5ba2a625b95c0c5d0cca6c94d,scripts/run_scheduler.py;patches/v05M-R_异常中断恢复模板乱码与全站回归修复_完整覆盖补丁_staging/scripts/run_scheduler.py;backup_before_v05m_recovery_20260702_091828/scripts/run_scheduler.py;backups/code_before_v06i_nav_crawl_20260706_162150/scripts/run_scheduler.py;backups/code_before_v06i_intelligence_20260706_151858/scripts/run_scheduler.py;backups/code_before_v06e_20260706_115352/scripts/run_scheduler.py,6,2230
ebdd12d15424e67a758ab0428c5dcef602d771daa0fc80dca02578596c268178,scripts/run_signal_worker.py;patches/v05M-R_异常中断恢复模板乱码与全站回归修复_完整覆盖补丁_staging/scripts/run_signal_worker.py;backup_before_v05m_recovery_20260702_091828/scripts/run_signal_worker.py;backups/code_before_v06i_nav_crawl_20260706_162150/scripts/run_signal_worker.py;backups/code_before_v06i_intelligence_20260706_151858/scripts/run_signal_worker.py;backups/code_before_v06e_20260706_115352/scripts/run_signal_worker.py,6,785
e7397aac33256f707fe65c40693260347b42bd54931f7e09d2fe270d4bc906b9,scripts/run_worker.py;patches/v05M-R_异常中断恢复模板乱码与全站回归修复_完整覆盖补丁_staging/scripts/run_worker.py;backup_before_v05m_recovery_20260702_091828/scripts/run_worker.py;backups/code_before_v06i_nav_crawl_20260706_162150/scripts/run_worker.py;backups/code_before_v06i_intelligence_20260706_151858/scripts/run_worker.py;backups/code_before_v06e_20260706_115352/scripts/run_worker.py,6,2410
749aed26faecbea236db2576415d63e0a041321a159d9925a7aeb48b2e833805,scripts/seed_v04c1_demo.py;patches/v05M-R_异常中断恢复模板乱码与全站回归修复_完整覆盖补丁_staging/scripts/seed_v04c1_demo.py;backup_before_v05m_recovery_20260702_091828/scripts/seed_v04c1_demo.py;backups/code_before_v06i_nav_crawl_20260706_162150/scripts/seed_v04c1_demo.py;backups/code_before_v06i_intelligence_20260706_151858/scripts/seed_v04c1_demo.py;backups/code_before_v06e_20260706_115352/scripts/seed_v04c1_demo.py,6,3780
513b4bba0c1873afb7a388fcfc020d34284da24c9f5fe568971a53899bb0e41e,scripts/seed_v04c_demo.py;patches/v05M-R_异常中断恢复模板乱码与全站回归修复_完整覆盖补丁_staging/scripts/seed_v04c_demo.py;backup_before_v05m_recovery_20260702_091828/scripts/seed_v04c_demo.py;backups/code_before_v06i_nav_crawl_20260706_162150/scripts/seed_v04c_demo.py;backups/code_before_v06i_intelligence_20260706_151858/scripts/seed_v04c_demo.py;backups/code_before_v06e_20260706_115352/scripts/seed_v04c_demo.py,6,2513
8ebaa1661e9a43e7c68b434bce7661c9bcd006f7fc2484b56c4f13fa106f773c,scripts/seed_v04db_demo.py;patches/v05M-R_异常中断恢复模板乱码与全站回归修复_完整覆盖补丁_staging/scripts/seed_v04db_demo.py;backup_before_v05m_recovery_20260702_091828/scripts/seed_v04db_demo.py;backups/code_before_v06i_nav_crawl_20260706_162150/scripts/seed_v04db_demo.py;backups/code_before_v06i_intelligence_20260706_151858/scripts/seed_v04db_demo.py;backups/code_before_v06e_20260706_115352/scripts/seed_v04db_demo.py,6,1356
c52b61c1c17484cd4f00057b955d57e3a09dbaabdda29264c8e0a1d51e81da8e,scripts/seed_v04d_demo.py;patches/v05M-R_异常中断恢复模板乱码与全站回归修复_完整覆盖补丁_staging/scripts/seed_v04d_demo.py;backup_before_v05m_recovery_20260702_091828/scripts/seed_v04d_demo.py;backups/code_before_v06i_nav_crawl_20260706_162150/scripts/seed_v04d_demo.py;backups/code_before_v06i_intelligence_20260706_151858/scripts/seed_v04d_demo.py;backups/code_before_v06e_20260706_115352/scripts/seed_v04d_demo.py,6,4100
97585d81631e8eba3926fee88245719eafe165b9833d58333cfdc574eb6c6c0e,scripts/seed_v04e_demo.py;patches/v05M-R_异常中断恢复模板乱码与全站回归修复_完整覆盖补丁_staging/scripts/seed_v04e_demo.py;backup_before_v05m_recovery_20260702_091828/scripts/seed_v04e_demo.py;backups/code_before_v06i_nav_crawl_20260706_162150/scripts/seed_v04e_demo.py;backups/code_before_v06i_intelligence_20260706_151858/scripts/seed_v04e_demo.py;backups/code_before_v06e_20260706_115352/scripts/seed_v04e_demo.py,6,2055
e0015ba9c6b3624f8c147d27e3c11d1f9958b23aff71bedce267c933ac274c8d,scripts/self_check.py;patches/v05M-R_异常中断恢复模板乱码与全站回归修复_完整覆盖补丁_staging/scripts/self_check.py;backup_before_v05m_recovery_20260702_091828/scripts/self_check.py;backups/code_before_v06i_nav_crawl_20260706_162150/scripts/self_check.py;backups/code_before_v06i_intelligence_20260706_151858/scripts/self_check.py;backups/code_before_v06e_20260706_115352/scripts/self_check.py,6,2368
b06561ab60308650378353da1a751b9c2bb8f4310109a6001674290933b06dd7,scripts/self_check_v03c.py;patches/v05M-R_异常中断恢复模板乱码与全站回归修复_完整覆盖补丁_staging/scripts/self_check_v03c.py;backup_before_v05m_recovery_20260702_091828/scripts/self_check_v03c.py;backups/code_before_v06i_nav_crawl_20260706_162150/scripts/self_check_v03c.py;backups/code_before_v06i_intelligence_20260706_151858/scripts/self_check_v03c.py;backups/code_before_v06e_20260706_115352/scripts/self_check_v03c.py,6,450
9edd27fcaabe4dfb3b3b55647cfb43ef59d6b263e97c2a019c923ed48f81f04a,scripts/self_check_v04a.py;patches/v05M-R_异常中断恢复模板乱码与全站回归修复_完整覆盖补丁_staging/scripts/self_check_v04a.py;backup_before_v05m_recovery_20260702_091828/scripts/self_check_v04a.py;backups/code_before_v06i_nav_crawl_20260706_162150/scripts/self_check_v04a.py;backups/code_before_v06i_intelligence_20260706_151858/scripts/self_check_v04a.py;backups/code_before_v06e_20260706_115352/scripts/self_check_v04a.py,6,1066
2aaf9fee49d98a588731ab3dc2be20d0cd536abfdf47d0a4dd8670f8eddb3307,scripts/test_entity_analyzer.py;patches/v05M-R_异常中断恢复模板乱码与全站回归修复_完整覆盖补丁_staging/scripts/test_entity_analyzer.py;backup_before_v05m_recovery_20260702_091828/scripts/test_entity_analyzer.py;backups/code_before_v06i_nav_crawl_20260706_162150/scripts/test_entity_analyzer.py;backups/code_before_v06i_intelligence_20260706_151858/scripts/test_entity_analyzer.py;backups/code_before_v06e_20260706_115352/scripts/test_entity_analyzer.py,6,974
4e6d90b709089376fc1c35af23cbf6a2459af12efd914380b2179b4f13a73f8f,scripts/test_paste_analyzer.py;patches/v05M-R_异常中断恢复模板乱码与全站回归修复_完整覆盖补丁_staging/scripts/test_paste_analyzer.py;backup_before_v05m_recovery_20260702_091828/scripts/test_paste_analyzer.py;backups/code_before_v06i_nav_crawl_20260706_162150/scripts/test_paste_analyzer.py;backups/code_before_v06i_intelligence_20260706_151858/scripts/test_paste_analyzer.py;backups/code_before_v06e_20260706_115352/scripts/test_paste_analyzer.py,6,1023
95863733c0cb1c7afdd4c595c1a29af898422bc670d038128085838662a14387,scripts/test_web_extractor.py;patches/v05M-R_异常中断恢复模板乱码与全站回归修复_完整覆盖补丁_staging/scripts/test_web_extractor.py;backup_before_v05m_recovery_20260702_091828/scripts/test_web_extractor.py;backups/code_before_v06i_nav_crawl_20260706_162150/scripts/test_web_extractor.py;backups/code_before_v06i_intelligence_20260706_151858/scripts/test_web_extractor.py;backups/code_before_v06e_20260706_115352/scripts/test_web_extractor.py,6,627
661d5c4c3322e8a104f4ad111567c8624b5d12f176c2014450010ce3fe51593b,scripts/verify_backup_restore.py;patches/v05M-R_异常中断恢复模板乱码与全站回归修复_完整覆盖补丁_staging/scripts/verify_backup_restore.py;backup_before_v05m_recovery_20260702_091828/scripts/verify_backup_restore.py;backups/code_before_v06i_nav_crawl_20260706_162150/scripts/verify_backup_restore.py;backups/code_before_v06i_intelligence_20260706_151858/scripts/verify_backup_restore.py;backups/code_before_v06e_20260706_115352/scripts/verify_backup_restore.py,6,1618
38aac056ae65ac04f09e286c601f76b04760c2b9aae8734c43050ccde5e07295,scripts/verify_manual_ingestion.py;patches/v05M-R_异常中断恢复模板乱码与全站回归修复_完整覆盖补丁_staging/scripts/verify_manual_ingestion.py;backup_before_v05m_recovery_20260702_091828/scripts/verify_manual_ingestion.py;backups/code_before_v06i_nav_crawl_20260706_162150/scripts/verify_manual_ingestion.py;backups/code_before_v06i_intelligence_20260706_151858/scripts/verify_manual_ingestion.py;backups/code_before_v06e_20260706_115352/scripts/verify_manual_ingestion.py,6,3184
ef09600d00a33ac3b8e1267787bbcc591f2dd5cb8c1b452b6dcdf4e6c8da3a1e,scripts/verify_v04d3_batch_people.py;patches/v05M-R_异常中断恢复模板乱码与全站回归修复_完整覆盖补丁_staging/scripts/verify_v04d3_batch_people.py;backup_before_v05m_recovery_20260702_091828/scripts/verify_v04d3_batch_people.py;backups/code_before_v06i_nav_crawl_20260706_162150/scripts/verify_v04d3_batch_people.py;backups/code_before_v06i_intelligence_20260706_151858/scripts/verify_v04d3_batch_people.py;backups/code_before_v06e_20260706_115352/scripts/verify_v04d3_batch_people.py,6,6260
0c3391b50e87abe1ad0842d3de28618aa88c1105a49b0003b213e027b1335645,scripts/verify_v04d4_links_and_review.py;patches/v05M-R_异常中断恢复模板乱码与全站回归修复_完整覆盖补丁_staging/scripts/verify_v04d4_links_and_review.py;backup_before_v05m_recovery_20260702_091828/scripts/verify_v04d4_links_and_review.py;backups/code_before_v06i_nav_crawl_20260706_162150/scripts/verify_v04d4_links_and_review.py;backups/code_before_v06i_intelligence_20260706_151858/scripts/verify_v04d4_links_and_review.py;backups/code_before_v06e_20260706_115352/scripts/verify_v04d4_links_and_review.py,6,9177
8e7988e39fdf2ad3b4eb8675a371ee6adf0dc9da4cc556a1713a58a530bb58ff,scripts/verify_v04d_search.py;patches/v05M-R_异常中断恢复模板乱码与全站回归修复_完整覆盖补丁_staging/scripts/verify_v04d_search.py;backup_before_v05m_recovery_20260702_091828/scripts/verify_v04d_search.py;backups/code_before_v06i_nav_crawl_20260706_162150/scripts/verify_v04d_search.py;backups/code_before_v06i_intelligence_20260706_151858/scripts/verify_v04d_search.py;backups/code_before_v06e_20260706_115352/scripts/verify_v04d_search.py,6,2456
b090e78627dd56084acc9281e5a44862efa1af456d50d033f95360970fe50a16,scripts/verify_v04f.py;patches/v05M-R_异常中断恢复模板乱码与全站回归修复_完整覆盖补丁_staging/scripts/verify_v04f.py;backup_before_v05m_recovery_20260702_091828/scripts/verify_v04f.py;backups/code_before_v06i_nav_crawl_20260706_162150/scripts/verify_v04f.py;backups/code_before_v06i_intelligence_20260706_151858/scripts/verify_v04f.py;backups/code_before_v06e_20260706_115352/scripts/verify_v04f.py,6,12588
e33f37b46f29c34d7cf221c8399cfe4d07acb842f4ebd5194cba6150a1c6fffb,scripts/verify_v04g.py;patches/v05M-R_异常中断恢复模板乱码与全站回归修复_完整覆盖补丁_staging/scripts/verify_v04g.py;backup_before_v05m_recovery_20260702_091828/scripts/verify_v04g.py;backups/code_before_v06i_nav_crawl_20260706_162150/scripts/verify_v04g.py;backups/code_before_v06i_intelligence_20260706_151858/scripts/verify_v04g.py;backups/code_before_v06e_20260706_115352/scripts/verify_v04g.py,6,10367
14db72592b1c0b98722c9fc85fd993a7661e0cca1a3a6e4e49063fbd3493530b,scripts/verify_v04h.py;patches/v05M-R_异常中断恢复模板乱码与全站回归修复_完整覆盖补丁_staging/scripts/verify_v04h.py;backup_before_v05m_recovery_20260702_091828/scripts/verify_v04h.py;backups/code_before_v06i_nav_crawl_20260706_162150/scripts/verify_v04h.py;backups/code_before_v06i_intelligence_20260706_151858/scripts/verify_v04h.py;backups/code_before_v06e_20260706_115352/scripts/verify_v04h.py,6,10037
c97434449462ca8af734d8047d935dc6abefb8add1c708267858b551fd064269,scripts/verify_v05b.py;patches/v05M-R_异常中断恢复模板乱码与全站回归修复_完整覆盖补丁_staging/scripts/verify_v05b.py;backup_before_v05m_recovery_20260702_091828/scripts/verify_v05b.py;backups/code_before_v06i_nav_crawl_20260706_162150/scripts/verify_v05b.py;backups/code_before_v06i_intelligence_20260706_151858/scripts/verify_v05b.py;backups/code_before_v06e_20260706_115352/scripts/verify_v05b.py,6,8692
65d123be6532facc778613be7336651573eb63f05727c4997b43e993175b305e,scripts/verify_v05e.py;patches/v05M-R_异常中断恢复模板乱码与全站回归修复_完整覆盖补丁_staging/scripts/verify_v05e.py;backup_before_v05m_recovery_20260702_091828/scripts/verify_v05e.py;backups/code_before_v06i_nav_crawl_20260706_162150/scripts/verify_v05e.py;backups/code_before_v06i_intelligence_20260706_151858/scripts/verify_v05e.py;backups/code_before_v06e_20260706_115352/scripts/verify_v05e.py,6,10242
44495c427710b872729442023fdf906e746d34c38bca990a4d8bcd9f6bd2830a,scripts/verify_v05h.py;patches/v05M-R_异常中断恢复模板乱码与全站回归修复_完整覆盖补丁_staging/scripts/verify_v05h.py;backup_before_v05m_recovery_20260702_091828/scripts/verify_v05h.py;backups/code_before_v06i_nav_crawl_20260706_162150/scripts/verify_v05h.py;backups/code_before_v06i_intelligence_20260706_151858/scripts/verify_v05h.py;backups/code_before_v06e_20260706_115352/scripts/verify_v05h.py,6,7841
66f13fba1a283b94f95139292a8bdaeeff747fb74557653af0e63a84e27d318c,scripts/verify_v05i.py;patches/v05M-R_异常中断恢复模板乱码与全站回归修复_完整覆盖补丁_staging/scripts/verify_v05i.py;backup_before_v05m_recovery_20260702_091828/scripts/verify_v05i.py;backups/code_before_v06i_nav_crawl_20260706_162150/scripts/verify_v05i.py;backups/code_before_v06i_intelligence_20260706_151858/scripts/verify_v05i.py;backups/code_before_v06e_20260706_115352/scripts/verify_v05i.py,6,5305
6e33fc6512ad205baf6415c1109de1846e3dd0b7d5b8c46dc28dce44f615f1be,scripts/verify_v05j.py;patches/v05M-R_异常中断恢复模板乱码与全站回归修复_完整覆盖补丁_staging/scripts/verify_v05j.py;backup_before_v05m_recovery_20260702_091828/scripts/verify_v05j.py;backups/code_before_v06i_nav_crawl_20260706_162150/scripts/verify_v05j.py;backups/code_before_v06i_intelligence_20260706_151858/scripts/verify_v05j.py;backups/code_before_v06e_20260706_115352/scripts/verify_v05j.py,6,8832
54eacca47c3b38cd9878a6a3a95335ed3428ea97679050aaf5fe810d24f71e9a,scripts/verify_v05kl.py;patches/v05M-R_异常中断恢复模板乱码与全站回归修复_完整覆盖补丁_staging/scripts/verify_v05kl.py;backup_before_v05m_recovery_20260702_091828/scripts/verify_v05kl.py;backups/code_before_v06i_nav_crawl_20260706_162150/scripts/verify_v05kl.py;backups/code_before_v06i_intelligence_20260706_151858/scripts/verify_v05kl.py;backups/code_before_v06e_20260706_115352/scripts/verify_v05kl.py,6,7298
53a5240bee5347a6dba1e1ad0961513579d6352cc33465789ae2869fd72dca7e,patches/v05M_全站产品化收口中文化入口整合与核心流程重构_完整覆盖补丁_staging/scripts/check_user_visible_english.py;patches/v05M-R_异常中断恢复模板乱码与全站回归修复_完整覆盖补丁_staging/scripts/check_user_visible_english.py;backup_before_v05m_recovery_20260702_091828/scripts/check_user_visible_english.py;backups/code_before_v06i_nav_crawl_20260706_162150/scripts/check_user_visible_english.py;backups/code_before_v06i_intelligence_20260706_151858/scripts/check_user_visible_english.py;backups/code_before_v06e_20260706_115352/scripts/check_user_visible_english.py,6,4166
4f2d72353ddf00f11f3e9509cbb917fcb813037e04276c8ec61c51b11232b732,patches/v05M_全站产品化收口中文化入口整合与核心流程重构_完整覆盖补丁_staging/scripts/verify_v05m.py;patches/v05M-R_异常中断恢复模板乱码与全站回归修复_完整覆盖补丁_staging/scripts/verify_v05m.py;backup_before_v05m_recovery_20260702_091828/scripts/verify_v05m.py;backups/code_before_v06i_nav_crawl_20260706_162150/scripts/verify_v05m.py;backups/code_before_v06i_intelligence_20260706_151858/scripts/verify_v05m.py;backups/code_before_v06e_20260706_115352/scripts/verify_v05m.py,6,5394
04994861868be4a7496b263491649e5096eb8b74724b4c35516952c81469bb68,patches/v05M_全站产品化收口中文化入口整合与核心流程重构_完整覆盖补丁_staging/app/static/style.css;patches/v05M-R_异常中断恢复模板乱码与全站回归修复_完整覆盖补丁_staging/app/static/style.css;backup_before_v05m_recovery_20260702_091828/app/static/style.css;backups/code_before_v06f_20260706_130354/app/static/static/style.css;backups/code_before_v06e_20260706_115352/app/static/style.css;app/static/style.css,6,25314
c5118bc98c6ba9de17b9eb39dbcc60aa78e24c7f91c45f99d0cce5e0442d67b9,patches/v05M_全站产品化收口中文化入口整合与核心流程重构_完整覆盖补丁_staging/app/templates/actions.html;patches/v05M-R_异常中断恢复模板乱码与全站回归修复_完整覆盖补丁_staging/app/templates/actions.html;backup_before_v05m_recovery_20260702_091828/app/templates/actions.html;backups/code_before_v06f_20260706_130354/app/templates/templates/actions.html;backups/code_before_v06e_20260706_115352/app/templates/actions.html;app/templates/actions.html,6,1778
731c7e82e28462e97c1fe3445aa43b4ab49cc4420dc8de8bf09b6c9f50f9e5b3,patches/v05M_全站产品化收口中文化入口整合与核心流程重构_完整覆盖补丁_staging/app/templates/events.html;patches/v05M-R_异常中断恢复模板乱码与全站回归修复_完整覆盖补丁_staging/app/templates/events.html;backup_before_v05m_recovery_20260702_091828/app/templates/events.html;backups/code_before_v06f_20260706_130354/app/templates/templates/events.html;backups/code_before_v06e_20260706_115352/app/templates/events.html;app/templates/events.html,6,1079
e9ab85136d40e24faff2de6f0adbd6ce34b920b5fa882525c73d114cc923750d,patches/v05M_全站产品化收口中文化入口整合与核心流程重构_完整覆盖补丁_staging/app/templates/organizations.html;patches/v05M-R_异常中断恢复模板乱码与全站回归修复_完整覆盖补丁_staging/app/templates/organizations.html;backup_before_v05m_recovery_20260702_091828/app/templates/organizations.html;backups/code_before_v06f_20260706_130354/app/templates/templates/organizations.html;backups/code_before_v06e_20260706_115352/app/templates/organizations.html;app/templates/organizations.html,6,1539
9b7690249aa2e595a4fc82716bfea58edfc7d7ec9a5b962d70ca5b79eafee7ad,patches/v05M_全站产品化收口中文化入口整合与核心流程重构_完整覆盖补丁_staging/app/templates/people.html;patches/v05M-R_异常中断恢复模板乱码与全站回归修复_完整覆盖补丁_staging/app/templates/people.html;backup_before_v05m_recovery_20260702_091828/app/templates/people.html;backups/code_before_v06f_20260706_130354/app/templates/templates/people.html;backups/code_before_v06e_20260706_115352/app/templates/people.html;app/templates/people.html,6,1537
31b4d9544fc9989932456bf8caa6ecc64377e5d65c607d135d18777812e847e5,patches/v05M_全站产品化收口中文化入口整合与核心流程重构_完整覆盖补丁_staging/app/templates/projects.html;patches/v05M-R_异常中断恢复模板乱码与全站回归修复_完整覆盖补丁_staging/app/templates/projects.html;backup_before_v05m_recovery_20260702_091828/app/templates/projects.html;backups/code_before_v06f_20260706_130354/app/templates/templates/projects.html;backups/code_before_v06e_20260706_115352/app/templates/projects.html;app/templates/projects.html,6,1079
cb38a84251485172843f3d0607ab7a7a13e42ad8564e6e47b0e5f4fbaea09498,patches/v05M_全站产品化收口中文化入口整合与核心流程重构_完整覆盖补丁_staging/app/templates/relations.html;patches/v05M-R_异常中断恢复模板乱码与全站回归修复_完整覆盖补丁_staging/app/templates/relations.html;backup_before_v05m_recovery_20260702_091828/app/templates/relations.html;backups/code_before_v06f_20260706_130354/app/templates/templates/relations.html;backups/code_before_v06e_20260706_115352/app/templates/relations.html;app/templates/relations.html,6,1041
b39bed335bb245b6ee20b365f30df4577b6ce71c5b3dcc8fc338d5da11e80988,patches/v05M_全站产品化收口中文化入口整合与核心流程重构_完整覆盖补丁_staging/app/templates/resources.html;patches/v05M-R_异常中断恢复模板乱码与全站回归修复_完整覆盖补丁_staging/app/templates/resources.html;backup_before_v05m_recovery_20260702_091828/app/templates/resources.html;backups/code_before_v06f_20260706_130354/app/templates/templates/resources.html;backups/code_before_v06e_20260706_115352/app/templates/resources.html;app/templates/resources.html,6,1096
41cb11d101cab33ccd1c3f7a4b599a09bcb9f4d37c26fd804dadaa75114edfd6,patches/v05M_全站产品化收口中文化入口整合与核心流程重构_完整覆盖补丁_staging/app/templates/subject_center.html;patches/v05M-R_异常中断恢复模板乱码与全站回归修复_完整覆盖补丁_staging/app/templates/subject_center.html;backup_before_v05m_recovery_20260702_091828/app/templates/subject_center.html;backups/code_before_v06f_20260706_130354/app/templates/templates/subject_center.html;backups/code_before_v06e_20260706_115352/app/templates/subject_center.html;app/templates/subject_center.html,6,3881
56da4dcd7c742fe893b8a0464779bcf5aff13dd3c809ad0f84e66a5fc375483e,patches/v05M_全站产品化收口中文化入口整合与核心流程重构_完整覆盖补丁_staging/app/templates/v04c1_ingestion.html;patches/v05M-R_异常中断恢复模板乱码与全站回归修复_完整覆盖补丁_staging/app/templates/v04c1_ingestion.html;backup_before_v05m_recovery_20260702_091828/app/templates/v04c1_ingestion.html;backups/code_before_v06f_20260706_130354/app/templates/templates/v04c1_ingestion.html;backups/code_before_v06e_20260706_115352/app/templates/v04c1_ingestion.html;app/templates/v04c1_ingestion.html,6,2027
3ecc5369f4d76ece163ebad967fa7ffaececbc0fcd4a24ad7790aff404ed34f2,patches/v05M_全站产品化收口中文化入口整合与核心流程重构_完整覆盖补丁_staging/app/templates/v04f_club_apply.html;patches/v05M-R_异常中断恢复模板乱码与全站回归修复_完整覆盖补丁_staging/app/templates/v04f_club_apply.html;backup_before_v05m_recovery_20260702_091828/app/templates/v04f_club_apply.html;backups/code_before_v06f_20260706_130354/app/templates/templates/v04f_club_apply.html;backups/code_before_v06e_20260706_115352/app/templates/v04f_club_apply.html;app/templates/v04f_club_apply.html,6,2017
06c0adf80b1cc9cf91d8695e76f7953f8f4125762805e316a7377cabf4e769ca,patches/v05M_全站产品化收口中文化入口整合与核心流程重构_完整覆盖补丁_staging/app/templates/v04f_leads.html;patches/v05M-R_异常中断恢复模板乱码与全站回归修复_完整覆盖补丁_staging/app/templates/v04f_leads.html;backup_before_v05m_recovery_20260702_091828/app/templates/v04f_leads.html;backups/code_before_v06f_20260706_130354/app/templates/templates/v04f_leads.html;backups/code_before_v06e_20260706_115352/app/templates/v04f_leads.html;app/templates/v04f_leads.html,6,2342
d1b8564310b39c30c483468132d0dad60c2a070b5371c44d3a640a6e788a731b,patches/v05M_全站产品化收口中文化入口整合与核心流程重构_完整覆盖补丁_staging/app/templates/v04h_recommendations.html;patches/v05M-R_异常中断恢复模板乱码与全站回归修复_完整覆盖补丁_staging/app/templates/v04h_recommendations.html;backup_before_v05m_recovery_20260702_091828/app/templates/v04h_recommendations.html;backups/code_before_v06f_20260706_130354/app/templates/templates/v04h_recommendations.html;backups/code_before_v06e_20260706_115352/app/templates/v04h_recommendations.html;app/templates/v04h_recommendations.html,6,3140
042a58218286a8b734ec240e2ba74d1c421977c6521b1ebf0b8802795360b48a,patches/v05M_全站产品化收口中文化入口整合与核心流程重构_完整覆盖补丁_staging/app/templates/v05a_security.html;patches/v05M-R_异常中断恢复模板乱码与全站回归修复_完整覆盖补丁_staging/app/templates/v05a_security.html;backup_before_v05m_recovery_20260702_091828/app/templates/v05a_security.html;backups/code_before_v06f_20260706_130354/app/templates/templates/v05a_security.html;backups/code_before_v06e_20260706_115352/app/templates/v05a_security.html;app/templates/v05a_security.html,6,10278
c47d148cbf13701cfeb412ddb761d51d4ca4e4b5e74f183bdeab62b9ca3315a3,patches/v05M_全站产品化收口中文化入口整合与核心流程重构_完整覆盖补丁_staging/app/templates/v05c_club_events.html;patches/v05M-R_异常中断恢复模板乱码与全站回归修复_完整覆盖补丁_staging/app/templates/v05c_club_events.html;backup_before_v05m_recovery_20260702_091828/app/templates/v05c_club_events.html;backups/code_before_v06f_20260706_130354/app/templates/templates/v05c_club_events.html;backups/code_before_v06e_20260706_115352/app/templates/v05c_club_events.html;app/templates/v05c_club_events.html,6,7745
d05eb0c31080234af94eb98ba46307dae049fe7e38bc94b42414cb9c1297eda7,patches/v05M_全站产品化收口中文化入口整合与核心流程重构_完整覆盖补丁_staging/app/templates/v05e_dashboard.html;patches/v05M-R_异常中断恢复模板乱码与全站回归修复_完整覆盖补丁_staging/app/templates/v05e_dashboard.html;backup_before_v05m_recovery_20260702_091828/app/templates/v05e_dashboard.html;backups/code_before_v06f_20260706_130354/app/templates/templates/v05e_dashboard.html;backups/code_before_v06e_20260706_115352/app/templates/v05e_dashboard.html;app/templates/v05e_dashboard.html,6,4882
566c47b573456e9b03f8ea415e9e40105ec372c30ef58b64231b13ed227b8edb,patches/v05M_全站产品化收口中文化入口整合与核心流程重构_完整覆盖补丁_staging/app/templates/v05h_reports.html;patches/v05M-R_异常中断恢复模板乱码与全站回归修复_完整覆盖补丁_staging/app/templates/v05h_reports.html;backup_before_v05m_recovery_20260702_091828/app/templates/v05h_reports.html;backups/code_before_v06f_20260706_130354/app/templates/templates/v05h_reports.html;backups/code_before_v06e_20260706_115352/app/templates/v05h_reports.html;app/templates/v05h_reports.html,6,5553
7773f56caad548e27617391d684b9d3675410449db4fb836884b6376a53310f6,patches/v05M_全站产品化收口中文化入口整合与核心流程重构_完整覆盖补丁_staging/app/templates/v05i_pipeline.html;patches/v05M-R_异常中断恢复模板乱码与全站回归修复_完整覆盖补丁_staging/app/templates/v05i_pipeline.html;backup_before_v05m_recovery_20260702_091828/app/templates/v05i_pipeline.html;backups/code_before_v06f_20260706_130354/app/templates/templates/v05i_pipeline.html;backups/code_before_v06e_20260706_115352/app/templates/v05i_pipeline.html;app/templates/v05i_pipeline.html,6,8930
c2dbad128783be3e0a824a918105b7c6741001626b4fe3d20ed69d16af20510d,patches/v05M_全站产品化收口中文化入口整合与核心流程重构_完整覆盖补丁_staging/app/templates/v05j_research.html;patches/v05M-R_异常中断恢复模板乱码与全站回归修复_完整覆盖补丁_staging/app/templates/v05j_research.html;backup_before_v05m_recovery_20260702_091828/app/templates/v05j_research.html;backups/code_before_v06f_20260706_130354/app/templates/templates/v05j_research.html;backups/code_before_v06e_20260706_115352/app/templates/v05j_research.html;app/templates/v05j_research.html,6,9238
756fbeec83061ee5fcc6143f2977a7fdf2e14362be6f7d62eb62a88ee6f81a90,patches/v05M-R_异常中断恢复模板乱码与全站回归修复_完整覆盖补丁_staging/app/services/processing/confidence_service.py;patches/v05G_semantic_processing_patch_20260701_113851/app/services/processing/confidence_service.py;backup_before_v05m_recovery_20260702_091828/app/services/processing/confidence_service.py;backups/code_before_v06i_intelligence_20260706_151858/services/processing/confidence_service.py;backups/code_before_v06e_20260706_115352/app/services/processing/confidence_service.py;app/services/processing/confidence_service.py,6,1305
731ed9028bbee77e35ce4ec5cb68321400f0271697eebe357449ad37e770127d,patches/v05M-R_异常中断恢复模板乱码与全站回归修复_完整覆盖补丁_staging/app/services/processing/content_block_service.py;patches/v05G_semantic_processing_patch_20260701_113851/app/services/processing/content_block_service.py;backup_before_v05m_recovery_20260702_091828/app/services/processing/content_block_service.py;backups/code_before_v06i_intelligence_20260706_151858/services/processing/content_block_service.py;backups/code_before_v06e_20260706_115352/app/services/processing/content_block_service.py;app/services/processing/content_block_service.py,6,3971
1ff306bf0568b2fb62cc955261b37862c97a50550c7b46d7b63be6a6dbe6cf8f,patches/v05M-R_异常中断恢复模板乱码与全站回归修复_完整覆盖补丁_staging/app/services/processing/document_classifier.py;patches/v05G_semantic_processing_patch_20260701_113851/app/services/processing/document_classifier.py;backup_before_v05m_recovery_20260702_091828/app/services/processing/document_classifier.py;backups/code_before_v06i_intelligence_20260706_151858/services/processing/document_classifier.py;backups/code_before_v06e_20260706_115352/app/services/processing/document_classifier.py;app/services/processing/document_classifier.py,6,1995
0038d34a5d46d6bdc692ee20350b01840f15501abc17b6549fc0f6e293b7b009,patches/v05M-R_异常中断恢复模板乱码与全站回归修复_完整覆盖补丁_staging/app/services/processing/subject_matching_service.py;patches/v05G_semantic_processing_patch_20260701_113851/app/services/processing/subject_matching_service.py;backup_before_v05m_recovery_20260702_091828/app/services/processing/subject_matching_service.py;backups/code_before_v06i_intelligence_20260706_151858/services/processing/subject_matching_service.py;backups/code_before_v06e_20260706_115352/app/services/processing/subject_matching_service.py;app/services/processing/subject_matching_service.py,6,2289
fdef1719a786a0af2eb690f3662b568d5aa7f5744ae833bbc53a8e73c6593b52,patches/v05M-R_异常中断恢复模板乱码与全站回归修复_完整覆盖补丁_staging/app/services/processing/__init__.py;patches/v05G_semantic_processing_patch_20260701_113851/app/services/processing/__init__.py;backup_before_v05m_recovery_20260702_091828/app/services/processing/__init__.py;backups/code_before_v06i_intelligence_20260706_151858/services/processing/__init__.py;backups/code_before_v06e_20260706_115352/app/services/processing/__init__.py;app/services/processing/__init__.py,6,479
9655acbe8b52d0051f8811312dc7b44254c6c4e50fb3f6c2fb61a482358df8c6,backups/code_before_v06i_nav_crawl_20260706_162150/app/templates/platform/data_integrity.html;backups/code_before_v06h_20260706_145146/platform/data_integrity.html;backups/code_before_v06f_20260706_130354/app/templates/platform/data_integrity.html;backups/code_before_v06f_20260706_130354/app/templates/templates/platform/data_integrity.html;backups/code_before_v06e_20260706_115352/app/templates/platform/data_integrity.html;app/templates/platform/data_integrity.html,6,2778
7b80bcd21997654ed0b87f84f62ca68579268c60d11475dbf9d028406cbf6fcc,docs/COLLECTION_SCHEDULER_WINDOWS.md;patches/v05M-R_异常中断恢复模板乱码与全站回归修复_完整覆盖补丁_staging/docs/COLLECTION_SCHEDULER_WINDOWS.md;patches/v05F_multisource_collection_patch_20260701_093910/docs/COLLECTION_SCHEDULER_WINDOWS.md;backup_before_v05m_recovery_20260702_091828/docs/COLLECTION_SCHEDULER_WINDOWS.md;backups/code_before_v06e_20260706_115352/docs/COLLECTION_SCHEDULER_WINDOWS.md,5,1529
6cb24d9fdd58c45e1600a4b60b548268f9098a6f0b6accc563ee18e343430b07,docs/V05F_COLLECTION.md;patches/v05M-R_异常中断恢复模板乱码与全站回归修复_完整覆盖补丁_staging/docs/V05F_COLLECTION.md;patches/v05F_multisource_collection_patch_20260701_093910/docs/V05F_COLLECTION.md;backup_before_v05m_recovery_20260702_091828/docs/V05F_COLLECTION.md;backups/code_before_v06e_20260706_115352/docs/V05F_COLLECTION.md,5,1915
6c65b469ff615bf6b5974a3c8decb0ed5d22f01678a3764f0015bbed5740e9dd,docs/V05F_PATCH_INSTALL.md;patches/v05M-R_异常中断恢复模板乱码与全站回归修复_完整覆盖补丁_staging/docs/V05F_PATCH_INSTALL.md;patches/v05F_multisource_collection_patch_20260701_093910/docs/V05F_PATCH_INSTALL.md;backup_before_v05m_recovery_20260702_091828/docs/V05F_PATCH_INSTALL.md;backups/code_before_v06e_20260706_115352/docs/V05F_PATCH_INSTALL.md,5,978
9f46f63373dc34788df0d8c6a510593bff5a590bdd0b1bfaaf9b6186c54ea80d,docs/V05F_PATCH_MANIFEST.txt;patches/v05M-R_异常中断恢复模板乱码与全站回归修复_完整覆盖补丁_staging/docs/V05F_PATCH_MANIFEST.txt;patches/v05F_multisource_collection_patch_20260701_093910/docs/V05F_PATCH_MANIFEST.txt;backup_before_v05m_recovery_20260702_091828/docs/V05F_PATCH_MANIFEST.txt;backups/code_before_v06e_20260706_115352/docs/V05F_PATCH_MANIFEST.txt,5,1696
7ce6ff91777c11f0435a0cdb22290b614a146b019c2b62054a176504fff7fc6f,docs/V05G_PATCH_INSTALL.md;patches/v05M-R_异常中断恢复模板乱码与全站回归修复_完整覆盖补丁_staging/docs/V05G_PATCH_INSTALL.md;patches/v05G_semantic_processing_patch_20260701_113851/docs/V05G_PATCH_INSTALL.md;backup_before_v05m_recovery_20260702_091828/docs/V05G_PATCH_INSTALL.md;backups/code_before_v06e_20260706_115352/docs/V05G_PATCH_INSTALL.md,5,892
b6346958291b528ba06ebc7a5615dea88aa8b0c3b4ff271256fa0d0574338d4e,docs/V05G_PATCH_MANIFEST.txt;patches/v05M-R_异常中断恢复模板乱码与全站回归修复_完整覆盖补丁_staging/docs/V05G_PATCH_MANIFEST.txt;patches/v05G_semantic_processing_patch_20260701_113851/docs/V05G_PATCH_MANIFEST.txt;backup_before_v05m_recovery_20260702_091828/docs/V05G_PATCH_MANIFEST.txt;backups/code_before_v06e_20260706_115352/docs/V05G_PATCH_MANIFEST.txt,5,1119
24866cc7b9908757395c771689e92c053ccecca97cb0751ccca6aed628074a19,docs/V05G_PROCESSING.md;patches/v05M-R_异常中断恢复模板乱码与全站回归修复_完整覆盖补丁_staging/docs/V05G_PROCESSING.md;patches/v05G_semantic_processing_patch_20260701_113851/docs/V05G_PROCESSING.md;backup_before_v05m_recovery_20260702_091828/docs/V05G_PROCESSING.md;backups/code_before_v06e_20260706_115352/docs/V05G_PROCESSING.md,5,2200
0518a9d9efe71057405fadd73037e6c078297e4827b014bf77e48339d7974461,scripts/check_mojibake.py;patches/v05M-R_异常中断恢复模板乱码与全站回归修复_完整覆盖补丁_staging/scripts/check_mojibake.py;backups/code_before_v06i_nav_crawl_20260706_162150/scripts/check_mojibake.py;backups/code_before_v06i_intelligence_20260706_151858/scripts/check_mojibake.py;backups/code_before_v06e_20260706_115352/scripts/check_mojibake.py,5,3547
6dbfb24ba347d39b3828afa4efe59be4c2db6c84130fc84fdf4bd5ee6671e025,patches/v05M_全站产品化收口中文化入口整合与核心流程重构_完整覆盖补丁_staging/app/i18n/helpers.py;patches/v05M-R_异常中断恢复模板乱码与全站回归修复_完整覆盖补丁_staging/app/i18n/helpers.py;backup_before_v05m_recovery_20260702_091828/app/i18n/helpers.py;backups/code_before_v06e_20260706_115352/app/i18n/helpers.py;app/i18n/helpers.py,5,4400
0bf1cdfbf0802af4a35c718e968faea36ea2a93e940ede50f6b90b4bd49c698d,patches/v05M_全站产品化收口中文化入口整合与核心流程重构_完整覆盖补丁_staging/app/i18n/zh_cn.py;patches/v05M-R_异常中断恢复模板乱码与全站回归修复_完整覆盖补丁_staging/app/i18n/zh_cn.py;backup_before_v05m_recovery_20260702_091828/app/i18n/zh_cn.py;backups/code_before_v06e_20260706_115352/app/i18n/zh_cn.py;app/i18n/zh_cn.py,5,6214
3c0f74393694d93fc2d19e4129013cabc7c5c33369bca54a4ebfdc641dd96ea8,patches/v05M_全站产品化收口中文化入口整合与核心流程重构_完整覆盖补丁_staging/app/templates/v04c_review_queue.html;patches/v05M-R_异常中断恢复模板乱码与全站回归修复_完整覆盖补丁_staging/app/templates/v04c_review_queue.html;backup_before_v05m_recovery_20260702_091828/app/templates/v04c_review_queue.html;backups/code_before_v06f_20260706_130354/app/templates/templates/v04c_review_queue.html;backups/code_before_v06e_20260706_115352/app/templates/v04c_review_queue.html,5,4184
f62369e91f9fb423dbbff31d81b0d2802c2c6c3d04153c00faeccb3f351f2c47,patches/v05M_全站产品化收口中文化入口整合与核心流程重构_完整覆盖补丁_staging/app/templates/v05f_collection.html;patches/v05M-R_异常中断恢复模板乱码与全站回归修复_完整覆盖补丁_staging/app/templates/v05f_collection.html;backup_before_v05m_recovery_20260702_091828/app/templates/v05f_collection.html;backups/code_before_v06f_20260706_130354/app/templates/templates/v05f_collection.html;backups/code_before_v06e_20260706_115352/app/templates/v05f_collection.html,5,9508
1e6eaf7b23fe75c8c21c4e3424edab45ca2801a424f754e3a94401af9a37b5ab,patches/v05M_全站产品化收口中文化入口整合与核心流程重构_完整覆盖补丁_staging/app/templates/v05g_processing.html;patches/v05M-R_异常中断恢复模板乱码与全站回归修复_完整覆盖补丁_staging/app/templates/v05g_processing.html;backup_before_v05m_recovery_20260702_091828/app/templates/v05g_processing.html;backups/code_before_v06f_20260706_130354/app/templates/templates/v05g_processing.html;backups/code_before_v06e_20260706_115352/app/templates/v05g_processing.html,5,11196
451005888ea0bb76037904f731fac1f22b190d29ca429f97962321a3d7daffcf,patches/v05M-R_异常中断恢复模板乱码与全站回归修复_完整覆盖补丁_staging/scripts/migrate_v04c1.py;backup_before_v05m_recovery_20260702_091828/scripts/migrate_v04c1.py;backups/code_before_v06i_nav_crawl_20260706_162150/scripts/migrate_v04c1.py;backups/code_before_v06i_intelligence_20260706_151858/scripts/migrate_v04c1.py;backups/code_before_v06e_20260706_115352/scripts/migrate_v04c1.py,5,1080
7410b1e7493a38219aa4ddb6d7f098912caedf8895d9e44abe0a73fe088fb655,patches/v05M-R_异常中断恢复模板乱码与全站回归修复_完整覆盖补丁_staging/scripts/migrate_v04d.py;backup_before_v05m_recovery_20260702_091828/scripts/migrate_v04d.py;backups/code_before_v06i_nav_crawl_20260706_162150/scripts/migrate_v04d.py;backups/code_before_v06i_intelligence_20260706_151858/scripts/migrate_v04d.py;backups/code_before_v06e_20260706_115352/scripts/migrate_v04d.py,5,1582
d9c575895e1169adc33b2aa625c6f0fbfe4736f173c827e6faf0682768ad5c0c,patches/v05M-R_异常中断恢复模板乱码与全站回归修复_完整覆盖补丁_staging/scripts/migrate_v04db.py;backup_before_v05m_recovery_20260702_091828/scripts/migrate_v04db.py;backups/code_before_v06i_nav_crawl_20260706_162150/scripts/migrate_v04db.py;backups/code_before_v06i_intelligence_20260706_151858/scripts/migrate_v04db.py;backups/code_before_v06e_20260706_115352/scripts/migrate_v04db.py,5,1856
86c70a86881b63bd9a34025a9f92b85442006098c415e52b33ae2458e73df512,patches/v05M-R_异常中断恢复模板乱码与全站回归修复_完整覆盖补丁_staging/scripts/migrate_v04e.py;backup_before_v05m_recovery_20260702_091828/scripts/migrate_v04e.py;backups/code_before_v06i_nav_crawl_20260706_162150/scripts/migrate_v04e.py;backups/code_before_v06i_intelligence_20260706_151858/scripts/migrate_v04e.py;backups/code_before_v06e_20260706_115352/scripts/migrate_v04e.py,5,1449
9286f29f1c462c9af68a5a001c7b2c5cf57e08a995c066576ece1151f9623d85,patches/v05M-R_异常中断恢复模板乱码与全站回归修复_完整覆盖补丁_staging/scripts/verify_v04c.py;backup_before_v05m_recovery_20260702_091828/scripts/verify_v04c.py;backups/code_before_v06i_nav_crawl_20260706_162150/scripts/verify_v04c.py;backups/code_before_v06i_intelligence_20260706_151858/scripts/verify_v04c.py;backups/code_before_v06e_20260706_115352/scripts/verify_v04c.py,5,4234
03883f776ca34036c0cd58148d5d6934a01ce05cad6f027026d1fc0c6191ae52,patches/v05M-R_异常中断恢复模板乱码与全站回归修复_完整覆盖补丁_staging/scripts/verify_v04c1.py;backup_before_v05m_recovery_20260702_091828/scripts/verify_v04c1.py;backups/code_before_v06i_nav_crawl_20260706_162150/scripts/verify_v04c1.py;backups/code_before_v06i_intelligence_20260706_151858/scripts/verify_v04c1.py;backups/code_before_v06e_20260706_115352/scripts/verify_v04c1.py,5,10670
108f31d2907a054a4e37b8f3f32e5d682653c8a783a4da50d050b5d62ed830f1,patches/v05M-R_异常中断恢复模板乱码与全站回归修复_完整覆盖补丁_staging/scripts/verify_v04d.py;backup_before_v05m_recovery_20260702_091828/scripts/verify_v04d.py;backups/code_before_v06i_nav_crawl_20260706_162150/scripts/verify_v04d.py;backups/code_before_v06i_intelligence_20260706_151858/scripts/verify_v04d.py;backups/code_before_v06e_20260706_115352/scripts/verify_v04d.py,5,9470
3e73937a36a3c6e3473a31478ad2be621d83a2a9b392cf5a835c456e168d6a7e,patches/v05M-R_异常中断恢复模板乱码与全站回归修复_完整覆盖补丁_staging/scripts/verify_v04db.py;backup_before_v05m_recovery_20260702_091828/scripts/verify_v04db.py;backups/code_before_v06i_nav_crawl_20260706_162150/scripts/verify_v04db.py;backups/code_before_v06i_intelligence_20260706_151858/scripts/verify_v04db.py;backups/code_before_v06e_20260706_115352/scripts/verify_v04db.py,5,7222
8040d968aeeaf3f9d5e724e38876850860986749a1ae1798075a8bbfc127172f,patches/v05M-R_异常中断恢复模板乱码与全站回归修复_完整覆盖补丁_staging/scripts/verify_v04e.py;backup_before_v05m_recovery_20260702_091828/scripts/verify_v04e.py;backups/code_before_v06i_nav_crawl_20260706_162150/scripts/verify_v04e.py;backups/code_before_v06i_intelligence_20260706_151858/scripts/verify_v04e.py;backups/code_before_v06e_20260706_115352/scripts/verify_v04e.py,5,15729
db7df7b67d5e15546e80300d3ff639b18c4c82e5cfbf341253e7da55ab92424c,patches/v05M-R_异常中断恢复模板乱码与全站回归修复_完整覆盖补丁_staging/scripts/verify_v05a.py;backup_before_v05m_recovery_20260702_091828/scripts/verify_v05a.py;backups/code_before_v06i_nav_crawl_20260706_162150/scripts/verify_v05a.py;backups/code_before_v06i_intelligence_20260706_151858/scripts/verify_v05a.py;backups/code_before_v06e_20260706_115352/scripts/verify_v05a.py,5,7276
f17d11aa4fdd3e5bdd6c14e6ba65f5c463138ca43bee42965b58d28882f79b1d,patches/v05M-R_异常中断恢复模板乱码与全站回归修复_完整覆盖补丁_staging/scripts/verify_v05c.py;backup_before_v05m_recovery_20260702_091828/scripts/verify_v05c.py;backups/code_before_v06i_nav_crawl_20260706_162150/scripts/verify_v05c.py;backups/code_before_v06i_intelligence_20260706_151858/scripts/verify_v05c.py;backups/code_before_v06e_20260706_115352/scripts/verify_v05c.py,5,9485
73400a30f54dfeabb343c37aef3853a792c52b5baec9bb28c4086dcbf2d83f80,patches/v05M-R_异常中断恢复模板乱码与全站回归修复_完整覆盖补丁_staging/app/services/api_common.py;backup_before_v05m_recovery_20260702_091828/app/services/api_common.py;backups/code_before_v06i_intelligence_20260706_151858/services/api_common.py;backups/code_before_v06e_20260706_115352/app/services/api_common.py;app/services/api_common.py,5,2940
e2228d5e3015cf9b115570c77b37bfea53af9e812b91638198b8b24b9c0d4a2c,patches/v05M-R_异常中断恢复模板乱码与全站回归修复_完整覆盖补丁_staging/app/services/api_subject_service.py;backup_before_v05m_recovery_20260702_091828/app/services/api_subject_service.py;backups/code_before_v06i_intelligence_20260706_151858/services/api_subject_service.py;backups/code_before_v06e_20260706_115352/app/services/api_subject_service.py;app/services/api_subject_service.py,5,10647
9d0bc84e3465a8845050aaf43c80c95b41665fda3c8348e5d6985bb807f9f3fe,patches/v05M-R_异常中断恢复模板乱码与全站回归修复_完整覆盖补丁_staging/app/services/club_matching_service.py;backup_before_v05m_recovery_20260702_091828/app/services/club_matching_service.py;backups/code_before_v06i_intelligence_20260706_151858/services/club_matching_service.py;backups/code_before_v06e_20260706_115352/app/services/club_matching_service.py;app/services/club_matching_service.py,5,2167
da9343f3b4c1c888fe2c1d4435d8bfad6ede978c7cf47cc1421b2f467abdabff,patches/v05M-R_异常中断恢复模板乱码与全站回归修复_完整覆盖补丁_staging/app/services/collection_service.py;patches/v05F_multisource_collection_patch_20260701_093910/app/services/collection_service.py;backup_before_v05m_recovery_20260702_091828/app/services/collection_service.py;backups/code_before_v06i_intelligence_20260706_151858/services/collection_service.py;backups/code_before_v06e_20260706_115352/app/services/collection_service.py,5,42593
a71d0f275b2dddf5866b92c9034a54b0c7399c37b5fea94ace9ddcf0cd4fc653,patches/v05M-R_异常中断恢复模板乱码与全站回归修复_完整覆盖补丁_staging/app/services/dashboard_service.py;backup_before_v05m_recovery_20260702_091828/app/services/dashboard_service.py;backups/code_before_v06i_intelligence_20260706_151858/services/dashboard_service.py;backups/code_before_v06e_20260706_115352/app/services/dashboard_service.py;app/services/dashboard_service.py,5,4917
73faaf5b37986d1d169506aa3d77cacf02f8a576eb9a5297ccbbbcc851ceb62b,patches/v05M-R_异常中断恢复模板乱码与全站回归修复_完整覆盖补丁_staging/app/services/data_quality.py;backup_before_v05m_recovery_20260702_091828/app/services/data_quality.py;backups/code_before_v06i_intelligence_20260706_151858/services/data_quality.py;backups/code_before_v06e_20260706_115352/app/services/data_quality.py;app/services/data_quality.py,5,3800
949187b0ab854288ed04d5257710c87003124e0ed01c5937a69dede96779f2fe,patches/v05M-R_异常中断恢复模板乱码与全站回归修复_完整覆盖补丁_staging/app/services/id_generator.py;backup_before_v05m_recovery_20260702_091828/app/services/id_generator.py;backups/code_before_v06i_intelligence_20260706_151858/services/id_generator.py;backups/code_before_v06e_20260706_115352/app/services/id_generator.py;app/services/id_generator.py,5,1311
0d7a3b89d61369d8550ae0fc110026ebc3a3b386f9ec640e756578db648fa4dd,patches/v05M-R_异常中断恢复模板乱码与全站回归修复_完整覆盖补丁_staging/app/services/lead_recommendation_service.py;backup_before_v05m_recovery_20260702_091828/app/services/lead_recommendation_service.py;backups/code_before_v06i_intelligence_20260706_151858/services/lead_recommendation_service.py;backups/code_before_v06e_20260706_115352/app/services/lead_recommendation_service.py;app/services/lead_recommendation_service.py,5,1928
57fb771cac0b0061e82914ce199b7381dac0401afe108513c77e97834e6081ac,patches/v05M-R_异常中断恢复模板乱码与全站回归修复_完整覆盖补丁_staging/app/services/lead_scoring_service.py;backup_before_v05m_recovery_20260702_091828/app/services/lead_scoring_service.py;backups/code_before_v06i_intelligence_20260706_151858/services/lead_scoring_service.py;backups/code_before_v06e_20260706_115352/app/services/lead_scoring_service.py;app/services/lead_scoring_service.py,5,3518
ae9375777b3a31d4023a9b3a94793e649a0e6d1b40bacd1744ef25c97f771ce1,patches/v05M-R_异常中断恢复模板乱码与全站回归修复_完整覆盖补丁_staging/app/services/manual_ingestion.py;backup_before_v05m_recovery_20260702_091828/app/services/manual_ingestion.py;backups/code_before_v06i_intelligence_20260706_151858/services/manual_ingestion.py;backups/code_before_v06e_20260706_115352/app/services/manual_ingestion.py;app/services/manual_ingestion.py,5,12654
175094669cab7ab08fa8f9f4c8e24a77cb07cfcda0eb1a55c0845d5c9f4d1695,patches/v05M-R_异常中断恢复模板乱码与全站回归修复_完整覆盖补丁_staging/app/services/member_field_classifier.py;backup_before_v05m_recovery_20260702_091828/app/services/member_field_classifier.py;backups/code_before_v06i_intelligence_20260706_151858/services/member_field_classifier.py;backups/code_before_v06e_20260706_115352/app/services/member_field_classifier.py;app/services/member_field_classifier.py,5,3736
d80c8572de42cef551d325e634a1aa47de1a8f0a20537b1c9e9198db5fd5c7fa,patches/v05M-R_异常中断恢复模板乱码与全站回归修复_完整覆盖补丁_staging/app/services/member_import_normalizer.py;backup_before_v05m_recovery_20260702_091828/app/services/member_import_normalizer.py;backups/code_before_v06i_intelligence_20260706_151858/services/member_import_normalizer.py;backups/code_before_v06e_20260706_115352/app/services/member_import_normalizer.py;app/services/member_import_normalizer.py,5,6996
1877f5d4a47b99f3770e6a280c0ce88db58b76d124cd4170d87d7df3a4c7c999,patches/v05M-R_异常中断恢复模板乱码与全站回归修复_完整覆盖补丁_staging/app/services/member_import_parser.py;backup_before_v05m_recovery_20260702_091828/app/services/member_import_parser.py;backups/code_before_v06i_intelligence_20260706_151858/services/member_import_parser.py;backups/code_before_v06e_20260706_115352/app/services/member_import_parser.py;app/services/member_import_parser.py,5,12523
3c85a962a5f4478e18fd3fd0201201fc2c4a812a962596b2576f98d8d244f5c3,patches/v05M-R_异常中断恢复模板乱码与全站回归修复_完整覆盖补丁_staging/app/services/member_import_service.py;backup_before_v05m_recovery_20260702_091828/app/services/member_import_service.py;backups/code_before_v06i_intelligence_20260706_151858/services/member_import_service.py;backups/code_before_v06e_20260706_115352/app/services/member_import_service.py;app/services/member_import_service.py,5,24781
f146e2d35a3365d8f30d2e31205e451d8ab35564e2986f02a31ca9fa6a6dceff,patches/v05M-R_异常中断恢复模板乱码与全站回归修复_完整覆盖补丁_staging/app/services/member_import_validator.py;backup_before_v05m_recovery_20260702_091828/app/services/member_import_validator.py;backups/code_before_v06i_intelligence_20260706_151858/services/member_import_validator.py;backups/code_before_v06e_20260706_115352/app/services/member_import_validator.py;app/services/member_import_validator.py,5,2159
92754e8b1cc4dd20fb2b28f93d1e04fd428c052f7256bd1c9845de4cec677144,patches/v05M-R_异常中断恢复模板乱码与全站回归修复_完整覆盖补丁_staging/app/services/relationship_path_service.py;backup_before_v05m_recovery_20260702_091828/app/services/relationship_path_service.py;backups/code_before_v06i_intelligence_20260706_151858/services/relationship_path_service.py;backups/code_before_v06e_20260706_115352/app/services/relationship_path_service.py;app/services/relationship_path_service.py,5,9200
0ebd5720516c18d843f9ee61076c72fe01de871a55cf7bab0f98ab4c61fa2e2a,patches/v05M-R_异常中断恢复模板乱码与全站回归修复_完整覆盖补丁_staging/app/services/subject_links.py;backup_before_v05m_recovery_20260702_091828/app/services/subject_links.py;backups/code_before_v06i_intelligence_20260706_151858/services/subject_links.py;backups/code_before_v06e_20260706_115352/app/services/subject_links.py;app/services/subject_links.py,5,6798
7c907e7545810247ebbe0e1735bf1896d4540bf19e8d9056e98b8895a640790e,patches/v05M-R_异常中断恢复模板乱码与全站回归修复_完整覆盖补丁_staging/app/services/subject_profile_service.py;backup_before_v05m_recovery_20260702_091828/app/services/subject_profile_service.py;backups/code_before_v06i_intelligence_20260706_151858/services/subject_profile_service.py;backups/code_before_v06e_20260706_115352/app/services/subject_profile_service.py;app/services/subject_profile_service.py,5,24068
b14b6b7a589fe3fa7c328ea1f76b42b584b4321b8bd0867fbbfac11a4b093143,patches/v05M-R_异常中断恢复模板乱码与全站回归修复_完整覆盖补丁_staging/app/services/suspicious_review.py;backup_before_v05m_recovery_20260702_091828/app/services/suspicious_review.py;backups/code_before_v06i_intelligence_20260706_151858/services/suspicious_review.py;backups/code_before_v06e_20260706_115352/app/services/suspicious_review.py;app/services/suspicious_review.py,5,6252
d6a330b4ea32a1f50d2edcb24a2675a5ad9dfc096cb245c9068aa1a20dddc58c,patches/v05M-R_异常中断恢复模板乱码与全站回归修复_完整覆盖补丁_staging/app/services/watchlist_service.py;backup_before_v05m_recovery_20260702_091828/app/services/watchlist_service.py;backups/code_before_v06i_intelligence_20260706_151858/services/watchlist_service.py;backups/code_before_v06e_20260706_115352/app/services/watchlist_service.py;app/services/watchlist_service.py,5,6113
fcc5647da2968a4b415896a42be5e2a7dc003c36da55dc95f61b589dded7eac1,patches/v05M-R_异常中断恢复模板乱码与全站回归修复_完整覆盖补丁_staging/app/static/entity_smart_paste.js;backup_before_v05m_recovery_20260702_091828/app/static/entity_smart_paste.js;backups/code_before_v06f_20260706_130354/app/static/static/entity_smart_paste.js;backups/code_before_v06e_20260706_115352/app/static/entity_smart_paste.js;app/static/entity_smart_paste.js,5,35936
e7ef93bf3bb8bd77afda1301b74ce8f3f5fa0224763267827cfe7fb4e4be960f,patches/v05M-R_异常中断恢复模板乱码与全站回归修复_完整覆盖补丁_staging/app/static/v03a_additions.css;backup_before_v05m_recovery_20260702_091828/app/static/v03a_additions.css;backups/code_before_v06f_20260706_130354/app/static/static/v03a_additions.css;backups/code_before_v06e_20260706_115352/app/static/v03a_additions.css;app/static/v03a_additions.css,5,411
0358c4c6c273f2be45fc6b3a87c07b26e712883c548fe38e3bc1660b128e76af,patches/v05M-R_异常中断恢复模板乱码与全站回归修复_完整覆盖补丁_staging/app/static/v03b_additions.css;backup_before_v05m_recovery_20260702_091828/app/static/v03b_additions.css;backups/code_before_v06f_20260706_130354/app/static/static/v03b_additions.css;backups/code_before_v06e_20260706_115352/app/static/v03b_additions.css;app/static/v03b_additions.css,5,1596
41231207449cf124b21ae5fdd62240918f1481fdc5676365b6321d5dfacab247,patches/v05M-R_异常中断恢复模板乱码与全站回归修复_完整覆盖补丁_staging/app/static/v03c_additions.css;backup_before_v05m_recovery_20260702_091828/app/static/v03c_additions.css;backups/code_before_v06f_20260706_130354/app/static/static/v03c_additions.css;backups/code_before_v06e_20260706_115352/app/static/v03c_additions.css;app/static/v03c_additions.css,5,1024
bc9496fcc3714e8ba63560882ea9905d9acc8793d4545024fb5ffba44e4e32b4,patches/v05M-R_异常中断恢复模板乱码与全站回归修复_完整覆盖补丁_staging/app/static/v04a_additions.css;backup_before_v05m_recovery_20260702_091828/app/static/v04a_additions.css;backups/code_before_v06f_20260706_130354/app/static/static/v04a_additions.css;backups/code_before_v06e_20260706_115352/app/static/v04a_additions.css;app/static/v04a_additions.css,5,10912
1fc45086979da11b6e89723c4f8376f8b1e93ad3e8acd75d28a349cbd87ee910,patches/v05M-R_异常中断恢复模板乱码与全站回归修复_完整覆盖补丁_staging/app/templates/project_detail.html;backup_before_v05m_recovery_20260702_091828/app/templates/project_detail.html;backups/code_before_v06f_20260706_130354/app/templates/templates/project_detail.html;backups/code_before_v06e_20260706_115352/app/templates/project_detail.html;app/templates/project_detail.html,5,1148
f29769b4400d4417b0d7d0c948a2ad9e086a9411b20508d4e1e2ee40d8586ea6,patches/v05M-R_异常中断恢复模板乱码与全站回归修复_完整覆盖补丁_staging/app/templates/_page_head.html;backup_before_v05m_recovery_20260702_091828/app/templates/_page_head.html;backups/code_before_v06f_20260706_130354/app/templates/templates/_page_head.html;backups/code_before_v06e_20260706_115352/app/templates/_page_head.html;app/templates/_page_head.html,5,114
937ed53ebf13266f1ff69789251f8ff86a19784b688911a2bc77c846f3eebc99,patches/v05M-R_异常中断恢复模板乱码与全站回归修复_完整覆盖补丁_staging/app/services/operations/backup_service.py;backup_before_v05m_recovery_20260702_091828/app/services/operations/backup_service.py;backups/code_before_v06i_intelligence_20260706_151858/services/operations/backup_service.py;backups/code_before_v06e_20260706_115352/app/services/operations/backup_service.py;app/services/operations/backup_service.py,5,3225
dd428ef34d23f083f1a5b7ad57d46f561f3d617e15a109375e5a9818e986e83c,patches/v05M-R_异常中断恢复模板乱码与全站回归修复_完整覆盖补丁_staging/app/services/operations/restore_service.py;backup_before_v05m_recovery_20260702_091828/app/services/operations/restore_service.py;backups/code_before_v06i_intelligence_20260706_151858/services/operations/restore_service.py;backups/code_before_v06e_20260706_115352/app/services/operations/restore_service.py;app/services/operations/restore_service.py,5,3444
8fcad98ac1a67ae59731f7ea56c04228a39ce94cd152d4865364d577c4b6b5d1,patches/v05M-R_异常中断恢复模板乱码与全站回归修复_完整覆盖补丁_staging/app/services/operations/source_quality_service.py;backup_before_v05m_recovery_20260702_091828/app/services/operations/source_quality_service.py;backups/code_before_v06i_intelligence_20260706_151858/services/operations/source_quality_service.py;backups/code_before_v06e_20260706_115352/app/services/operations/source_quality_service.py;app/services/operations/source_quality_service.py,5,6862
dffc6c5f351608eced8608735c65de57d67a9814f2b888b9a32b293d74a1bd8f,patches/v05M-R_异常中断恢复模板乱码与全站回归修复_完整覆盖补丁_staging/app/services/operations/system_health_service.py;backup_before_v05m_recovery_20260702_091828/app/services/operations/system_health_service.py;backups/code_before_v06i_intelligence_20260706_151858/services/operations/system_health_service.py;backups/code_before_v06e_20260706_115352/app/services/operations/system_health_service.py;app/services/operations/system_health_service.py,5,3025
e00194d282c2d14c5106bf73d8f61ff410067810401a96aeabb4d81d8181a88e,patches/v05M-R_异常中断恢复模板乱码与全站回归修复_完整覆盖补丁_staging/app/services/operations/__init__.py;backup_before_v05m_recovery_20260702_091828/app/services/operations/__init__.py;backups/code_before_v06i_intelligence_20260706_151858/services/operations/__init__.py;backups/code_before_v06e_20260706_115352/app/services/operations/__init__.py;app/services/operations/__init__.py,5,567
a5db51ff182b34756914879df1274765c64aad57c28d8ec6842f57ebc043f077,patches/v05M-R_异常中断恢复模板乱码与全站回归修复_完整覆盖补丁_staging/app/services/pipeline/pipeline_metrics_service.py;backup_before_v05m_recovery_20260702_091828/app/services/pipeline/pipeline_metrics_service.py;backups/code_before_v06i_intelligence_20260706_151858/services/pipeline/pipeline_metrics_service.py;backups/code_before_v06e_20260706_115352/app/services/pipeline/pipeline_metrics_service.py;app/services/pipeline/pipeline_metrics_service.py,5,4094
8b3556635d309288836167838c1a0c1b9df6cb36f68b2921640e1418a52c39a3,patches/v05M-R_异常中断恢复模板乱码与全站回归修复_完整覆盖补丁_staging/app/services/pipeline/pipeline_quality_service.py;backup_before_v05m_recovery_20260702_091828/app/services/pipeline/pipeline_quality_service.py;backups/code_before_v06i_intelligence_20260706_151858/services/pipeline/pipeline_quality_service.py;backups/code_before_v06e_20260706_115352/app/services/pipeline/pipeline_quality_service.py;app/services/pipeline/pipeline_quality_service.py,5,3182
bccc6a793fd200edf4417cfa903672133de5c3524596f02cfcbc611ca19d238d,patches/v05M-R_异常中断恢复模板乱码与全站回归修复_完整覆盖补丁_staging/app/services/pipeline/pipeline_service.py;backup_before_v05m_recovery_20260702_091828/app/services/pipeline/pipeline_service.py;backups/code_before_v06i_intelligence_20260706_151858/services/pipeline/pipeline_service.py;backups/code_before_v06e_20260706_115352/app/services/pipeline/pipeline_service.py;app/services/pipeline/pipeline_service.py,5,15502
f43e792799efaf07247fe3f518fa49ff8632a2442107de4e1c4fa7b7cb75142b,patches/v05M-R_异常中断恢复模板乱码与全站回归修复_完整覆盖补丁_staging/app/services/pipeline/pipeline_state_service.py;backup_before_v05m_recovery_20260702_091828/app/services/pipeline/pipeline_state_service.py;backups/code_before_v06i_intelligence_20260706_151858/services/pipeline/pipeline_state_service.py;backups/code_before_v06e_20260706_115352/app/services/pipeline/pipeline_state_service.py;app/services/pipeline/pipeline_state_service.py,5,5783
112de3293c527f253a02c7e7e73caa8520ecedb637214a519f31949f76137943,patches/v05M-R_异常中断恢复模板乱码与全站回归修复_完整覆盖补丁_staging/app/services/pipeline/__init__.py;backup_before_v05m_recovery_20260702_091828/app/services/pipeline/__init__.py;backups/code_before_v06i_intelligence_20260706_151858/services/pipeline/__init__.py;backups/code_before_v06e_20260706_115352/app/services/pipeline/__init__.py;app/services/pipeline/__init__.py,5,669
ae5097f47a5637a32494ff217a07fc8f034bde984a213b5e5e14e58d3401cc38,patches/v05M-R_异常中断恢复模板乱码与全站回归修复_完整覆盖补丁_staging/app/services/processing/processing_job_service.py;patches/v05G_semantic_processing_patch_20260701_113851/app/services/processing/processing_job_service.py;backup_before_v05m_recovery_20260702_091828/app/services/processing/processing_job_service.py;backups/code_before_v06i_intelligence_20260706_151858/services/processing/processing_job_service.py;backups/code_before_v06e_20260706_115352/app/services/processing/processing_job_service.py,5,30939
6996c6bb8c84651c37c2c88d70b34343a5c7a507576d903001ed293f7642bb0d,patches/v05M-R_异常中断恢复模板乱码与全站回归修复_完整覆盖补丁_staging/app/services/reports/report_citation_service.py;backup_before_v05m_recovery_20260702_091828/app/services/reports/report_citation_service.py;backups/code_before_v06i_intelligence_20260706_151858/services/reports/report_citation_service.py;backups/code_before_v06e_20260706_115352/app/services/reports/report_citation_service.py;app/services/reports/report_citation_service.py,5,709
24def75a3ec71aa99fc01af584726a0bbf27c1333a746ce92b6e4868ce52d1a5,patches/v05M-R_异常中断恢复模板乱码与全站回归修复_完整覆盖补丁_staging/app/services/reports/__init__.py;backup_before_v05m_recovery_20260702_091828/app/services/reports/__init__.py;backups/code_before_v06i_intelligence_20260706_151858/services/reports/__init__.py;backups/code_before_v06e_20260706_115352/app/services/reports/__init__.py;app/services/reports/__init__.py,5,478
302bc2404de35fa967a0680367b8d22fd0e8d750f44a52cbc33f307717d479f9,patches/v05M-R_异常中断恢复模板乱码与全站回归修复_完整覆盖补丁_staging/app/services/research/investment_assessment_service.py;backup_before_v05m_recovery_20260702_091828/app/services/research/investment_assessment_service.py;backups/code_before_v06i_intelligence_20260706_151858/services/research/investment_assessment_service.py;backups/code_before_v06e_20260706_115352/app/services/research/investment_assessment_service.py;app/services/research/investment_assessment_service.py,5,8410
3d49ec43c508d0140844aa6ac70c296a4aa3ace1041f528ccf2f5d2a90630181,patches/v05M-R_异常中断恢复模板乱码与全站回归修复_完整覆盖补丁_staging/app/services/research/research_service.py;backup_before_v05m_recovery_20260702_091828/app/services/research/research_service.py;backups/code_before_v06i_intelligence_20260706_151858/services/research/research_service.py;backups/code_before_v06e_20260706_115352/app/services/research/research_service.py;app/services/research/research_service.py,5,22558
590bd4fa10544f8bc3d0813c0917391e1fce760bcd09e5634da44a7104a56af9,patches/v05M-R_异常中断恢复模板乱码与全站回归修复_完整覆盖补丁_staging/app/services/research/__init__.py;backup_before_v05m_recovery_20260702_091828/app/services/research/__init__.py;backups/code_before_v06i_intelligence_20260706_151858/services/research/__init__.py;backups/code_before_v06e_20260706_115352/app/services/research/__init__.py;app/services/research/__init__.py,5,1061
3af4a4d931d8e2c2df8c89bcbdd29d325058392910f36f87cc4ebdb9939245c6,patches/v05M-R_异常中断恢复模板乱码与全站回归修复_完整覆盖补丁_staging/app/services/signals/__init__.py;backup_before_v05m_recovery_20260702_091828/app/services/signals/__init__.py;backups/code_before_v06i_intelligence_20260706_151858/services/signals/__init__.py;backups/code_before_v06e_20260706_115352/app/services/signals/__init__.py;app/services/signals/__init__.py,5,222
f926b3b6a49fe0c12200cad009f1034811d14f59de668d55c80908942ba176eb,patches/v05M-R_异常中断恢复模板乱码与全站回归修复_完整覆盖补丁_staging/app/services/tasks/task_dispatcher.py;backup_before_v05m_recovery_20260702_091828/app/services/tasks/task_dispatcher.py;backups/code_before_v06i_intelligence_20260706_151858/services/tasks/task_dispatcher.py;backups/code_before_v06e_20260706_115352/app/services/tasks/task_dispatcher.py;app/services/tasks/task_dispatcher.py,5,2209
1551a68c9f5ffe77c90354ce25d6487de5a17f5b714329d9ddcc34c21a9f99b4,patches/v05M-R_异常中断恢复模板乱码与全站回归修复_完整覆盖补丁_staging/app/services/tasks/task_heartbeat_service.py;backup_before_v05m_recovery_20260702_091828/app/services/tasks/task_heartbeat_service.py;backups/code_before_v06i_intelligence_20260706_151858/services/tasks/task_heartbeat_service.py;backups/code_before_v06e_20260706_115352/app/services/tasks/task_heartbeat_service.py;app/services/tasks/task_heartbeat_service.py,5,1158
638e93ebe5f36107fc02b00963ea670ce095693d6204a870fd72a06bddf3cc01,patches/v05M-R_异常中断恢复模板乱码与全站回归修复_完整覆盖补丁_staging/app/services/tasks/task_metrics_service.py;backup_before_v05m_recovery_20260702_091828/app/services/tasks/task_metrics_service.py;backups/code_before_v06i_intelligence_20260706_151858/services/tasks/task_metrics_service.py;backups/code_before_v06e_20260706_115352/app/services/tasks/task_metrics_service.py;app/services/tasks/task_metrics_service.py,5,736
5071447950de4cffe66b73923bb0dd6e5f0396f1726bf4ccc9722599452ccd27,patches/v05M-R_异常中断恢复模板乱码与全站回归修复_完整覆盖补丁_staging/app/services/tasks/task_retry_service.py;backup_before_v05m_recovery_20260702_091828/app/services/tasks/task_retry_service.py;backups/code_before_v06i_intelligence_20260706_151858/services/tasks/task_retry_service.py;backups/code_before_v06e_20260706_115352/app/services/tasks/task_retry_service.py;app/services/tasks/task_retry_service.py,5,268
5f2b1be6925b23c10ab1be38e6fd62bcb0a265f072d49a6ca9098ef9c1b97dcd,patches/v05M-R_异常中断恢复模板乱码与全站回归修复_完整覆盖补丁_staging/app/services/tasks/task_runner.py;backup_before_v05m_recovery_20260702_091828/app/services/tasks/task_runner.py;backups/code_before_v06i_intelligence_20260706_151858/services/tasks/task_runner.py;backups/code_before_v06e_20260706_115352/app/services/tasks/task_runner.py;app/services/tasks/task_runner.py,5,4472
c629296184bff2dc277f325c13237ed1e235acf04c9e3c814c424cdd1ba8c162,patches/v05M-R_异常中断恢复模板乱码与全站回归修复_完整覆盖补丁_staging/app/services/tasks/__init__.py;backup_before_v05m_recovery_20260702_091828/app/services/tasks/__init__.py;backups/code_before_v06i_intelligence_20260706_151858/services/tasks/__init__.py;backups/code_before_v06e_20260706_115352/app/services/tasks/__init__.py;app/services/tasks/__init__.py,5,306
830344dd49b92bc3f48dac8cea9e20203b48066a87407281a8c4590dbf29bd57,backups/code_before_v06i_nav_crawl_20260706_162150/app/templates/platform/admin_intelligence.html;backups/code_before_v06h_20260706_145146/platform/admin_intelligence.html;backups/code_before_v06f_20260706_130354/app/templates/platform/admin_intelligence.html;backups/code_before_v06f_20260706_130354/app/templates/templates/platform/admin_intelligence.html;app/templates/platform/admin_intelligence.html,5,3143
350ace38b9f966c624e005f9759dc01fe627450433e06427b794982486bdcac7,backups/code_before_v06i_nav_crawl_20260706_162150/app/templates/platform/error_403.html;backups/code_before_v06h_20260706_145146/platform/error_403.html;backups/code_before_v06f_20260706_130354/app/templates/platform/error_403.html;backups/code_before_v06f_20260706_130354/app/templates/templates/platform/error_403.html;backups/code_before_v06e_20260706_115352/app/templates/platform/error_403.html,5,1601
5feb8ede4ca5ad8c6cefd1585a46638fc4c4846754369bb906156857bf750012,backups/code_before_v06i_nav_crawl_20260706_162150/app/templates/platform/error_404.html;backups/code_before_v06h_20260706_145146/platform/error_404.html;backups/code_before_v06f_20260706_130354/app/templates/platform/error_404.html;backups/code_before_v06f_20260706_130354/app/templates/templates/platform/error_404.html;backups/code_before_v06e_20260706_115352/app/templates/platform/error_404.html,5,1602
42f2f06a6d703e1f7c620d1e6e72e07f8d4de9fdc63bd4180d329f9897bcb108,backups/code_before_v06i_nav_crawl_20260706_162150/app/templates/platform/error_500.html;backups/code_before_v06h_20260706_145146/platform/error_500.html;backups/code_before_v06f_20260706_130354/app/templates/platform/error_500.html;backups/code_before_v06f_20260706_130354/app/templates/templates/platform/error_500.html;backups/code_before_v06e_20260706_115352/app/templates/platform/error_500.html,5,1622
ff35a574a06601e4b0b8d73dcd63f3fb9007cded7f28f953bf22dcb34b0ad721,backups/code_before_v06i_nav_crawl_20260706_162150/app/templates/platform/identity.html;backups/code_before_v06h_20260706_145146/platform/identity.html;backups/code_before_v06f_20260706_130354/app/templates/platform/identity.html;backups/code_before_v06f_20260706_130354/app/templates/templates/platform/identity.html;backups/code_before_v06e_20260706_115352/app/templates/platform/identity.html,5,8796
a0bb7003ad33676e7561ff3bc5e3c702eca5532268174ef486e6dbf9750ca663,backups/code_before_v06i_nav_crawl_20260706_162150/app/templates/platform/intelligence_detail.html;backups/code_before_v06h_20260706_145146/platform/intelligence_detail.html;backups/code_before_v06f_20260706_130354/app/templates/platform/intelligence_detail.html;backups/code_before_v06f_20260706_130354/app/templates/templates/platform/intelligence_detail.html;app/templates/platform/intelligence_detail.html,5,1772
1534063bf263b254e849cb64f8947c9c0c8ff8afa313d5d4fc38bda882113fd7,backups/code_before_v06i_nav_crawl_20260706_162150/app/templates/platform/opportunity_detail.html;backups/code_before_v06h_20260706_145146/platform/opportunity_detail.html;backups/code_before_v06f_20260706_130354/app/templates/platform/opportunity_detail.html;backups/code_before_v06f_20260706_130354/app/templates/templates/platform/opportunity_detail.html;backups/code_before_v06e_20260706_115352/app/templates/platform/opportunity_detail.html,5,4819
447ca5d9326808e904f975e878ef0fc6e0d0148672177a7cc579c6c88bd7780e,backups/code_before_v06i_nav_crawl_20260706_162150/app/templates/platform/organizations.html;backups/code_before_v06h_20260706_145146/platform/organizations.html;backups/code_before_v06f_20260706_130354/app/templates/platform/organizations.html;backups/code_before_v06f_20260706_130354/app/templates/templates/platform/organizations.html;backups/code_before_v06e_20260706_115352/app/templates/platform/organizations.html,5,2799
932a50bb4068eeb81da677a9fbb3d61399296189357d20f72b8c7c0d6d08d880,backups/code_before_v06i_nav_crawl_20260706_162150/app/templates/platform/people_discovery.html;backups/code_before_v06h_20260706_145146/platform/people_discovery.html;backups/code_before_v06f_20260706_130354/app/templates/platform/people_discovery.html;backups/code_before_v06f_20260706_130354/app/templates/templates/platform/people_discovery.html;backups/code_before_v06e_20260706_115352/app/templates/platform/people_discovery.html,5,4930
cace696fd6b995c68d9bf65b0da79a5018606892c86c8dd87738c0b5d141f89c,backups/code_before_v06i_nav_crawl_20260706_162150/app/templates/platform/person_card.html;backups/code_before_v06h_20260706_145146/platform/person_card.html;backups/code_before_v06f_20260706_130354/app/templates/platform/person_card.html;backups/code_before_v06f_20260706_130354/app/templates/templates/platform/person_card.html;backups/code_before_v06e_20260706_115352/app/templates/platform/person_card.html,5,5401
b43b771be483576f1d6a33afab10a0b72e55192ad07971d86ad95c96566605fa,backups/code_before_v06i_nav_crawl_20260706_162150/app/templates/platform/resource_detail.html;backups/code_before_v06h_20260706_145146/platform/resource_detail.html;backups/code_before_v06f_20260706_130354/app/templates/platform/resource_detail.html;backups/code_before_v06f_20260706_130354/app/templates/templates/platform/resource_detail.html;backups/code_before_v06e_20260706_115352/app/templates/platform/resource_detail.html,5,4409
bf715d4fdb1098f121f846ed3e92d5d78065276eb620e907013542ae55a98071,backups/code_before_v06i_nav_crawl_20260706_162150/app/templates/platform/resource_form.html;backups/code_before_v06h_20260706_145146/platform/resource_form.html;backups/code_before_v06f_20260706_130354/app/templates/platform/resource_form.html;backups/code_before_v06f_20260706_130354/app/templates/templates/platform/resource_form.html;backups/code_before_v06e_20260706_115352/app/templates/platform/resource_form.html,5,3719
396a562be05eb76783ef8297e1c2fa3396f0d856334b495a077285b2f567fef4,backups/code_before_v06i_nav_crawl_20260706_162150/app/templates/platform/search_results.html;backups/code_before_v06h_20260706_145146/platform/search_results.html;backups/code_before_v06f_20260706_130354/app/templates/platform/search_results.html;backups/code_before_v06f_20260706_130354/app/templates/templates/platform/search_results.html;backups/code_before_v06e_20260706_115352/app/templates/platform/search_results.html,5,2475
ad36c90ec10944e598c8a53730cbb5dcacd65e6d02818b476d02fa3e50403143,backups/code_before_v06i_nav_crawl_20260706_162150/app/templates/platform/subscriptions.html;backups/code_before_v06h_20260706_145146/platform/subscriptions.html;backups/code_before_v06f_20260706_130354/app/templates/platform/subscriptions.html;backups/code_before_v06f_20260706_130354/app/templates/templates/platform/subscriptions.html;backups/code_before_v06e_20260706_115352/app/templates/platform/subscriptions.html,5,3163
b1173fecffc1cceacea951846acdf0f209c7f637de62e1369e458e1e72c6a042,migrate_v05f_windows.bat;backup_before_v05m_recovery_20260702_091828/migrate_v05f_windows.bat;patches/v05F_multisource_collection_patch_20260701_093910/migrate_v05f_windows.bat;backups/code_before_v06e_20260706_115352/migrate_v05f_windows.bat,4,589
c97098f9c6da532ccac135d4bcb1f3ae2724f4387f3a6431a2f4d69b4aa6be87,migrate_v05g_windows.bat;backup_before_v05m_recovery_20260702_091828/migrate_v05g_windows.bat;patches/v05G_semantic_processing_patch_20260701_113851/migrate_v05g_windows.bat;backups/code_before_v06e_20260706_115352/migrate_v05g_windows.bat,4,311
32a96364a1a20ea9e5060bcb528c8589ce3a835eb0ba6fedef5482e1eddf3c98,run_collection_once_windows.bat;backup_before_v05m_recovery_20260702_091828/run_collection_once_windows.bat;patches/v05F_multisource_collection_patch_20260701_093910/run_collection_once_windows.bat;backups/code_before_v06e_20260706_115352/run_collection_once_windows.bat,4,648
c12351f64341cd2db9d153674b7997aee6b298a8d9513b27c54923ab78e8872b,run_collection_worker_windows.bat;backup_before_v05m_recovery_20260702_091828/run_collection_worker_windows.bat;patches/v05F_multisource_collection_patch_20260701_093910/run_collection_worker_windows.bat;backups/code_before_v06e_20260706_115352/run_collection_worker_windows.bat,4,643
920170abbbca451d5a63244fb58ff040761525b644f0ce5681e92a40ab556ccc,run_processing_once_windows.bat;backup_before_v05m_recovery_20260702_091828/run_processing_once_windows.bat;patches/v05G_semantic_processing_patch_20260701_113851/run_processing_once_windows.bat;backups/code_before_v06e_20260706_115352/run_processing_once_windows.bat,4,422
baa83570c7c96d0cc95f647629ed1b9788263abd2cb78e43391c3fa516e01c62,run_processing_worker_windows.bat;backup_before_v05m_recovery_20260702_091828/run_processing_worker_windows.bat;patches/v05G_semantic_processing_patch_20260701_113851/run_processing_worker_windows.bat;backups/code_before_v06e_20260706_115352/run_processing_worker_windows.bat,4,330
a6f0a68ac0cad770a6910321ca73ab5dc88ec708750cf03ecf56a56827dda7b9,verify_v05f_windows.bat;backup_before_v05m_recovery_20260702_091828/verify_v05f_windows.bat;patches/v05F_multisource_collection_patch_20260701_093910/verify_v05f_windows.bat;backups/code_before_v06e_20260706_115352/verify_v05f_windows.bat,4,588
82f8c19b940ea6cecc0eaa4ca0fd6f99319f42786431fef28e6cd9a4a0474d59,verify_v05g_windows.bat;backup_before_v05m_recovery_20260702_091828/verify_v05g_windows.bat;patches/v05G_semantic_processing_patch_20260701_113851/verify_v05g_windows.bat;backups/code_before_v06e_20260706_115352/verify_v05g_windows.bat,4,318
8f6c4e4383c3e7ea2091caedb04483a910f1f388d429506d4710a7482031606a,verify_v05m_windows.bat;backup_before_v05m_recovery_20260702_091828/verify_v05m_windows.bat;patches/v05M_全站产品化收口中文化入口整合与核心流程重构_完整覆盖补丁_staging/verify_v05m_windows.bat;backups/code_before_v06e_20260706_115352/verify_v05m_windows.bat,4,458
c5dca7fd8bba5df94d079ed2a14e70d924f2c78fc66a7b16aa19e355fc2e0c08,app/analyzer.py;patches/v05M-R_异常中断恢复模板乱码与全站回归修复_完整覆盖补丁_staging/app/analyzer.py;backup_before_v05m_recovery_20260702_091828/app/analyzer.py;backups/code_before_v06e_20260706_115352/app/analyzer.py,4,10616
60b7383e523c264bf6e91a8b0ce15b547ca5be0e661f804a3d584d4e50b13b6c,app/crud_config.py;patches/v05M-R_异常中断恢复模板乱码与全站回归修复_完整覆盖补丁_staging/app/crud_config.py;backup_before_v05m_recovery_20260702_091828/app/crud_config.py;backups/code_before_v06e_20260706_115352/app/crud_config.py,4,9928
a3db5f980ad3ab71a2aae03ea7b3cb3473698c5f69feb3c4e9533dab11db7a57,app/entity_analyzer.py;patches/v05M-R_异常中断恢复模板乱码与全站回归修复_完整覆盖补丁_staging/app/entity_analyzer.py;backup_before_v05m_recovery_20260702_091828/app/entity_analyzer.py;backups/code_before_v06e_20260706_115352/app/entity_analyzer.py,4,11109
99d3e3aa5e735de71ef74db0605e76bd2c4298f7e8e22e0e8fcd754fae6ed1d3,app/models.py;patches/v05M-R_异常中断恢复模板乱码与全站回归修复_完整覆盖补丁_staging/app/models.py;backup_before_v05m_recovery_20260702_091828/app/models.py;backups/code_before_v06e_20260706_115352/app/models.py,4,16526
907371afd69c4ca643f315bd75164d15c1d0390e746d27029393283cdf76c8d2,app/paste_router.py;patches/v05M-R_异常中断恢复模板乱码与全站回归修复_完整覆盖补丁_staging/app/paste_router.py;backup_before_v05m_recovery_20260702_091828/app/paste_router.py;backups/code_before_v06e_20260706_115352/app/paste_router.py,4,5651
341d2bd59356b7b9d7cf897800e66bab5c6c35e0de491b0e399dc63d82b46344,app/v04g_monitoring.py;patches/v05M-R_异常中断恢复模板乱码与全站回归修复_完整覆盖补丁_staging/app/v04g_monitoring.py;backup_before_v05m_recovery_20260702_091828/app/v04g_monitoring.py;backups/code_before_v06e_20260706_115352/app/v04g_monitoring.py,4,5741
8101dcbe94a3fdf4913d2fbd29eacca3db6ae58f332af3b4f98d8fc354e16503,app/v05a_security.py;patches/v05M-R_异常中断恢复模板乱码与全站回归修复_完整覆盖补丁_staging/app/v05a_security.py;backup_before_v05m_recovery_20260702_091828/app/v05a_security.py;backups/code_before_v06e_20260706_115352/app/v05a_security.py,4,12584
d990b4285178d83a39c12b9730df61b9ace28575d0b674078edacd8dab30f703,app/v05kl_operations.py;patches/v05M-R_异常中断恢复模板乱码与全站回归修复_完整覆盖补丁_staging/app/v05kl_operations.py;backup_before_v05m_recovery_20260702_091828/app/v05kl_operations.py;backups/code_before_v06e_20260706_115352/app/v05kl_operations.py,4,3382
57f630575d0cd62b32a1ad6e27b1e7e0795e74a39fd3c7c9f1129a7f014bba7b,app/web_extractor.py;patches/v05M-R_异常中断恢复模板乱码与全站回归修复_完整覆盖补丁_staging/app/web_extractor.py;backup_before_v05m_recovery_20260702_091828/app/web_extractor.py;backups/code_before_v06e_20260706_115352/app/web_extractor.py,4,6815
e3b0c44298fc1c149afbf4c8996fb92427ae41e4649b934ca495991b7852b855,app/__init__.py;patches/v05M-R_异常中断恢复模板乱码与全站回归修复_完整覆盖补丁_staging/app/__init__.py;backup_before_v05m_recovery_20260702_091828/app/__init__.py;backups/code_before_v06e_20260706_115352/app/__init__.py,4,0
eaaa6353469cd333639a13aa179994f361ca287eda6bd2acbb7d0aae8d2fa511,docs/01_手动替换步骤.md;patches/v05M-R_异常中断恢复模板乱码与全站回归修复_完整覆盖补丁_staging/docs/01_手动替换步骤.md;backup_before_v05m_recovery_20260702_091828/docs/01_手动替换步骤.md;backups/code_before_v06e_20260706_115352/docs/01_手动替换步骤.md,4,2627
40ace06649d7516f17893f6de2d89e0e041a700b18204e2da0538a464eec4388,docs/02_QUICK_START.md;patches/v05M-R_异常中断恢复模板乱码与全站回归修复_完整覆盖补丁_staging/docs/02_QUICK_START.md;backup_before_v05m_recovery_20260702_091828/docs/02_QUICK_START.md;backups/code_before_v06e_20260706_115352/docs/02_QUICK_START.md,4,845
be5fba3ef560175d4534671b10dd0b5dfb09a77a1b605fe8c633377c8a4dfc1f,docs/02_功能与验收清单.md;patches/v05M-R_异常中断恢复模板乱码与全站回归修复_完整覆盖补丁_staging/docs/02_功能与验收清单.md;backup_before_v05m_recovery_20260702_091828/docs/02_功能与验收清单.md;backups/code_before_v06e_20260706_115352/docs/02_功能与验收清单.md,4,2074
07e7ff8fbe5977725534429de8aca6349ef96fd03af4743e84c93eb105907a9c,docs/02_功能验收清单.md;patches/v05M-R_异常中断恢复模板乱码与全站回归修复_完整覆盖补丁_staging/docs/02_功能验收清单.md;backup_before_v05m_recovery_20260702_091828/docs/02_功能验收清单.md;backups/code_before_v06e_20260706_115352/docs/02_功能验收清单.md,4,2609
ef8fbf84be29a98ce875e9ec35011c9c3bb13c605cc291e90c8be755bae03cae,docs/03_USER_GUIDE.md;patches/v05M-R_异常中断恢复模板乱码与全站回归修复_完整覆盖补丁_staging/docs/03_USER_GUIDE.md;backup_before_v05m_recovery_20260702_091828/docs/03_USER_GUIDE.md;backups/code_before_v06e_20260706_115352/docs/03_USER_GUIDE.md,4,1253
ea25625abf64c7453215e0eafe3dc3a3052783534077fc590f2eb0c8628ed024,docs/03_故障排查.md;patches/v05M-R_异常中断恢复模板乱码与全站回归修复_完整覆盖补丁_staging/docs/03_故障排查.md;backup_before_v05m_recovery_20260702_091828/docs/03_故障排查.md;backups/code_before_v06e_20260706_115352/docs/03_故障排查.md,4,2336
bcd516dc23b7641636a738dd85b8f3c4790abdf9109c43290db1ab3c45f4bfaf,docs/03_离线提取规则说明.md;patches/v05M-R_异常中断恢复模板乱码与全站回归修复_完整覆盖补丁_staging/docs/03_离线提取规则说明.md;backup_before_v05m_recovery_20260702_091828/docs/03_离线提取规则说明.md;backups/code_before_v06e_20260706_115352/docs/03_离线提取规则说明.md,4,1514
34132b1f4feb36936ed8a7353eac82d4e6cb5ec0fa4bfd131c8cb5cc682819e3,docs/03_算法与安全边界.md;patches/v05M-R_异常中断恢复模板乱码与全站回归修复_完整覆盖补丁_staging/docs/03_算法与安全边界.md;backup_before_v05m_recovery_20260702_091828/docs/03_算法与安全边界.md;backups/code_before_v06e_20260706_115352/docs/03_算法与安全边界.md,4,1292
8ea6c72515a52c7ca7bfb61508db139641cad8813427fc705617b7129576dac3,docs/04_DATA_MODEL.md;patches/v05M-R_异常中断恢复模板乱码与全站回归修复_完整覆盖补丁_staging/docs/04_DATA_MODEL.md;backup_before_v05m_recovery_20260702_091828/docs/04_DATA_MODEL.md;backups/code_before_v06e_20260706_115352/docs/04_DATA_MODEL.md,4,1428
c6d452f63ce22b33e2e39876b736f0300a6c80fe07fa5fcb4dc47be322382c65,docs/04_故障排查.md;patches/v05M-R_异常中断恢复模板乱码与全站回归修复_完整覆盖补丁_staging/docs/04_故障排查.md;backup_before_v05m_recovery_20260702_091828/docs/04_故障排查.md;backups/code_before_v06e_20260706_115352/docs/04_故障排查.md,4,1581
8f6252999adf2d7a85fc753ef1b6f4924deacde97858607834cc6d877f8d29c8,docs/05_REVIEW_WORKFLOW.md;patches/v05M-R_异常中断恢复模板乱码与全站回归修复_完整覆盖补丁_staging/docs/05_REVIEW_WORKFLOW.md;backup_before_v05m_recovery_20260702_091828/docs/05_REVIEW_WORKFLOW.md;backups/code_before_v06e_20260706_115352/docs/05_REVIEW_WORKFLOW.md,4,1280
295d21c8c6048db5fcaa952df8742e1b478cb73d6f945d1903721c2a70e78a70,docs/06_DATA_INGESTION.md;patches/v05M-R_异常中断恢复模板乱码与全站回归修复_完整覆盖补丁_staging/docs/06_DATA_INGESTION.md;backup_before_v05m_recovery_20260702_091828/docs/06_DATA_INGESTION.md;backups/code_before_v06e_20260706_115352/docs/06_DATA_INGESTION.md,4,1660
760fa87295376e9fe84eff0d1ea1e9d2209f0a210575445e670807c31988c13b,docs/09_CHANGELOG.md;patches/v05M-R_异常中断恢复模板乱码与全站回归修复_完整覆盖补丁_staging/docs/09_CHANGELOG.md;backup_before_v05m_recovery_20260702_091828/docs/09_CHANGELOG.md;backups/code_before_v06e_20260706_115352/docs/09_CHANGELOG.md,4,1053
e98d29ca27e13f1ce8ae1c6e3bac694aad0d27ae5e6554998df5af82fb80d365,docs/10_V04D_STRUCTURING.md;patches/v05M-R_异常中断恢复模板乱码与全站回归修复_完整覆盖补丁_staging/docs/10_V04D_STRUCTURING.md;backup_before_v05m_recovery_20260702_091828/docs/10_V04D_STRUCTURING.md;backups/code_before_v06e_20260706_115352/docs/10_V04D_STRUCTURING.md,4,1638
0da1e5d537a19dbd51cb26a33992f90e6f74ac8b1c18b088183b31a9e2a7a1ff,docs/11_V04H_RECOMMENDATIONS.md;patches/v05M-R_异常中断恢复模板乱码与全站回归修复_完整覆盖补丁_staging/docs/11_V04H_RECOMMENDATIONS.md;backup_before_v05m_recovery_20260702_091828/docs/11_V04H_RECOMMENDATIONS.md;backups/code_before_v06e_20260706_115352/docs/11_V04H_RECOMMENDATIONS.md,4,2491
d923f5c1bb5e43fb3b558ae9079ad1612c12eb65553929949ca003ea2176b616,docs/12_V05A_SECURITY.md;patches/v05M-R_异常中断恢复模板乱码与全站回归修复_完整覆盖补丁_staging/docs/12_V05A_SECURITY.md;backup_before_v05m_recovery_20260702_091828/docs/12_V05A_SECURITY.md;backups/code_before_v06e_20260706_115352/docs/12_V05A_SECURITY.md,4,3207
56f3f3324c879128c404b5e9f5a18bf638b3e47c4555aa34c69930dfd776b09e,docs/13_V05A_PATCH_INSTALL.md;patches/v05M-R_异常中断恢复模板乱码与全站回归修复_完整覆盖补丁_staging/docs/13_V05A_PATCH_INSTALL.md;backup_before_v05m_recovery_20260702_091828/docs/13_V05A_PATCH_INSTALL.md;backups/code_before_v06e_20260706_115352/docs/13_V05A_PATCH_INSTALL.md,4,1865
b165c8e11b1e0bcd7b40744c4c604380332b6095da8dfe8711d3694c37051a30,docs/14_V05B_MEMBER_IMPORT.md;patches/v05M-R_异常中断恢复模板乱码与全站回归修复_完整覆盖补丁_staging/docs/14_V05B_MEMBER_IMPORT.md;backup_before_v05m_recovery_20260702_091828/docs/14_V05B_MEMBER_IMPORT.md;backups/code_before_v06e_20260706_115352/docs/14_V05B_MEMBER_IMPORT.md,4,3311
5d116ab1ef7aea92ac4daf54dcfb9730495ef8ee29c42272a068defa67a55d15,docs/15_V05B_PATCH_INSTALL.md;patches/v05M-R_异常中断恢复模板乱码与全站回归修复_完整覆盖补丁_staging/docs/15_V05B_PATCH_INSTALL.md;backup_before_v05m_recovery_20260702_091828/docs/15_V05B_PATCH_INSTALL.md;backups/code_before_v06e_20260706_115352/docs/15_V05B_PATCH_INSTALL.md,4,2012
ceeb2f2c3b6c22fe698552899cb0af473bff2b720fbdc94cef2ef3b6dae7f005,docs/16_V05B_QUICK_ACCEPTANCE.md;patches/v05M-R_异常中断恢复模板乱码与全站回归修复_完整覆盖补丁_staging/docs/16_V05B_QUICK_ACCEPTANCE.md;backup_before_v05m_recovery_20260702_091828/docs/16_V05B_QUICK_ACCEPTANCE.md;backups/code_before_v06e_20260706_115352/docs/16_V05B_QUICK_ACCEPTANCE.md,4,646
586a4c9931c5a7787704277787be4ab28301df1313870d3c19af0ab1e8d25751,docs/API_V1_GUIDE.md;patches/v05M-R_异常中断恢复模板乱码与全站回归修复_完整覆盖补丁_staging/docs/API_V1_GUIDE.md;backup_before_v05m_recovery_20260702_091828/docs/API_V1_GUIDE.md;backups/code_before_v06e_20260706_115352/docs/API_V1_GUIDE.md,4,9556
64ec2daff317784bb0ba6280b261e5e9367ddd0684c8194d873dc208ad5a1a05,docs/DOCUMENT_CLEANUP_REPORT.md;patches/v05M-R_异常中断恢复模板乱码与全站回归修复_完整覆盖补丁_staging/docs/DOCUMENT_CLEANUP_REPORT.md;backup_before_v05m_recovery_20260702_091828/docs/DOCUMENT_CLEANUP_REPORT.md;backups/code_before_v06e_20260706_115352/docs/DOCUMENT_CLEANUP_REPORT.md,4,4241
4792bd430030f4a839db895eb526a9530b98b843eb8b9ccd1db285cdea98ab8f,docs/DOCUMENT_INDEX.md;patches/v05M-R_异常中断恢复模板乱码与全站回归修复_完整覆盖补丁_staging/docs/DOCUMENT_INDEX.md;backup_before_v05m_recovery_20260702_091828/docs/DOCUMENT_INDEX.md;backups/code_before_v06e_20260706_115352/docs/DOCUMENT_INDEX.md,4,1863
b4440203a901c7883438fefdd685f4dc9f2064fca4ede16fcd79f1e43d40a632,docs/SKILLS_GUIDE.md;patches/v05M-R_异常中断恢复模板乱码与全站回归修复_完整覆盖补丁_staging/docs/SKILLS_GUIDE.md;backup_before_v05m_recovery_20260702_091828/docs/SKILLS_GUIDE.md;backups/code_before_v06e_20260706_115352/docs/SKILLS_GUIDE.md,4,4047
2bb231bcde5c7d127428e82dddcb26b4b6e55757cc35223656203feddbe2a407,docs/V04H_PATCH_MANIFEST.txt;patches/v05M-R_异常中断恢复模板乱码与全站回归修复_完整覆盖补丁_staging/docs/V04H_PATCH_MANIFEST.txt;backup_before_v05m_recovery_20260702_091828/docs/V04H_PATCH_MANIFEST.txt;backups/code_before_v06e_20260706_115352/docs/V04H_PATCH_MANIFEST.txt,4,464
dee31e7f3da714a0c169f9a9ca4954885615d20d203abf80880804b32ad4b577,docs/V05A_PATCH_MANIFEST.txt;patches/v05M-R_异常中断恢复模板乱码与全站回归修复_完整覆盖补丁_staging/docs/V05A_PATCH_MANIFEST.txt;backup_before_v05m_recovery_20260702_091828/docs/V05A_PATCH_MANIFEST.txt;backups/code_before_v06e_20260706_115352/docs/V05A_PATCH_MANIFEST.txt,4,876
83b6cb8794c99291aa4f537767242c4ff88684f00baec75bd71d944bb9b47ddb,docs/V05B_PATCH_MANIFEST.txt;patches/v05M-R_异常中断恢复模板乱码与全站回归修复_完整覆盖补丁_staging/docs/V05B_PATCH_MANIFEST.txt;backup_before_v05m_recovery_20260702_091828/docs/V05B_PATCH_MANIFEST.txt;backups/code_before_v06e_20260706_115352/docs/V05B_PATCH_MANIFEST.txt,4,709
725e621d51b7066e46f1ef6a97470d502954e279b3e2000d604e262363d2494d,docs/V05H_PATCH_INSTALL.md;patches/v05M-R_异常中断恢复模板乱码与全站回归修复_完整覆盖补丁_staging/docs/V05H_PATCH_INSTALL.md;backup_before_v05m_recovery_20260702_091828/docs/V05H_PATCH_INSTALL.md;backups/code_before_v06e_20260706_115352/docs/V05H_PATCH_INSTALL.md,4,866
7c345aef9ac2b28dc08e80e83f6fdad8a9fcfbde00a0c9306f7590e8501398c3,docs/V05H_PATCH_MANIFEST.txt;patches/v05M-R_异常中断恢复模板乱码与全站回归修复_完整覆盖补丁_staging/docs/V05H_PATCH_MANIFEST.txt;backup_before_v05m_recovery_20260702_091828/docs/V05H_PATCH_MANIFEST.txt;backups/code_before_v06e_20260706_115352/docs/V05H_PATCH_MANIFEST.txt,4,1066
5020d3d9cfbf4e438726e1e3cd700c321273ced7572aa340bb8c59f9e274e376,docs/V05H_REPORTS_SIGNALS_NAVIGATION.md;patches/v05M-R_异常中断恢复模板乱码与全站回归修复_完整覆盖补丁_staging/docs/V05H_REPORTS_SIGNALS_NAVIGATION.md;backup_before_v05m_recovery_20260702_091828/docs/V05H_REPORTS_SIGNALS_NAVIGATION.md;backups/code_before_v06e_20260706_115352/docs/V05H_REPORTS_SIGNALS_NAVIGATION.md,4,2517
f7bde40b2fb18a67871c7ced4de83e9e1fa4e217a6e2254147fd3ba9f93a503e,docs/V05I_PATCH_INSTALL.md;patches/v05M-R_异常中断恢复模板乱码与全站回归修复_完整覆盖补丁_staging/docs/V05I_PATCH_INSTALL.md;backup_before_v05m_recovery_20260702_091828/docs/V05I_PATCH_INSTALL.md;backups/code_before_v06e_20260706_115352/docs/V05I_PATCH_INSTALL.md,4,982
c84960ab88200370c480e5b86f9427b35d61be60494915237a94cde605164838,docs/V05I_PATCH_MANIFEST.txt;patches/v05M-R_异常中断恢复模板乱码与全站回归修复_完整覆盖补丁_staging/docs/V05I_PATCH_MANIFEST.txt;backup_before_v05m_recovery_20260702_091828/docs/V05I_PATCH_MANIFEST.txt;backups/code_before_v06e_20260706_115352/docs/V05I_PATCH_MANIFEST.txt,4,924
00b8ead86cf927a98c65c599bbd967406789e327a7cf86122f17726cb157cb77,docs/V05I_PIPELINE_QUALITY_CENTER.md;patches/v05M-R_异常中断恢复模板乱码与全站回归修复_完整覆盖补丁_staging/docs/V05I_PIPELINE_QUALITY_CENTER.md;backup_before_v05m_recovery_20260702_091828/docs/V05I_PIPELINE_QUALITY_CENTER.md;backups/code_before_v06e_20260706_115352/docs/V05I_PIPELINE_QUALITY_CENTER.md,4,3187
11d5cef90280adb2eb49b30bacbde70c730a7affddc54e66a5cccffbda3a1c5e,docs/V05I_REAL_SOURCE_ACCEPTANCE.md;patches/v05M-R_异常中断恢复模板乱码与全站回归修复_完整覆盖补丁_staging/docs/V05I_REAL_SOURCE_ACCEPTANCE.md;backup_before_v05m_recovery_20260702_091828/docs/V05I_REAL_SOURCE_ACCEPTANCE.md;backups/code_before_v06e_20260706_115352/docs/V05I_REAL_SOURCE_ACCEPTANCE.md,4,1069
85e3609de22f6b635479bc3adc0dcea9b3f184df41d2b77f7ea8eaa2f0a94f5f,docs/V05J_PATCH_INSTALL.md;patches/v05M-R_异常中断恢复模板乱码与全站回归修复_完整覆盖补丁_staging/docs/V05J_PATCH_INSTALL.md;backup_before_v05m_recovery_20260702_091828/docs/V05J_PATCH_INSTALL.md;backups/code_before_v06e_20260706_115352/docs/V05J_PATCH_INSTALL.md,4,2031
9722c34d01613f25ed33a37fea7aa0f3ed34ac95696cbcec3160076f950613d0,docs/V05J_PATCH_MANIFEST.txt;patches/v05M-R_异常中断恢复模板乱码与全站回归修复_完整覆盖补丁_staging/docs/V05J_PATCH_MANIFEST.txt;backup_before_v05m_recovery_20260702_091828/docs/V05J_PATCH_MANIFEST.txt;backups/code_before_v06e_20260706_115352/docs/V05J_PATCH_MANIFEST.txt,4,1211
1358a98de92b63f049fb223c30466d0675e45c4683742ee19a45f1188f3db209,docs/V05J_RESEARCH_I18N_INVESTMENT.md;patches/v05M-R_异常中断恢复模板乱码与全站回归修复_完整覆盖补丁_staging/docs/V05J_RESEARCH_I18N_INVESTMENT.md;backup_before_v05m_recovery_20260702_091828/docs/V05J_RESEARCH_I18N_INVESTMENT.md;backups/code_before_v06e_20260706_115352/docs/V05J_RESEARCH_I18N_INVESTMENT.md,4,3677
9f7992e119c1df2de589e377f9cdc607959f23fef99ddbc9cb3c6b646020e2bb,docs/V05KL_PATCH_INSTALL.md;patches/v05M-R_异常中断恢复模板乱码与全站回归修复_完整覆盖补丁_staging/docs/V05KL_PATCH_INSTALL.md;backup_before_v05m_recovery_20260702_091828/docs/V05KL_PATCH_INSTALL.md;backups/code_before_v06e_20260706_115352/docs/V05KL_PATCH_INSTALL.md,4,1249
b39969c813c05de5967c6213bf09e359308eda46a3eba629723209c9bf6d11dc,docs/V05KL_PATCH_MANIFEST.txt;patches/v05M-R_异常中断恢复模板乱码与全站回归修复_完整覆盖补丁_staging/docs/V05KL_PATCH_MANIFEST.txt;backup_before_v05m_recovery_20260702_091828/docs/V05KL_PATCH_MANIFEST.txt;backups/code_before_v06e_20260706_115352/docs/V05KL_PATCH_MANIFEST.txt,4,930
600801c83f66b06e0b0b8c5bc103a3b870cfd31aeb0308c5e5f193c4c969d73b,docs/V05KL_PRODUCTION_OPERATIONS.md;patches/v05M-R_异常中断恢复模板乱码与全站回归修复_完整覆盖补丁_staging/docs/V05KL_PRODUCTION_OPERATIONS.md;backup_before_v05m_recovery_20260702_091828/docs/V05KL_PRODUCTION_OPERATIONS.md;backups/code_before_v06e_20260706_115352/docs/V05KL_PRODUCTION_OPERATIONS.md,4,2319
f5faad04e617d66590f7bad4a5a3db64fcb50e0b41c3c6efc5b912962a4c9d49,docs/v05M_人工验收与回滚说明.md;patches/v05M-R_异常中断恢复模板乱码与全站回归修复_完整覆盖补丁_staging/docs/v05M_人工验收与回滚说明.md;backup_before_v05m_recovery_20260702_091828/docs/v05M_人工验收与回滚说明.md;backups/code_before_v06e_20260706_115352/docs/v05M_人工验收与回滚说明.md,4,1938
4fe708b0c075ca8d7a096f7b6f3b3bd8de7f6c8a6d90d767dc217c8379312026,scripts/cleanup_identity_test_accounts.py;backups/code_before_v06i_nav_crawl_20260706_162150/scripts/cleanup_identity_test_accounts.py;backups/code_before_v06i_intelligence_20260706_151858/scripts/cleanup_identity_test_accounts.py;backups/code_before_v06e_20260706_115352/scripts/cleanup_identity_test_accounts.py,4,4024
d77a16161efc8a94d8b277705a9790858b2d843684bb0cd1cf2a973678493a18,scripts/cleanup_test_data.py;backups/code_before_v06i_nav_crawl_20260706_162150/scripts/cleanup_test_data.py;backups/code_before_v06i_intelligence_20260706_151858/scripts/cleanup_test_data.py;backups/code_before_v06e_20260706_115352/scripts/cleanup_test_data.py,4,751
979ba3ac5eb33c74e8c0d098e90fe0a1e6132e99b57870452e4eb02121b62948,scripts/report_membership_person_candidates.py;backups/code_before_v06i_nav_crawl_20260706_162150/scripts/report_membership_person_candidates.py;backups/code_before_v06i_intelligence_20260706_151858/scripts/report_membership_person_candidates.py;backups/code_before_v06e_20260706_115352/scripts/report_membership_person_candidates.py,4,4177
79b3f40f73c4ffc5d1909eddc3b64df9abeb2c09b6944ba85c054b6656238590,scripts/report_user_membership_candidates.py;backups/code_before_v06i_nav_crawl_20260706_162150/scripts/report_user_membership_candidates.py;backups/code_before_v06i_intelligence_20260706_151858/scripts/report_user_membership_candidates.py;backups/code_before_v06e_20260706_115352/scripts/report_user_membership_candidates.py,4,4505
b6915423af58ebc4f0495348536868211b6b4181341da11b90134807841f4e47,scripts/seed_demo_platform_v1.py;backups/code_before_v06i_nav_crawl_20260706_162150/scripts/seed_demo_platform_v1.py;backups/code_before_v06i_intelligence_20260706_151858/scripts/seed_demo_platform_v1.py;backups/code_before_v06e_20260706_115352/scripts/seed_demo_platform_v1.py,4,27807
ad597c60a864983a8c57420e332f301bf34fc38be60e704b4e75376b279f4be5,scripts/verify_membership_person_link_ui_v1.py;backups/code_before_v06i_nav_crawl_20260706_162150/scripts/verify_membership_person_link_ui_v1.py;backups/code_before_v06i_intelligence_20260706_151858/scripts/verify_membership_person_link_ui_v1.py;backups/code_before_v06e_20260706_115352/scripts/verify_membership_person_link_ui_v1.py,4,13218
1ae407eb669da16b6dc183335215f8ffcfed9e3af12529be5d409a1a9a170d13,scripts/verify_membership_person_link_v1.py;backups/code_before_v06i_nav_crawl_20260706_162150/scripts/verify_membership_person_link_v1.py;backups/code_before_v06i_intelligence_20260706_151858/scripts/verify_membership_person_link_v1.py;backups/code_before_v06e_20260706_115352/scripts/verify_membership_person_link_v1.py,4,12098
4532b9dc03411fbd7e7c533b53f1b2849101b85e82fdb0ffff022d795a8e6b94,scripts/verify_platform_integration_v1.py;backups/code_before_v06i_nav_crawl_20260706_162150/scripts/verify_platform_integration_v1.py;backups/code_before_v06i_intelligence_20260706_151858/scripts/verify_platform_integration_v1.py;backups/code_before_v06e_20260706_115352/scripts/verify_platform_integration_v1.py,4,6027
a20d56239a9794598f3f4a030ed96315a5ce43bbfecb16e4b8a8f50b61f01875,patches/v05M_全站产品化收口中文化入口整合与核心流程重构_完整覆盖补丁_staging/app/api/v1/collection.py;patches/v05M-R_异常中断恢复模板乱码与全站回归修复_完整覆盖补丁_staging/app/api/v1/collection.py;backup_before_v05m_recovery_20260702_091828/app/api/v1/collection.py;backups/code_before_v06e_20260706_115352/app/api/v1/collection.py,4,9908
cd974357c21e2a31dc90ca6f62cbce77751bce642a8dc828e1a634df5161a34c,patches/v05M_全站产品化收口中文化入口整合与核心流程重构_完整覆盖补丁_staging/app/api/v1/pipeline.py;patches/v05M-R_异常中断恢复模板乱码与全站回归修复_完整覆盖补丁_staging/app/api/v1/pipeline.py;backup_before_v05m_recovery_20260702_091828/app/api/v1/pipeline.py;backups/code_before_v06e_20260706_115352/app/api/v1/pipeline.py,4,4566
eec666fa817d07a03e19cc4c38898a7e7ae133817b88b38c48b3e347912a485d,patches/v05M_全站产品化收口中文化入口整合与核心流程重构_完整覆盖补丁_staging/app/api/v1/processing.py;patches/v05M-R_异常中断恢复模板乱码与全站回归修复_完整覆盖补丁_staging/app/api/v1/processing.py;backup_before_v05m_recovery_20260702_091828/app/api/v1/processing.py;backups/code_before_v06e_20260706_115352/app/api/v1/processing.py,4,5575
e0979b8c961aeb2b449c04461f367d2d2909e2b991735e5901cd39ba45899294,patches/v05M_全站产品化收口中文化入口整合与核心流程重构_完整覆盖补丁_staging/app/api/v1/reports.py;patches/v05M-R_异常中断恢复模板乱码与全站回归修复_完整覆盖补丁_staging/app/api/v1/reports.py;backup_before_v05m_recovery_20260702_091828/app/api/v1/reports.py;backups/code_before_v06e_20260706_115352/app/api/v1/reports.py,4,4030
3f55df52b07470d85bfb886677cad26e39501d6b65164f1d146a0ef76dec0424,patches/v05M-R_异常中断恢复模板乱码与全站回归修复_完整覆盖补丁_staging/scripts/check_all_templates.py;backups/code_before_v06i_nav_crawl_20260706_162150/scripts/check_all_templates.py;backups/code_before_v06i_intelligence_20260706_151858/scripts/check_all_templates.py;backups/code_before_v06e_20260706_115352/scripts/check_all_templates.py,4,1272
73f19873dd832a11e56ee97af5ec6929495ebb9b21e641ea4dbbaa96b2ef896c,patches/v05M-R_异常中断恢复模板乱码与全站回归修复_完整覆盖补丁_staging/scripts/verify_core_pages.py;backups/code_before_v06i_nav_crawl_20260706_162150/scripts/verify_core_pages.py;backups/code_before_v06i_intelligence_20260706_151858/scripts/verify_core_pages.py;backups/code_before_v06e_20260706_115352/scripts/verify_core_pages.py,4,2474
99cd4a5dd9eb0c95bc2400bfaf20186b79fd0bd18fc78e9fbb9c2fff3053a53f,patches/v05M-R_异常中断恢复模板乱码与全站回归修复_完整覆盖补丁_staging/scripts/verify_v05d.py;backups/code_before_v06i_nav_crawl_20260706_162150/scripts/verify_v05d.py;backups/code_before_v06i_intelligence_20260706_151858/scripts/verify_v05d.py;backups/code_before_v06e_20260706_115352/scripts/verify_v05d.py,4,17886
b812dc0d33d5a6922fa39bb9d2e8dd4c723fbb59de6e132a8b38d25fe9603e68,patches/v05M-R_异常中断恢复模板乱码与全站回归修复_完整覆盖补丁_staging/docs/archive/01_手动替换步骤.md;docs/archive/01_手动替换步骤.md;backup_before_v05m_recovery_20260702_091828/docs/archive/01_手动替换步骤.md;backups/code_before_v06e_20260706_115352/docs/archive/01_手动替换步骤.md,4,1822
e57a0e2c250a3f9c793cf6e684f011c0b41d68edb3151440aa3998b9b93d49b7,patches/v05M-R_异常中断恢复模板乱码与全站回归修复_完整覆盖补丁_staging/docs/archive/02_JSON数据格式.md;docs/archive/02_JSON数据格式.md;backup_before_v05m_recovery_20260702_091828/docs/archive/02_JSON数据格式.md;backups/code_before_v06e_20260706_115352/docs/archive/02_JSON数据格式.md,4,2561
559bcbca42926f3b9ad3810095831a5639868d4ddd6416ec6ee8a44b0c856376,patches/v05M-R_异常中断恢复模板乱码与全站回归修复_完整覆盖补丁_staging/docs/archive/02_功能验收清单.md;docs/archive/02_功能验收清单.md;backup_before_v05m_recovery_20260702_091828/docs/archive/02_功能验收清单.md;backups/code_before_v06e_20260706_115352/docs/archive/02_功能验收清单.md,4,1689
d415e3fa205eda63437db991651fe8147bfec55e2cce25dfafc290a7ba7bc661,patches/v05M-R_异常中断恢复模板乱码与全站回归修复_完整覆盖补丁_staging/docs/archive/03_故障排查.md;docs/archive/03_故障排查.md;backup_before_v05m_recovery_20260702_091828/docs/archive/03_故障排查.md;backups/code_before_v06e_20260706_115352/docs/archive/03_故障排查.md,4,1685
518ebbda66f0ef51358ed725f73606c6e48148edc084b562e5cb6c2a4fae1d53,patches/v05M-R_异常中断恢复模板乱码与全站回归修复_完整覆盖补丁_staging/docs/archive/03_正式同步与业务表映射.md;docs/archive/03_正式同步与业务表映射.md;backup_before_v05m_recovery_20260702_091828/docs/archive/03_正式同步与业务表映射.md;backups/code_before_v06e_20260706_115352/docs/archive/03_正式同步与业务表映射.md,4,1519
96a4f38a78ab3d6fc7cee8876e0c8f4da371c0819b429a2c6c1a27ea41b81622,patches/v05M-R_异常中断恢复模板乱码与全站回归修复_完整覆盖补丁_staging/docs/archive/04_验收清单.md;docs/archive/04_验收清单.md;backup_before_v05m_recovery_20260702_091828/docs/archive/04_验收清单.md;backups/code_before_v06e_20260706_115352/docs/archive/04_验收清单.md,4,1158
e22719301d2a2bd70c0fc2400fca1d89c050a88285795142c1c069e8bbb612b5,patches/v05M-R_异常中断恢复模板乱码与全站回归修复_完整覆盖补丁_staging/docs/archive/05_故障排查.md;docs/archive/05_故障排查.md;backup_before_v05m_recovery_20260702_091828/docs/archive/05_故障排查.md;backups/code_before_v06e_20260706_115352/docs/archive/05_故障排查.md,4,1565
f20022f247261ed21c43f268cb7d24e3673411092bf605d12388cfd0bafefb8e,patches/v05M-R_异常中断恢复模板乱码与全站回归修复_完整覆盖补丁_staging/app/core/config.py;backup_before_v05m_recovery_20260702_091828/app/core/config.py;backups/code_before_v06e_20260706_115352/app/core/config.py;app/core/config.py,4,4435
c37dbac107be37ec9e2d4ad8bfbed82a5653b3894f101d638f6ae5eff9c53f1e,patches/v05M-R_异常中断恢复模板乱码与全站回归修复_完整覆盖补丁_staging/app/core/database_compat.py;backup_before_v05m_recovery_20260702_091828/app/core/database_compat.py;backups/code_before_v06e_20260706_115352/app/core/database_compat.py;app/core/database_compat.py,4,1703
2061d762fb4ff0fa36734d80935ad95cc12251e0ac1f7043ffa460553e860d6d,patches/v05M-R_异常中断恢复模板乱码与全站回归修复_完整覆盖补丁_staging/app/core/__init__.py;backup_before_v05m_recovery_20260702_091828/app/core/__init__.py;backups/code_before_v06e_20260706_115352/app/core/__init__.py;app/core/__init__.py,4,83
dde6fa21ccbc21bb8e2df4893a3f48c83e4ab8fee5a183fb1ca4256d63040c02,patches/v05M-R_异常中断恢复模板乱码与全站回归修复_完整覆盖补丁_staging/app/i18n/__init__.py;backup_before_v05m_recovery_20260702_091828/app/i18n/__init__.py;backups/code_before_v06e_20260706_115352/app/i18n/__init__.py;app/i18n/__init__.py,4,390
31c81d0c145e49f541081712a3abc1dd91d7f4fe4a7a0c9180903f6b45fd0db8,patches/v05M-R_异常中断恢复模板乱码与全站回归修复_完整覆盖补丁_staging/app/services/monitoring_service.py;backup_before_v05m_recovery_20260702_091828/app/services/monitoring_service.py;backups/code_before_v06i_intelligence_20260706_151858/services/monitoring_service.py;backups/code_before_v06e_20260706_115352/app/services/monitoring_service.py,4,25527
114ca69e8546eee190df03cab19e3f5fa06c02db501512582cf3179ace5d0821,patches/v05M-R_异常中断恢复模板乱码与全站回归修复_完整覆盖补丁_staging/app/services/recommendation_service.py;backup_before_v05m_recovery_20260702_091828/app/services/recommendation_service.py;backups/code_before_v06i_intelligence_20260706_151858/services/recommendation_service.py;backups/code_before_v06e_20260706_115352/app/services/recommendation_service.py,4,37249
52cc624148155983f246025f0e50b4f1c6c8ea915a84f99bd86a42ed1ab31a33,patches/v05M-R_异常中断恢复模板乱码与全站回归修复_完整覆盖补丁_staging/app/templates/event_detail.html;backups/code_before_v06f_20260706_130354/app/templates/templates/event_detail.html;backups/code_before_v06e_20260706_115352/app/templates/event_detail.html;app/templates/event_detail.html,4,814
60b54ef1b3d5fc5c14db8a46efd6859fd3e14be320fc1eed303caf3bbcf0357c,patches/v05M-R_异常中断恢复模板乱码与全站回归修复_完整覆盖补丁_staging/app/templates/generic_form.html;backups/code_before_v06f_20260706_130354/app/templates/templates/generic_form.html;backups/code_before_v06e_20260706_115352/app/templates/generic_form.html;app/templates/generic_form.html,4,4099
2ad5610129184ac180768feb76e4f5d7b365a71a0232094c5f98551c4422294d,patches/v05M-R_异常中断恢复模板乱码与全站回归修复_完整覆盖补丁_staging/app/templates/imports.html;backups/code_before_v06f_20260706_130354/app/templates/templates/imports.html;backups/code_before_v06e_20260706_115352/app/templates/imports.html;app/templates/imports.html,4,616
46c2fbf17786e6efeffa39f1314b7846c62e348ccd80f25f08166dd3e991e74c,patches/v05M-R_异常中断恢复模板乱码与全站回归修复_完整覆盖补丁_staging/app/templates/intelligence_detail.html;backups/code_before_v06f_20260706_130354/app/templates/templates/intelligence_detail.html;backups/code_before_v06e_20260706_115352/app/templates/intelligence_detail.html;app/templates/intelligence_detail.html,4,1031
90471e3758cd2cf5bce1e23edbe74cbbf33c4b2b62b89cdaecd7dd76c0a52bb4,patches/v05M-R_异常中断恢复模板乱码与全站回归修复_完整覆盖补丁_staging/app/templates/intelligence_list.html;backups/code_before_v06f_20260706_130354/app/templates/templates/intelligence_list.html;backups/code_before_v06e_20260706_115352/app/templates/intelligence_list.html;app/templates/intelligence_list.html,4,1020
4dac55ef69420320870d8ab5bdd358e514f244f77da5634d9ff73a889753ce23,patches/v05M-R_异常中断恢复模板乱码与全站回归修复_完整覆盖补丁_staging/app/templates/new_intelligence.html;backups/code_before_v06f_20260706_130354/app/templates/templates/new_intelligence.html;backups/code_before_v06e_20260706_115352/app/templates/new_intelligence.html;app/templates/new_intelligence.html,4,950
883c918f50cdf34db9ce7f03ec02017fdfde829fa1c9c38db4fde827ecacfaa9,patches/v05M-R_异常中断恢复模板乱码与全站回归修复_完整覆盖补丁_staging/app/templates/organization_detail.html;backups/code_before_v06f_20260706_130354/app/templates/templates/organization_detail.html;backups/code_before_v06e_20260706_115352/app/templates/organization_detail.html;app/templates/organization_detail.html,4,1335
47fb17a3fc5a3bc26ca56d51b679fe5cecfc2e6ee330d999e843fbaf016bac4c,patches/v05M-R_异常中断恢复模板乱码与全站回归修复_完整覆盖补丁_staging/app/templates/paste_analyze.html;backups/code_before_v06f_20260706_130354/app/templates/templates/paste_analyze.html;backups/code_before_v06e_20260706_115352/app/templates/paste_analyze.html;app/templates/paste_analyze.html,4,1232
df296c8f654d80ff0549d85a8992efafb888abe8f01737f67de0ef16082c4047,patches/v05M-R_异常中断恢复模板乱码与全站回归修复_完整覆盖补丁_staging/app/templates/paste_preview.html;backups/code_before_v06f_20260706_130354/app/templates/templates/paste_preview.html;backups/code_before_v06e_20260706_115352/app/templates/paste_preview.html;app/templates/paste_preview.html,4,1424
e117d8e5ea16cb73d8cd18021061729475dcc3868a3c8df2f4d34064679e1c31,patches/v05M-R_异常中断恢复模板乱码与全站回归修复_完整覆盖补丁_staging/app/templates/person_detail.html;backups/code_before_v06f_20260706_130354/app/templates/templates/person_detail.html;backups/code_before_v06e_20260706_115352/app/templates/person_detail.html;app/templates/person_detail.html,4,1490
d55bd94650cfb6980ce10d2754aee3d7aba4069deee964b66b1330679c57a47b,patches/v05M-R_异常中断恢复模板乱码与全站回归修复_完整覆盖补丁_staging/app/templates/resource_detail.html;backups/code_before_v06f_20260706_130354/app/templates/templates/resource_detail.html;backups/code_before_v06e_20260706_115352/app/templates/resource_detail.html;app/templates/resource_detail.html,4,642
f1bc7817fee4558b7983f7578c41954a7a17f6388ace046bf47c8cceddf0c6bb,patches/v05M-R_异常中断恢复模板乱码与全站回归修复_完整覆盖补丁_staging/app/templates/search_results.html;backups/code_before_v06f_20260706_130354/app/templates/templates/search_results.html;backups/code_before_v06e_20260706_115352/app/templates/search_results.html;app/templates/search_results.html,4,955
9382776c833b8dab628b1a4ae48e554420c3c81c4874c16859ddd3d325c77e23,patches/v05M-R_异常中断恢复模板乱码与全站回归修复_完整覆盖补丁_staging/app/templates/subject_profile.html;backups/code_before_v06f_20260706_130354/app/templates/templates/subject_profile.html;backups/code_before_v06e_20260706_115352/app/templates/subject_profile.html;app/templates/subject_profile.html,4,2174
9a3756c08186b83fe661d79051d1da6d583809ab7e6316952673c14abf59c1ff,patches/v05M-R_异常中断恢复模板乱码与全站回归修复_完整覆盖补丁_staging/app/templates/suspicious_entities.html;backups/code_before_v06f_20260706_130354/app/templates/templates/suspicious_entities.html;backups/code_before_v06e_20260706_115352/app/templates/suspicious_entities.html;app/templates/suspicious_entities.html,4,1741
f699effc60a120d0dd241f1fb680b8c2926c8f2169052c392696f5e039b5f8d5,patches/v05M-R_异常中断恢复模板乱码与全站回归修复_完整覆盖补丁_staging/app/templates/v04db_prestructure.html;backups/code_before_v06f_20260706_130354/app/templates/templates/v04db_prestructure.html;backups/code_before_v06e_20260706_115352/app/templates/v04db_prestructure.html;app/templates/v04db_prestructure.html,4,1026
5cda568c3fe7436021842b88ea0c791b9858a5f7fc3c8c84107a87692f93dd53,patches/v05M-R_异常中断恢复模板乱码与全站回归修复_完整覆盖补丁_staging/app/templates/v04d_structuring.html;backups/code_before_v06f_20260706_130354/app/templates/templates/v04d_structuring.html;backups/code_before_v06e_20260706_115352/app/templates/v04d_structuring.html;app/templates/v04d_structuring.html,4,1129
ce400b57e33338b6e357ce3ed16a0f51cce712a0620a9ba641bd499615aa336a,patches/v05M-R_异常中断恢复模板乱码与全站回归修复_完整覆盖补丁_staging/app/templates/v04e_entity_resolution.html;backups/code_before_v06f_20260706_130354/app/templates/templates/v04e_entity_resolution.html;backups/code_before_v06e_20260706_115352/app/templates/v04e_entity_resolution.html;app/templates/v04e_entity_resolution.html,4,1167
e708847e3dd54da005afdcdde600b4dfb383bc326cc7bf54a011b03e5eaa83bc,patches/v05M-R_异常中断恢复模板乱码与全站回归修复_完整覆盖补丁_staging/app/templates/v04g_monitoring.html;backups/code_before_v06f_20260706_130354/app/templates/templates/v04g_monitoring.html;backups/code_before_v06e_20260706_115352/app/templates/v04g_monitoring.html;app/templates/v04g_monitoring.html,4,1801
ffc793fe22e56bd55cb957b263d4123327f0c9339998cf2f6c9389865057d092,patches/v05M-R_异常中断恢复模板乱码与全站回归修复_完整覆盖补丁_staging/app/templates/v05b_member_import.html;backups/code_before_v06f_20260706_130354/app/templates/templates/v05b_member_import.html;backups/code_before_v06e_20260706_115352/app/templates/v05b_member_import.html;app/templates/v05b_member_import.html,4,5702
b2d764482cfff178d16a71642f81d4bcbe95b0397bffe24958de5b72379b7f33,patches/v05M-R_异常中断恢复模板乱码与全站回归修复_完整覆盖补丁_staging/app/templates/v05d_member_admin.html;backups/code_before_v06f_20260706_130354/app/templates/templates/v05d_member_admin.html;backups/code_before_v06e_20260706_115352/app/templates/v05d_member_admin.html;app/templates/v05d_member_admin.html,4,2386
8ccc78b1a23f2a900118f08a27bd53a5b3cac85e0b0a38ee6f8f43b3cd0935d8,patches/v05M-R_异常中断恢复模板乱码与全站回归修复_完整覆盖补丁_staging/app/templates/v05e_watchlists.html;backups/code_before_v06f_20260706_130354/app/templates/templates/v05e_watchlists.html;backups/code_before_v06e_20260706_115352/app/templates/v05e_watchlists.html;app/templates/v05e_watchlists.html,4,1231
a3688a9e3560d99308e495e33f687765057096db65174e1be3be6215fbeb1a3c,patches/v05M-R_异常中断恢复模板乱码与全站回归修复_完整覆盖补丁_staging/app/templates/v05kl_operations.html;backups/code_before_v06f_20260706_130354/app/templates/templates/v05kl_operations.html;backups/code_before_v06e_20260706_115352/app/templates/v05kl_operations.html;app/templates/v05kl_operations.html,4,3008
575cf9f66ef8849f10bf16f0b5d9fec579b69b9e6f6e806faa48b937bd3224a2,patches/v05M-R_异常中断恢复模板乱码与全站回归修复_完整覆盖补丁_staging/app/templates/_record_meta.html;backups/code_before_v06f_20260706_130354/app/templates/templates/_record_meta.html;backups/code_before_v06e_20260706_115352/app/templates/_record_meta.html;app/templates/_record_meta.html,4,550
e555317aece36decdab3bee809ea0424f766cd564309749a3038012be34e0dbc,patches/v05M-R_异常中断恢复模板乱码与全站回归修复_完整覆盖补丁_staging/app/templates/_review_status.html;backups/code_before_v06f_20260706_130354/app/templates/templates/_review_status.html;backups/code_before_v06e_20260706_115352/app/templates/_review_status.html;app/templates/_review_status.html,4,275
694870c9039f3c9dcb1c095c56b65736d6b39b40108ed1a39cdce039d5e1ce68,patches/v05M-R_异常中断恢复模板乱码与全站回归修复_完整覆盖补丁_staging/app/services/pipeline/pipeline_common.py;backup_before_v05m_recovery_20260702_091828/app/services/pipeline/pipeline_common.py;backups/code_before_v06i_intelligence_20260706_151858/services/pipeline/pipeline_common.py;backups/code_before_v06e_20260706_115352/app/services/pipeline/pipeline_common.py,4,3488
18926b4f58d5f1fbe18964af8d678e88beca629eb64e87fa1589010d154a36a8,patches/v05M-R_异常中断恢复模板乱码与全站回归修复_完整覆盖补丁_staging/app/services/reports/report_query_service.py;backup_before_v05m_recovery_20260702_091828/app/services/reports/report_query_service.py;backups/code_before_v06i_intelligence_20260706_151858/services/reports/report_query_service.py;backups/code_before_v06e_20260706_115352/app/services/reports/report_query_service.py,4,2661
5496285742270fdd34e187b976e433469b23ecbd69270b8278a3fe7c58c07064,patches/v05M-R_异常中断恢复模板乱码与全站回归修复_完整覆盖补丁_staging/app/services/research/common.py;backup_before_v05m_recovery_20260702_091828/app/services/research/common.py;backups/code_before_v06i_intelligence_20260706_151858/services/research/common.py;backups/code_before_v06e_20260706_115352/app/services/research/common.py,4,1988
24a80a2b6a60ba1dd3089257dfb42d387c0f1c3e7267f2ee1a41441fd2fa6dbe,patches/v05M-R_异常中断恢复模板乱码与全站回归修复_完整覆盖补丁_staging/app/services/signals/signal_rule_service.py;backup_before_v05m_recovery_20260702_091828/app/services/signals/signal_rule_service.py;backups/code_before_v06i_intelligence_20260706_151858/services/signals/signal_rule_service.py;backups/code_before_v06e_20260706_115352/app/services/signals/signal_rule_service.py,4,2540
c3ba7f50056a76e8a8b9853498beed0e7411c9f53573ebd4eaeabe71f27c9b5d,patches/v05M-R_异常中断恢复模板乱码与全站回归修复_完整覆盖补丁_staging/app/services/tasks/task_common.py;backup_before_v05m_recovery_20260702_091828/app/services/tasks/task_common.py;backups/code_before_v06i_intelligence_20260706_151858/services/tasks/task_common.py;backups/code_before_v06e_20260706_115352/app/services/tasks/task_common.py,4,1651
018edde3e4340c17d429edc52804bbab2be086da30205dbca3618d09a9f5e01c,patches/v05M-R_异常中断恢复模板乱码与全站回归修复_完整覆盖补丁_staging/app/api/v1/dashboard.py;backup_before_v05m_recovery_20260702_091828/app/api/v1/dashboard.py;backups/code_before_v06e_20260706_115352/app/api/v1/dashboard.py;app/api/v1/dashboard.py,4,658
49511f344fb4375dc7496d0c13c5152c3295701349885e3e75f1317ae94209bb,patches/v05M-R_异常中断恢复模板乱码与全站回归修复_完整覆盖补丁_staging/app/api/v1/events.py;backup_before_v05m_recovery_20260702_091828/app/api/v1/events.py;backups/code_before_v06e_20260706_115352/app/api/v1/events.py;app/api/v1/events.py,4,2042
a735440a2ba9321f1c02910b99a052ba30c2b33151f8c5ec1c312b7cf3d76088,patches/v05M-R_异常中断恢复模板乱码与全站回归修复_完整覆盖补丁_staging/app/api/v1/investment_assessments.py;backup_before_v05m_recovery_20260702_091828/app/api/v1/investment_assessments.py;backups/code_before_v06e_20260706_115352/app/api/v1/investment_assessments.py;app/api/v1/investment_assessments.py,4,3092
750da87e3cca3a01058f37fea614c6abf6d8e1c38616923496386eef8facdaea,patches/v05M-R_异常中断恢复模板乱码与全站回归修复_完整覆盖补丁_staging/app/api/v1/navigation.py;backup_before_v05m_recovery_20260702_091828/app/api/v1/navigation.py;backups/code_before_v06e_20260706_115352/app/api/v1/navigation.py;app/api/v1/navigation.py,4,454
00ef2d56ddf8416d77ec99977249055534c995533421d5f11d748094a86c56c9,patches/v05M-R_异常中断恢复模板乱码与全站回归修复_完整覆盖补丁_staging/app/api/v1/relationships.py;backup_before_v05m_recovery_20260702_091828/app/api/v1/relationships.py;backups/code_before_v06e_20260706_115352/app/api/v1/relationships.py;app/api/v1/relationships.py,4,2661
f731913692e91cde2df0a07348f65f6af19ef083bc1e6284f47329757795f7bb,patches/v05M-R_异常中断恢复模板乱码与全站回归修复_完整覆盖补丁_staging/app/api/v1/search.py;backup_before_v05m_recovery_20260702_091828/app/api/v1/search.py;backups/code_before_v06e_20260706_115352/app/api/v1/search.py;app/api/v1/search.py,4,589
da9f3ae2ce92344ac99c850b71f42043b1e5937250b436163f51f21958a7dab7,patches/v05M-R_异常中断恢复模板乱码与全站回归修复_完整覆盖补丁_staging/app/api/v1/subjects.py;backup_before_v05m_recovery_20260702_091828/app/api/v1/subjects.py;backups/code_before_v06e_20260706_115352/app/api/v1/subjects.py;app/api/v1/subjects.py,4,3971
bed4119aeea37b98827188146976ebbb950f8008ebfbdeb6c3d8e60c97cb9e4a,patches/v05M-R_异常中断恢复模板乱码与全站回归修复_完整覆盖补丁_staging/app/api/v1/system.py;backup_before_v05m_recovery_20260702_091828/app/api/v1/system.py;backups/code_before_v06e_20260706_115352/app/api/v1/system.py;app/api/v1/system.py,4,1108
08f7d40ca3b6e06f09244d188b24816d683544a1bd345dc9e1bbbee1fbf5e5ac,patches/v05M-R_异常中断恢复模板乱码与全站回归修复_完整覆盖补丁_staging/app/api/v1/watchlists.py;backup_before_v05m_recovery_20260702_091828/app/api/v1/watchlists.py;backups/code_before_v06e_20260706_115352/app/api/v1/watchlists.py;app/api/v1/watchlists.py,4,3688
b87c67233b71a33cbe3d8c59895ba745b146a7c64c3c7ee67ff1bd81b4ecb5d5,backup_windows.bat;backup_before_v05m_recovery_20260702_091828/backup_windows.bat;backups/code_before_v06e_20260706_115352/backup_windows.bat,3,455
24db6c36d17dfb817e22411f11f8bac082f902994e222cf95c63a0211c0dc656,check_account_windows.bat;backup_before_v05m_recovery_20260702_091828/check_account_windows.bat;backups/code_before_v06e_20260706_115352/check_account_windows.bat,3,251
c40ac47da9162036997f1017fac40b97aba554677e2b23c22a203189e84a2ce5,migrate_all_windows.bat;backup_before_v05m_recovery_20260702_091828/migrate_all_windows.bat;backups/code_before_v06e_20260706_115352/migrate_all_windows.bat,3,491
15804ed952932fabe918a6f3394bd9bccd5dc54b805612a7a1921ae1066b89a3,migrate_v05c_windows.bat;backup_before_v05m_recovery_20260702_091828/migrate_v05c_windows.bat;backups/code_before_v06e_20260706_115352/migrate_v05c_windows.bat,3,547
a6c3da3a6ffcf80ccff6c3066a7a19831614e60894ac775f0031c1c528dcbd48,migrate_v05d_windows.bat;backup_before_v05m_recovery_20260702_091828/migrate_v05d_windows.bat;backups/code_before_v06e_20260706_115352/migrate_v05d_windows.bat,3,431
1d065a0e95e93c09eb4452095eff9eb054de80c1db81bbc2bac1372ddb78aeeb,migrate_v05e_windows.bat;backup_before_v05m_recovery_20260702_091828/migrate_v05e_windows.bat;backups/code_before_v06e_20260706_115352/migrate_v05e_windows.bat,3,612
1d9872613ca0d202ebed4314e0a264a8716db4e4f6cdde6a6d84456a7cbcc91c,migrate_v05h_windows.bat;backup_before_v05m_recovery_20260702_091828/migrate_v05h_windows.bat;backups/code_before_v06e_20260706_115352/migrate_v05h_windows.bat,3,240
200b003264ea89c233ff38c7084e067e2aec0a2f77c7b6ac06f153c5aa1d6661,migrate_v05i_windows.bat;backup_before_v05m_recovery_20260702_091828/migrate_v05i_windows.bat;backups/code_before_v06e_20260706_115352/migrate_v05i_windows.bat,3,81
638920419767eab22e12f5d080a9953624c2b2292e1daaeb6223b2a394e7e2af,migrate_v05j_windows.bat;backup_before_v05m_recovery_20260702_091828/migrate_v05j_windows.bat;backups/code_before_v06e_20260706_115352/migrate_v05j_windows.bat,3,81
ca928f60d925726985a06a7cb2a525b6fa4c3a3be09456bbbf7d9c08c8d4db50,migrate_v05kl_windows.bat;backup_before_v05m_recovery_20260702_091828/migrate_v05kl_windows.bat;backups/code_before_v06e_20260706_115352/migrate_v05kl_windows.bat,3,82
8eb9c088a778a64c2a7d32a3f66330c594f16e7106ecd5d331743bd613d69127,project_tools_windows.bat;backup_before_v05m_recovery_20260702_091828/project_tools_windows.bat;backups/code_before_v06e_20260706_115352/project_tools_windows.bat,3,4311
6a9ecfd979ecadd1435cf7c53f2e9df52dd541a82718a88af37f103c928beca3,run_monitoring_once_windows.bat;backup_before_v05m_recovery_20260702_091828/run_monitoring_once_windows.bat;backups/code_before_v06e_20260706_115352/run_monitoring_once_windows.bat,3,565
bb1698ddbc096b0467e2fc89e4a7779a35ddc33bab90530eb2fbc94c1a063e3b,run_pipeline_once_windows.bat;backup_before_v05m_recovery_20260702_091828/run_pipeline_once_windows.bat;backups/code_before_v06e_20260706_115352/run_pipeline_once_windows.bat,3,103
eb6ed6f24c6a85042d95097fc0ab292dbc2a6856521d41ee839bb5c47f21107f,run_pipeline_worker_windows.bat;backup_before_v05m_recovery_20260702_091828/run_pipeline_worker_windows.bat;backups/code_before_v06e_20260706_115352/run_pipeline_worker_windows.bat,3,118
d24cd4db6574b32ba7464596ef2e235bc77514f1deb9cf683e4e80100c6329bf,run_report_once_windows.bat;backup_before_v05m_recovery_20260702_091828/run_report_once_windows.bat;backups/code_before_v06e_20260706_115352/run_report_once_windows.bat,3,275
254dbc67b0d9d3e7e4c65e50a0d0f206780f9811bfd5a241e82cfe86e6d3771d,run_signal_once_windows.bat;backup_before_v05m_recovery_20260702_091828/run_signal_once_windows.bat;backups/code_before_v06e_20260706_115352/run_signal_once_windows.bat,3,311
03c41713ded6a85fda697b9f5b9009cab6445fcb8fbacd949f663c81a2b4bdb1,run_windows.bat;backup_before_v05m_recovery_20260702_091828/run_windows.bat;backups/code_before_v06e_20260706_115352/run_windows.bat,3,40
68355aa916c1371e797db1403ef77a93db329a3e4ed04991c06595c11dfac88e,setup_windows.bat;backup_before_v05m_recovery_20260702_091828/setup_windows.bat;backups/code_before_v06e_20260706_115352/setup_windows.bat,3,1282
7e3d0ebcf85b562d85b56892e2b72e27b87428de5dd24db34c4749ec5396d473,start_all_windows.bat;backup_before_v05m_recovery_20260702_091828/start_all_windows.bat;backups/code_before_v06e_20260706_115352/start_all_windows.bat,3,147
32ea924c19be32733c926169d4efee8a44050fff9f6d557e579c6d1eb170a9d2,start_scheduler_windows.bat;backup_before_v05m_recovery_20260702_091828/start_scheduler_windows.bat;backups/code_before_v06e_20260706_115352/start_scheduler_windows.bat,3,506
4332896eda85b642770e035a429efc07dfaf5298a150b7661116f85bb186560c,start_windows.bat;backup_before_v05m_recovery_20260702_091828/start_windows.bat;backups/code_before_v06e_20260706_115352/start_windows.bat,3,1337
87393f3096707f4061c431caae7b5354bb7b20c42a6679bd107e55cb14a4e1c8,start_worker_windows.bat;backup_before_v05m_recovery_20260702_091828/start_worker_windows.bat;backups/code_before_v06e_20260706_115352/start_worker_windows.bat,3,510
c928e4a253621b1810b5ef859f3907579e834aa496b84b778a788a8cba0ca856,status_windows.bat;backup_before_v05m_recovery_20260702_091828/status_windows.bat;backups/code_before_v06e_20260706_115352/status_windows.bat,3,562
7964dd450cad60d002dc3d2c79fc2362585cc11b0b1d1b0d52dc1b4f24b67b0c,stop_all_windows.bat;backup_before_v05m_recovery_20260702_091828/stop_all_windows.bat;backups/code_before_v06e_20260706_115352/stop_all_windows.bat,3,591
b97dff5d0520daf1467a06cb4361f795c2f4858b852ac0533b47a6fbd07bbbfa,verify_all_windows.bat;backup_before_v05m_recovery_20260702_091828/verify_all_windows.bat;backups/code_before_v06e_20260706_115352/verify_all_windows.bat,3,501
ed58cb39b4128f17b38ccd7f09df2f11d2214b9c11db3255dc520c0c8e0ab3a8,verify_v05c_windows.bat;backup_before_v05m_recovery_20260702_091828/verify_v05c_windows.bat;backups/code_before_v06e_20260706_115352/verify_v05c_windows.bat,3,554
5bce2e33333926fd2d0436890f0126ebb6a5a6ea193fe7872b6f8361ebdd58c5,verify_v05d_windows.bat;backup_before_v05m_recovery_20260702_091828/verify_v05d_windows.bat;backups/code_before_v06e_20260706_115352/verify_v05d_windows.bat,3,430
3a599fb691ba7eb6e317b038e132a4428bee65f5721aa6b9e3e8f7cc7319c6f5,verify_v05e_windows.bat;backup_before_v05m_recovery_20260702_091828/verify_v05e_windows.bat;backups/code_before_v06e_20260706_115352/verify_v05e_windows.bat,3,611
0bb1ee8770efe621ac23d5511ddb4c4f17562649dde3a9967415819a36238182,verify_v05h_windows.bat;backup_before_v05m_recovery_20260702_091828/verify_v05h_windows.bat;backups/code_before_v06e_20260706_115352/verify_v05h_windows.bat,3,241
8427c50faa1fa9be73a0fbe11f9242414844f04fd0ca951b2561799886bed1c8,verify_v05i_windows.bat;backup_before_v05m_recovery_20260702_091828/verify_v05i_windows.bat;backups/code_before_v06e_20260706_115352/verify_v05i_windows.bat,3,80
c7afc7c934af1c10fb46b620be31728c88e08e97a53dcafe0476e4e8a7a614c3,verify_v05j_windows.bat;backup_before_v05m_recovery_20260702_091828/verify_v05j_windows.bat;backups/code_before_v06e_20260706_115352/verify_v05j_windows.bat,3,80
7611162f2db631454d6acf9a4ed390e83f49ded6892f4721c723d6d40560f2c6,verify_v05kl_windows.bat;backup_before_v05m_recovery_20260702_091828/verify_v05kl_windows.bat;backups/code_before_v06e_20260706_115352/verify_v05kl_windows.bat,3,184
bb6cb8bc747e4869926548748d078a496c0075bf006ce28f4763f63620f1189f,docs/01_INSTALLATION.md;patches/v05M-R_异常中断恢复模板乱码与全站回归修复_完整覆盖补丁_staging/docs/01_INSTALLATION.md;backups/code_before_v06e_20260706_115352/docs/01_INSTALLATION.md,3,809
f229e5249487074f4935c835a3dc726724bde0bb5f5b8df762c464fa10494476,docs/07_DEVELOPMENT.md;patches/v05M-R_异常中断恢复模板乱码与全站回归修复_完整覆盖补丁_staging/docs/07_DEVELOPMENT.md;backups/code_before_v06e_20260706_115352/docs/07_DEVELOPMENT.md,3,1212
e6eb1f98b8fbb6571f5001f0fb6152de8b2104425675a8c47e265b06564890ed,docs/08_TROUBLESHOOTING.md;patches/v05M-R_异常中断恢复模板乱码与全站回归修复_完整覆盖补丁_staging/docs/08_TROUBLESHOOTING.md;backups/code_before_v06e_20260706_115352/docs/08_TROUBLESHOOTING.md,3,1223
f816ad2394ff0a7aeb18851cd14a2dba4503cfdd250c3dbfdc5e321fcd8ee0b9,docs/v05M-R_recovery_acceptance_and_rollback.md;patches/v05M-R_异常中断恢复模板乱码与全站回归修复_完整覆盖补丁_staging/docs/v05M-R_recovery_acceptance_and_rollback.md;backups/code_before_v06e_20260706_115352/docs/v05M-R_recovery_acceptance_and_rollback.md,3,1924
e3d54eea732399f2fedcdcc8877763da9612423788fa7a8057a97222e4b2503c,patches/v05M_全站产品化收口中文化入口整合与核心流程重构_完整覆盖补丁_staging/app/navigation.py;patches/v05M-R_异常中断恢复模板乱码与全站回归修复_完整覆盖补丁_staging/app/navigation.py;backup_before_v05m_recovery_20260702_091828/app/navigation.py,3,5961
0ddc12b69669ea3df0a6ad9d87d4e5934e41b8dc079883eb86b1a1c5f64a4891,patches/v05M_全站产品化收口中文化入口整合与核心流程重构_完整覆盖补丁_staging/app/templates/base.html;patches/v05M-R_异常中断恢复模板乱码与全站回归修复_完整覆盖补丁_staging/app/templates/base.html;backup_before_v05m_recovery_20260702_091828/app/templates/base.html,3,4005
225997cac44947c3f652489da668d0c7ca38ac8062d4df685406bac6b13c08a6,patches/v05M_全站产品化收口中文化入口整合与核心流程重构_完整覆盖补丁_staging/app/templates/dashboard.html;patches/v05M-R_异常中断恢复模板乱码与全站回归修复_完整覆盖补丁_staging/app/templates/dashboard.html;backup_before_v05m_recovery_20260702_091828/app/templates/dashboard.html,3,4342
2c4dc55126786b6b71a8695ae701b00beb5f98c7c3a867c1c59100b333197757,patches/v05M_全站产品化收口中文化入口整合与核心流程重构_完整覆盖补丁_staging/app/templates/v04f_club.html;patches/v05M-R_异常中断恢复模板乱码与全站回归修复_完整覆盖补丁_staging/app/templates/v04f_club.html;backup_before_v05m_recovery_20260702_091828/app/templates/v04f_club.html,3,14949
854cb1ca671ddf29b1375b78db8c5ac2d43fae088c2b70ccc3a63d92a09105a2,patches/v05M_全站产品化收口中文化入口整合与核心流程重构_完整覆盖补丁_staging/app/templates/v05e_signals.html;patches/v05M-R_异常中断恢复模板乱码与全站回归修复_完整覆盖补丁_staging/app/templates/v05e_signals.html;backup_before_v05m_recovery_20260702_091828/app/templates/v05e_signals.html,3,7106
ca2f01d46e4e58fc3a516f6b3ac77a15a73ebbff66fb23ec539f7351833c37c4,patches/v05M_全站产品化收口中文化入口整合与核心流程重构_完整覆盖补丁_staging/app/services/reports/report_generation_service.py;patches/v05M-R_异常中断恢复模板乱码与全站回归修复_完整覆盖补丁_staging/app/services/reports/report_generation_service.py;backup_before_v05m_recovery_20260702_091828/app/services/reports/report_generation_service.py,3,12952
98a528c4110ea4f0b73da0f4edb320d3f306ba103a74361650b6b2aa694b48b8,patches/v05M-R_异常中断恢复模板乱码与全站回归修复_完整覆盖补丁_staging/app/v04c1_ingestion.py;backup_before_v05m_recovery_20260702_091828/app/v04c1_ingestion.py;backups/code_before_v06e_20260706_115352/app/v04c1_ingestion.py,3,65181
eb8f47c11ec5fa23aedf0c1446c6842854bb1d7392fc285f9a0096db99a025fc,patches/v05M-R_异常中断恢复模板乱码与全站回归修复_完整覆盖补丁_staging/app/v04db_prestructure.py;backup_before_v05m_recovery_20260702_091828/app/v04db_prestructure.py;backups/code_before_v06e_20260706_115352/app/v04db_prestructure.py,3,47228
3a790eafc11cca740b4ce20f85fc57d24b49852a82b2f61f047c2ce6c0d6728e,patches/v05M-R_异常中断恢复模板乱码与全站回归修复_完整覆盖补丁_staging/app/v04d_structuring.py;backup_before_v05m_recovery_20260702_091828/app/v04d_structuring.py;backups/code_before_v06e_20260706_115352/app/v04d_structuring.py,3,48161
5fdd84ca20a24e1ab295711265267f7350379248ccb10a7ff8ba242a9be16ea1,patches/v05M-R_异常中断恢复模板乱码与全站回归修复_完整覆盖补丁_staging/app/v04e_entity_resolution.py;backup_before_v05m_recovery_20260702_091828/app/v04e_entity_resolution.py;backups/code_before_v06e_20260706_115352/app/v04e_entity_resolution.py,3,36311
7e074416f2d1be7127e06bb5d530d427e7f67bf6d01775bc2c79b5fd2478ed37,patches/v05M-R_异常中断恢复模板乱码与全站回归修复_完整覆盖补丁_staging/app/v05c_club_events.py;backup_before_v05m_recovery_20260702_091828/app/v05c_club_events.py;backups/code_before_v06e_20260706_115352/app/v05c_club_events.py,3,27706
8ba2933e516e980dda6945f4b03fbdc3d40222fd31458bd936741c7b59cf27b8,patches/v05M-R_异常中断恢复模板乱码与全站回归修复_完整覆盖补丁_staging/app/v05f_collection.py;backup_before_v05m_recovery_20260702_091828/app/v05f_collection.py;backups/code_before_v06e_20260706_115352/app/v05f_collection.py,3,6649
5f538b6e6982add027d91fd78357527986b320fb6e60db5ca364999985646d89,patches/v05M-R_异常中断恢复模板乱码与全站回归修复_完整覆盖补丁_staging/app/v05g_processing.py;backup_before_v05m_recovery_20260702_091828/app/v05g_processing.py;backups/code_before_v06e_20260706_115352/app/v05g_processing.py,3,5434
bf77c805fa80db7b3b3529d8682acbd037315c66943b151f49285d0f1c5be654,patches/v05M-R_异常中断恢复模板乱码与全站回归修复_完整覆盖补丁_staging/app/v05i_pipeline.py;backup_before_v05m_recovery_20260702_091828/app/v05i_pipeline.py;backups/code_before_v06e_20260706_115352/app/v05i_pipeline.py,3,4492
555b25bc6d21375b88c62691b98473756cb0d23850a6726fc9784a50800880c9,patches/v05M-R_异常中断恢复模板乱码与全站回归修复_完整覆盖补丁_staging/scripts/migrate_v05f.py;patches/v05F_multisource_collection_patch_20260701_093910/scripts/migrate_v05f.py;backup_before_v05m_recovery_20260702_091828/scripts/migrate_v05f.py,3,10187
0fd602fbafd136672effdb1e1e263c8bad3ffaaf7435dda9c8347d0cc66ce2ac,patches/v05M-R_异常中断恢复模板乱码与全站回归修复_完整覆盖补丁_staging/scripts/migrate_v05g.py;patches/v05G_semantic_processing_patch_20260701_113851/scripts/migrate_v05g.py;backup_before_v05m_recovery_20260702_091828/scripts/migrate_v05g.py,3,8939
729bcfbcd462d5f60059db47a0c2c6d7c408594d3e1fb406173da0f99a3a1b6f,patches/v05M-R_异常中断恢复模板乱码与全站回归修复_完整覆盖补丁_staging/app/services/processing/entity_extraction_service.py;patches/v05G_semantic_processing_patch_20260701_113851/app/services/processing/entity_extraction_service.py;backup_before_v05m_recovery_20260702_091828/app/services/processing/entity_extraction_service.py,3,7206
5115a8499cfa44a0bc6b434b512d37235b71e750b98e83036432067e2e2510e0,backups/code_before_v06i_intelligence_20260706_151858/v04c_review_queue.html;backups/code_before_v06i_nav_crawl_20260706_162150/app/templates/v04c_review_queue.html;app/templates/v04c_review_queue.html,3,7134
25a11cffb48721654c4b5712ae35c88c5bfb515a17c5a1b93ec0104367070407,backups/code_before_v06i_intelligence_20260706_151858/v05g_processing.html;backups/code_before_v06i_nav_crawl_20260706_162150/app/templates/v05g_processing.html;app/templates/v05g_processing.html,3,11465
726f56b62eb9d4b2223578bcdc8b9209e7858609f1492ce593ebad5ed51f214c,backups/code_before_v06i_nav_crawl_20260706_162150/scripts/audit_foreign_keys_v1.py;backups/code_before_v06i_intelligence_20260706_151858/scripts/audit_foreign_keys_v1.py;backups/code_before_v06e_20260706_115352/scripts/audit_foreign_keys_v1.py,3,5000
8f799bb0f223018c0cd7b75c5814f7f6431fe615ee567d8b88cd5d750d9ccc1a,backups/code_before_v06i_nav_crawl_20260706_162150/scripts/build_release_v1.py;backups/code_before_v06i_intelligence_20260706_151858/scripts/build_release_v1.py;backups/code_before_v06e_20260706_115352/scripts/build_release_v1.py,3,2760
06d16fa0348e7240a1641f8df51406566440dbc4267da2c3c044d74b73aef775,backups/code_before_v06i_nav_crawl_20260706_162150/scripts/check_database_config_v1.py;backups/code_before_v06i_intelligence_20260706_151858/scripts/check_database_config_v1.py;backups/code_before_v06e_20260706_115352/scripts/check_database_config_v1.py,3,1144
f9fbe362a6a26ab8203ebb793111e0cc2cbfb035347190e8c016d6ebebc322fa,backups/code_before_v06i_nav_crawl_20260706_162150/scripts/create_identity_test_accounts.py;backups/code_before_v06i_intelligence_20260706_151858/scripts/create_identity_test_accounts.py;backups/code_before_v06e_20260706_115352/scripts/create_identity_test_accounts.py,3,3790
64e3943206f6752f18e395d14d28de3eb817bfe0f03c3f1df62168f072a0e059,backups/code_before_v06i_nav_crawl_20260706_162150/scripts/migrate_all.py;backups/code_before_v06i_intelligence_20260706_151858/scripts/migrate_all.py;backups/code_before_v06e_20260706_115352/scripts/migrate_all.py,3,4694
ebae20c78798087f0a82ac571e2e8ad58ae754062b74a3446bc6a3f49606ec9e,backups/code_before_v06i_nav_crawl_20260706_162150/scripts/migrate_domain_consolidation_v1.py;backups/code_before_v06i_intelligence_20260706_151858/scripts/migrate_domain_consolidation_v1.py;backups/code_before_v06e_20260706_115352/scripts/migrate_domain_consolidation_v1.py,3,4876
70bf76059fad3568333cb568e7c72c3936d2cb1484c99e02a8b01135f64b717a,backups/code_before_v06i_nav_crawl_20260706_162150/scripts/migrate_identity_link_v1.py;backups/code_before_v06i_intelligence_20260706_151858/scripts/migrate_identity_link_v1.py;backups/code_before_v06e_20260706_115352/scripts/migrate_identity_link_v1.py,3,1194
7bd482e34d3825fc67f3546405f13135818c572955a73b7dd0bd2a1f9f7d7a09,backups/code_before_v06i_nav_crawl_20260706_162150/scripts/migrate_organization_core_v1.py;backups/code_before_v06i_intelligence_20260706_151858/scripts/migrate_organization_core_v1.py;backups/code_before_v06e_20260706_115352/scripts/migrate_organization_core_v1.py,3,8891
1dbd655c21e6d2933c42da94eadb7853a66751e8468336a4309793d058712b6c,backups/code_before_v06i_nav_crawl_20260706_162150/scripts/migrate_platform_mvp_v1.py;backups/code_before_v06i_intelligence_20260706_151858/scripts/migrate_platform_mvp_v1.py;backups/code_before_v06e_20260706_115352/scripts/migrate_platform_mvp_v1.py,3,12181
1a938f1af70d7dd3d282b1316e7c78feb25323a122c9d4f7226bdf955d6072b3,backups/code_before_v06i_nav_crawl_20260706_162150/scripts/migrate_rbac_core_v1.py;backups/code_before_v06i_intelligence_20260706_151858/scripts/migrate_rbac_core_v1.py;backups/code_before_v06e_20260706_115352/scripts/migrate_rbac_core_v1.py,3,11206
3fa26c94bd0093e2ef6999fe79996190b12599e1e6349ca7eac795bf17e89e0e,backups/code_before_v06i_nav_crawl_20260706_162150/scripts/migrate_v04c.py;backups/code_before_v06i_intelligence_20260706_151858/scripts/migrate_v04c.py;backups/code_before_v06e_20260706_115352/scripts/migrate_v04c.py,3,1516
4fbeaaab8958b03c6186f40b8ba1b092b5bd848303f6d4854610086cd90bf0d2,backups/code_before_v06i_nav_crawl_20260706_162150/scripts/migrate_v04f.py;backups/code_before_v06i_intelligence_20260706_151858/scripts/migrate_v04f.py;backups/code_before_v06e_20260706_115352/scripts/migrate_v04f.py,3,7160
dd7f55754cdf4829d4aca1239d2bdbe0952bd2ec642322cd06efb58697065e6c,backups/code_before_v06i_nav_crawl_20260706_162150/scripts/migrate_v04g.py;backups/code_before_v06i_intelligence_20260706_151858/scripts/migrate_v04g.py;backups/code_before_v06e_20260706_115352/scripts/migrate_v04g.py,3,6453
a4a1a64ea76d8f438b98e4de7b65a8e64d3935a59d3b725d05eda3fcd7abdedb,backups/code_before_v06i_nav_crawl_20260706_162150/scripts/migrate_v04h.py;backups/code_before_v06i_intelligence_20260706_151858/scripts/migrate_v04h.py;backups/code_before_v06e_20260706_115352/scripts/migrate_v04h.py,3,3435
6a1904b4687125a62e202bfb65b5913cd90184480ab1ef30235f7f96e836f1a6,backups/code_before_v06i_nav_crawl_20260706_162150/scripts/migrate_v05a.py;backups/code_before_v06i_intelligence_20260706_151858/scripts/migrate_v05a.py;backups/code_before_v06e_20260706_115352/scripts/migrate_v05a.py,3,1306
ec7e55205b5d02d9559301d0aed7dfceee71939c05fc366e99c80a58d4863c7b,backups/code_before_v06i_nav_crawl_20260706_162150/scripts/migrate_v05b.py;backups/code_before_v06i_intelligence_20260706_151858/scripts/migrate_v05b.py;backups/code_before_v06e_20260706_115352/scripts/migrate_v05b.py,3,5859
74c75ba44fc76c740184e1413854f16034489cec3a9214e98777c4a77874620c,backups/code_before_v06i_nav_crawl_20260706_162150/scripts/migrate_v05c.py;backups/code_before_v06i_intelligence_20260706_151858/scripts/migrate_v05c.py;backups/code_before_v06e_20260706_115352/scripts/migrate_v05c.py,3,6453
9deec830331122d54e8b8fc3d73f5f835bdde5d4b53ba03d70c2b02235fcd88d,backups/code_before_v06i_nav_crawl_20260706_162150/scripts/migrate_v05d.py;backups/code_before_v06i_intelligence_20260706_151858/scripts/migrate_v05d.py;backups/code_before_v06e_20260706_115352/scripts/migrate_v05d.py,3,9150
886bb21eb004d87080e6f03b3b3c0f236e538dcc633b1512ee2f2393e5af2c10,backups/code_before_v06i_nav_crawl_20260706_162150/scripts/migrate_v05e.py;backups/code_before_v06i_intelligence_20260706_151858/scripts/migrate_v05e.py;backups/code_before_v06e_20260706_115352/scripts/migrate_v05e.py,3,4540
3e6305a3731335ab352bfa87142a9bc5fce3669eeffd2621f4e30f25a6dd1d05,backups/code_before_v06i_nav_crawl_20260706_162150/scripts/migrate_v05f.py;backups/code_before_v06i_intelligence_20260706_151858/scripts/migrate_v05f.py;backups/code_before_v06e_20260706_115352/scripts/migrate_v05f.py,3,10325
bd49e499a9ddf91fd5b9fdc5a7868416a3ad3c879cc8682f7881fafbf2a9e07c,backups/code_before_v06i_nav_crawl_20260706_162150/scripts/migrate_v05g.py;backups/code_before_v06i_intelligence_20260706_151858/scripts/migrate_v05g.py;backups/code_before_v06e_20260706_115352/scripts/migrate_v05g.py,3,9077
16d55292f7f6cf274a5617dd230ec6126e73add4d5a01a3ec4cb48b79a28b0ec,backups/code_before_v06i_nav_crawl_20260706_162150/scripts/migrate_v05h.py;backups/code_before_v06i_intelligence_20260706_151858/scripts/migrate_v05h.py;backups/code_before_v06e_20260706_115352/scripts/migrate_v05h.py,3,9021
8e9528695bd33aedde715bd6b31576fbc771b2a7a8ab3068c410d93ea4f340d5,backups/code_before_v06i_nav_crawl_20260706_162150/scripts/migrate_v05i.py;backups/code_before_v06i_intelligence_20260706_151858/scripts/migrate_v05i.py;backups/code_before_v06e_20260706_115352/scripts/migrate_v05i.py,3,5950
99878f2d157f80163bcfeb22494bca8c99a75a3cfdb20f0c11b9afb3b52f90c9,backups/code_before_v06i_nav_crawl_20260706_162150/scripts/migrate_v05j.py;backups/code_before_v06i_intelligence_20260706_151858/scripts/migrate_v05j.py;backups/code_before_v06e_20260706_115352/scripts/migrate_v05j.py,3,5743
42a34834a2eece12e751e4604bb00253709e4703f3e61d4f79b165d42edb99e4,backups/code_before_v06i_nav_crawl_20260706_162150/scripts/migrate_v05kl.py;backups/code_before_v06i_intelligence_20260706_151858/scripts/migrate_v05kl.py;backups/code_before_v06e_20260706_115352/scripts/migrate_v05kl.py,3,9825
bbeb1ed16b0d98ad7aab3fc92d8b5e2927cfd26f92c61dda0e62edadff746731,backups/code_before_v06i_nav_crawl_20260706_162150/scripts/repair_remaining_foreign_keys_v1.py;backups/code_before_v06i_intelligence_20260706_151858/scripts/repair_remaining_foreign_keys_v1.py;backups/code_before_v06e_20260706_115352/scripts/repair_remaining_foreign_keys_v1.py,3,3029
d4a5a5a139edcd1dd7ef7926fe4f5256fe525754f43304f2db56b28d54e93353,backups/code_before_v06i_nav_crawl_20260706_162150/scripts/test_db_utils.py;backups/code_before_v06i_intelligence_20260706_151858/scripts/test_db_utils.py;backups/code_before_v06e_20260706_115352/scripts/test_db_utils.py,3,2987
62049a9ad4791aa82e5b0b7e9427285de799f2dd097eecbd050c882775916e10,backups/code_before_v06i_nav_crawl_20260706_162150/scripts/verify_all.py;backups/code_before_v06i_intelligence_20260706_151858/scripts/verify_all.py;backups/code_before_v06e_20260706_115352/scripts/verify_all.py,3,9257
2e9d70e114f1b4587d386c58d15d1ddf9eccebe60f8ce4f6ca42c5347f56b5ea,backups/code_before_v06i_nav_crawl_20260706_162150/scripts/verify_data_integrity_workflow_v1.py;backups/code_before_v06i_intelligence_20260706_151858/scripts/verify_data_integrity_workflow_v1.py;backups/code_before_v06e_20260706_115352/scripts/verify_data_integrity_workflow_v1.py,3,3852
6146b8028532d3329b25378421fa0340e77eb5a603f605195ea225b4db7361ad,backups/code_before_v06i_nav_crawl_20260706_162150/scripts/verify_domain_consolidation_v1.py;backups/code_before_v06i_intelligence_20260706_151858/scripts/verify_domain_consolidation_v1.py;backups/code_before_v06e_20260706_115352/scripts/verify_domain_consolidation_v1.py,3,2174
883ad410a2d678828ad978492186b08f9ee0d89ef1d67b6f507e37a0d62cdf84,backups/code_before_v06i_nav_crawl_20260706_162150/scripts/verify_identity_link_e2e.py;backups/code_before_v06i_intelligence_20260706_151858/scripts/verify_identity_link_e2e.py;backups/code_before_v06e_20260706_115352/scripts/verify_identity_link_e2e.py,3,12315
c483450c315f1f7cfa2221a96582ee70343d468e26140b386d31f95b42fc5faf,backups/code_before_v06i_nav_crawl_20260706_162150/scripts/verify_identity_membership_access_v1.py;backups/code_before_v06i_intelligence_20260706_151858/scripts/verify_identity_membership_access_v1.py;backups/code_before_v06e_20260706_115352/scripts/verify_identity_membership_access_v1.py,3,11614
fe43737fef80f426e2da1d0f31be3d1b9ed385a621f0ffba9b474b32438337e3,backups/code_before_v06i_nav_crawl_20260706_162150/scripts/verify_intelligence_full_chain.py;backups/code_before_v06i_intelligence_20260706_151858/scripts/verify_intelligence_full_chain.py;backups/code_before_v06e_20260706_115352/scripts/verify_intelligence_full_chain.py,3,9189
c67b8c941b4f21c4ba8b46d02a392ee7304930f7d3616a85fad7f686c14a6332,backups/code_before_v06i_nav_crawl_20260706_162150/scripts/verify_organization_core_v1.py;backups/code_before_v06i_intelligence_20260706_151858/scripts/verify_organization_core_v1.py;backups/code_before_v06e_20260706_115352/scripts/verify_organization_core_v1.py,3,14513
4086d31b1efffb737087354ee53335453e6a918e0f2b87b3f3cce51ec6a0c6e5,backups/code_before_v06i_nav_crawl_20260706_162150/scripts/verify_platform_mvp_v1.py;backups/code_before_v06i_intelligence_20260706_151858/scripts/verify_platform_mvp_v1.py;backups/code_before_v06e_20260706_115352/scripts/verify_platform_mvp_v1.py,3,8661
68642339faf4cbc5169488da0d193ee5ae4647df1d0f352eaf6f31d5a94cc82e,backups/code_before_v06i_nav_crawl_20260706_162150/scripts/verify_rbac_authorization_v1.py;backups/code_before_v06i_intelligence_20260706_151858/scripts/verify_rbac_authorization_v1.py;backups/code_before_v06e_20260706_115352/scripts/verify_rbac_authorization_v1.py,3,21032
1315eda8869364aa626fb544136936929709dc328f87aed560a6c85be7b931df,backups/code_before_v06i_nav_crawl_20260706_162150/scripts/verify_route_registry_v1.py;backups/code_before_v06i_intelligence_20260706_151858/scripts/verify_route_registry_v1.py;backups/code_before_v06e_20260706_115352/scripts/verify_route_registry_v1.py,3,3528
fbe08452e649b83168e700b437aa62ad02b5b25b3ea69e10755e2efadee3af55,backups/code_before_v06i_nav_crawl_20260706_162150/app/services/product_recovery_service.py;backups/code_before_v06i_intelligence_20260706_151858/services/product_recovery_service.py;app/services/product_recovery_service.py,3,6864
4602fe6b1b08e404d3ff3347db2fc1917ce145e8f6a1ab43e2b8092a138ab0d5,backups/code_before_v06i_nav_crawl_20260706_162150/app/templates/platform/admin.html;backups/code_before_v06h_20260706_145146/platform/admin.html;app/templates/platform/admin.html,3,7264
7eb46743c72ffcc77b6abca9a072db440bc5de7f6ef1517f95d2926f0e0215d4,backups/code_before_v06i_nav_crawl_20260706_162150/app/templates/platform/admin_organizations.html;backups/code_before_v06h_20260706_145146/platform/admin_organizations.html;app/templates/platform/admin_organizations.html,3,6976
14fe53b1c545308ae4c679a86d5b6d427e77c329202b221724029c9f6db13d26,backups/code_before_v06i_nav_crawl_20260706_162150/app/templates/platform/admin_people.html;backups/code_before_v06h_20260706_145146/platform/admin_people.html;app/templates/platform/admin_people.html,3,6797
f548ceeda6feb1bc888a6394e755ebedc55cfaef968215e710edd6d706d9bd82,backups/code_before_v06i_nav_crawl_20260706_162150/app/templates/platform/base.html;backups/code_before_v06h_20260706_145146/platform/base.html;app/templates/platform/base.html,3,375
d8f8072aa44ac00f526d22217923561b502ed8b2d46bff9e0369048b7e2cbf34,backups/code_before_v06i_nav_crawl_20260706_162150/app/templates/platform/home.html;backups/code_before_v06h_20260706_145146/platform/home.html;app/templates/platform/home.html,3,3235
3ea50f64f7a1a8952d952887ae3313addb438c198b4395b47008ebc1d7b711d4,backups/code_before_v06i_nav_crawl_20260706_162150/app/templates/platform/intelligence_operations.html;backups/code_before_v06h_20260706_145146/platform/intelligence_operations.html;app/templates/platform/intelligence_operations.html,3,7613
a13fad56cd3a9a9d5534bb9d211b3ee74182e3162761d99388e83a4e0abfd9d3,backups/code_before_v06i_nav_crawl_20260706_162150/app/templates/platform/network.html;backups/code_before_v06h_20260706_145146/platform/network.html;app/templates/platform/network.html,3,1860
dbb7e0ac70a8cfd4fd6112ae22343b5546bc5e2ade906f85af5f4167b4223050,backups/code_before_v06i_nav_crawl_20260706_162150/app/templates/platform/workspace.html;backups/code_before_v06h_20260706_145146/platform/workspace.html;app/templates/platform/workspace.html,3,3732
73bb7f8e5c00d41a1311344a0e0b52bb2f403c2faa1ea6549a4c0cc6b037d4b3,backups/code_before_v06i_intelligence_20260706_151858/services/membership_person_link_service.py;backups/code_before_v06e_20260706_115352/app/services/membership_person_link_service.py;app/services/membership_person_link_service.py,3,14472
03af632550a67977e9a33784748badc965f283787bbe70da9d2cd08ea9ca9940,backups/code_before_v06i_intelligence_20260706_151858/services/membership_user_link_service.py;backups/code_before_v06e_20260706_115352/app/services/membership_user_link_service.py;app/services/membership_user_link_service.py,3,14449
6a073a5628af7cfbb5cf11ce6b92b1c878b23268f72b25bcb385e3960c69053c,backups/code_before_v06i_intelligence_20260706_151858/services/tasks/task_registry.py;backups/code_before_v06e_20260706_115352/app/services/tasks/task_registry.py;app/services/tasks/task_registry.py,3,3724
a080288f08803e2e1261da3f429fde991256f8748dcf6505508494aa27fb9065,backups/code_before_v06f_20260706_130354/app/static/platform.css;backups/code_before_v06f_20260706_130354/app/static/static/platform.css;backups/code_before_v06e_20260706_115352/app/static/platform.css,3,14634
1c40cc1354e66ebd2be03bbb777ada210089810967bf4c44525023906fffaa69,backups/code_before_v06f_20260706_130354/app/templates/platform/base.html;backups/code_before_v06f_20260706_130354/app/templates/templates/platform/base.html;backups/code_before_v06e_20260706_115352/app/templates/platform/base.html,3,317
6198ebce01f9add78836afb99a77241c9bbbc1ad9976b9af960c8cfd742b0cf2,backups/code_before_v06f_20260706_130354/app/templates/platform/home.html;backups/code_before_v06f_20260706_130354/app/templates/templates/platform/home.html;backups/code_before_v06e_20260706_115352/app/templates/platform/home.html,3,1387
919065c8a41333eb805f093aa20ca0a7c1b8a44727fa79a067d0645bff6aa592,backups/code_before_v06f_20260706_130354/app/templates/platform/intelligence.html;backups/code_before_v06f_20260706_130354/app/templates/templates/platform/intelligence.html;backups/code_before_v06e_20260706_115352/app/templates/platform/intelligence.html,3,754
809381d83578fd07ed75924dbf3db2853d0cfd7381db5299c04299597a9961ec,backups/code_before_v06f_20260706_130354/app/templates/platform/network.html;backups/code_before_v06f_20260706_130354/app/templates/templates/platform/network.html;backups/code_before_v06e_20260706_115352/app/templates/platform/network.html,3,1062
657256bf43417fa523c013ce0b77e92e6bdad27749b2e5fcdef218063b0440aa,backups/code_before_v06f_20260706_130354/app/templates/platform/opportunities.html;backups/code_before_v06f_20260706_130354/app/templates/templates/platform/opportunities.html;backups/code_before_v06e_20260706_115352/app/templates/platform/opportunities.html,3,669
2414055f94afb01960722dd01d49102e76fbace33b69cfd61a3fdbaf314d6758,backups/code_before_v06f_20260706_130354/app/templates/platform/resources.html;backups/code_before_v06f_20260706_130354/app/templates/templates/platform/resources.html;backups/code_before_v06e_20260706_115352/app/templates/platform/resources.html,3,899
305004245d64c1d977f78123faa32ca1f10614480f7fda0937aeed7a45c14d61,backups/code_before_v06f_20260706_130354/app/templates/platform/workspace.html;backups/code_before_v06f_20260706_130354/app/templates/templates/platform/workspace.html;backups/code_before_v06e_20260706_115352/app/templates/platform/workspace.html,3,1121
7c911030362981d429ca52d77ae910a22929f55092ce002a2ec2fb6b6da9d6d8,backups/code_before_v06f_20260706_130354/app/templates/templates/dashboard.html;backups/code_before_v06e_20260706_115352/app/templates/dashboard.html;app/templates/dashboard.html,3,4495
1969f32d30dab4358c5afa1027ec6a0887557f866d16bcebe1c52416fed3e137,backups/code_before_v06f_20260706_130354/app/templates/templates/identity.html;backups/code_before_v06e_20260706_115352/app/templates/identity.html;app/templates/identity.html,3,4757
f58caac8c660b30da8b1bc843b9bc18a574e55095950f3a402ad92ea8b0a22a7,backups/code_before_v06f_20260706_130354/app/templates/templates/v05e_signals.html;backups/code_before_v06e_20260706_115352/app/templates/v05e_signals.html;app/templates/v05e_signals.html,3,7126
53351b72db40a09b007997c3b062740335a9d078e1d8b5a934a28cf1626e2286,AGENTS.md;backup_before_v05m_recovery_20260702_091828/AGENTS.md,2,3348
e2cbf3fa2d55e711ad0d3ea69149d291c2ce335e482ca68e7311502c83a31f1e,migrate_platform_mvp_v1.bat;backups/code_before_v06e_20260706_115352/migrate_platform_mvp_v1.bat,2,599
3b8c82bc848499334c6c0871ae4198696056c13a6284beda7cbc7480732acf52,requirements.txt;backups/code_before_v06e_20260706_115352/requirements.txt,2,262
97fcbf489c1056d934814824f205edbb9f04951ce6024b8f4952629b9f6066a7,seed_demo_platform_v1.bat;backups/code_before_v06e_20260706_115352/seed_demo_platform_v1.bat,2,929
7653ca6fda06278643ef2eb7067e04c8b0dbeef87308b6d242026e86c6be11e2,start_web_windows.bat;backups/code_before_v06e_20260706_115352/start_web_windows.bat,2,1221
955efdff34e2586e65a51ed05a8574d1b13e4b41fe2fa8d5b6d3f9dab1f700fa,verify_intelligence_full_chain_windows.bat;backups/code_before_v06e_20260706_115352/verify_intelligence_full_chain_windows.bat,2,547
3ca98ef460207f4ed28f22509b42da5bb61224ae01fff728a2f5c59d226de3c8,verify_platform_mvp_v1.bat;backups/code_before_v06e_20260706_115352/verify_platform_mvp_v1.bat,2,753
8f5464c6b4467742824a2a2d5c8db6599e87b25e9457eb273d4571a193bcb86c,app/navigation.py;backups/code_before_v06i_nav_crawl_20260706_162150/app/navigation.py,2,272
7baa869ca9d68bc78843cc6a8b70188718a65024c89a309696a1dae738a44fac,docs/capability_route_mapping_v1.md;backups/code_before_v06e_20260706_115352/docs/capability_route_mapping_v1.md,2,3119
ba46603e09fd3232bb4b46fc00f4b0de78904493e227f911a54c271fad4962d2,docs/client_api_contract_v1.md;backups/code_before_v06e_20260706_115352/docs/client_api_contract_v1.md,2,1641
1c201f5234fcdb1290806f654012c16232082cf0122cd8ea7921db3f4b087c19,docs/IDENTITY_COMPATIBILITY_LAYER_DESIGN.md;backups/code_before_v06e_20260706_115352/docs/IDENTITY_COMPATIBILITY_LAYER_DESIGN.md,2,14215
19859df4f3378920d706ffab9aba966fe8b43dd8be8a28081ccd6b38fcd0aa0d,docs/network_people_traceback_v06b.md;backups/code_before_v06e_20260706_115352/docs/network_people_traceback_v06b.md,2,759
24b8ba66d2ebe79e13fb1774affb58123429bb162f59c43e41b653aa7797858c,docs/platform_capability_mapping_v06b.md;backups/code_before_v06e_20260706_115352/docs/platform_capability_mapping_v06b.md,2,1877
d22f93a4c3b3faec544734bd89a50674f4110981df2c6e6407b144762079e7f3,docs/route_compatibility_v1.md;backups/code_before_v06e_20260706_115352/docs/route_compatibility_v1.md,2,2665
31815fe8229e415b4254f9ae358ee37baad42b787c7b1cbee78a7e4f79d766e0,docs/V05_REAL_INTELLIGENCE_CHAIN_ACCEPTANCE_AND_ROLLBACK.md;backups/code_before_v06e_20260706_115352/docs/V05_REAL_INTELLIGENCE_CHAIN_ACCEPTANCE_AND_ROLLBACK.md,2,914
3864e010668f9ba6cfc36843f8129b276183f94534e152465fe7e83dcc45bcd4,tools/windows/demo/seed_v04c1_demo_windows.cmd;backup_before_v05m_recovery_20260702_091828/tools/windows/demo/seed_v04c1_demo_windows.cmd,2,2327
06d04473fe8d122a628180abdd8b03d69126a8f0551c84069d8a5a7c41d713c6,tools/windows/demo/seed_v04c_demo_windows.bat;backup_before_v05m_recovery_20260702_091828/tools/windows/demo/seed_v04c_demo_windows.bat,2,117
74f832ed81bfdd2b925a71156101cbd19c13e594ad88fe4e814f4153a7c2f27f,tools/windows/demo/seed_v04db_demo_windows.cmd;backup_before_v05m_recovery_20260702_091828/tools/windows/demo/seed_v04db_demo_windows.cmd,2,1750
cd38d51f6689880aa5a5823121acff4c33988dea5226499b1e9dacf1cb17bbc6,tools/windows/demo/seed_v04d_demo_windows.cmd;backup_before_v05m_recovery_20260702_091828/tools/windows/demo/seed_v04d_demo_windows.cmd,2,1741
5ca4d3fe43fdc67cc4ffda4d6708767589870fe9b1f63a1c1fabb337b2450316,tools/windows/demo/seed_v04e_demo_windows.cmd;backup_before_v05m_recovery_20260702_091828/tools/windows/demo/seed_v04e_demo_windows.cmd,2,1743
1dcc00a5a4b4153927ab41b9cc2783487b5d6d9cee0a3f29a5386e1e1433b881,tools/windows/diagnostics/self_check_windows.bat;backup_before_v05m_recovery_20260702_091828/tools/windows/diagnostics/self_check_windows.bat,2,241
714f740f2582a5928a8ab115d3f7ace38de0dcdeaeaae9a732553f2b5013106c,tools/windows/diagnostics/v04c_diagnose_windows.cmd;backup_before_v05m_recovery_20260702_091828/tools/windows/diagnostics/v04c_diagnose_windows.cmd,2,1858
f7580a8376ac834fe75f575971dfa8ce37a10b4b3125a3dbcc637f8516fd0602,tools/windows/maintenance/export_windows.bat;backup_before_v05m_recovery_20260702_091828/tools/windows/maintenance/export_windows.bat,2,124
92fdbf081eee5d9457c37ee1877c83905e646f4cddca292a66c2e75f82743786,tools/windows/maintenance/import_seed_windows.bat;backup_before_v05m_recovery_20260702_091828/tools/windows/maintenance/import_seed_windows.bat,2,488
17f3f258bb11cc9e3416350c81a497ee3d78421b04244907c042e31b825a146b,tools/windows/maintenance/refresh_recommendations_windows.bat;backup_before_v05m_recovery_20260702_091828/tools/windows/maintenance/refresh_recommendations_windows.bat,2,347
07377491179513c21f8ef6150e74c6a3b9a8b577f1a7789a313610eb049c8eb1,tools/windows/reports/README_FIRST.txt;backup_before_v05m_recovery_20260702_091828/tools/windows/reports/README_FIRST.txt,2,760
fb2afd24428760936c4f38c9a06bd74edda8490c6f69772fce411f9ec1e7906e,tools/windows/reports/VALIDATION_REPORT.txt;backup_before_v05m_recovery_20260702_091828/tools/windows/reports/VALIDATION_REPORT.txt,2,1117
47c7723ba54b188a6a4267d0f25e1c4fa10f8cfca6436549b8bb198daf5dd41a,tools/windows/archive/v04b/apply_v04b_windows.bat;backup_before_v05m_recovery_20260702_091828/tools/windows/archive/v04b/apply_v04b_windows.bat,2,244
dc7957c8a5f0d4f350b267a59b764c029461372b1fdad37e911d172b745bc726,tools/windows/archive/v04c/migrate_v04c1_windows.cmd;backup_before_v05m_recovery_20260702_091828/tools/windows/archive/v04c/migrate_v04c1_windows.cmd,2,2320
6db41fdbf46e4d9571b5defbfd7d0960df6f719853ad5c49a028b1784d08418f,tools/windows/archive/v04c/migrate_v04c_windows.cmd;backup_before_v05m_recovery_20260702_091828/tools/windows/archive/v04c/migrate_v04c_windows.cmd,2,2301
6cc1a66ac7a8d72e6d4ea9004b1fb43666b14aedf739688c94622ba37021b5ed,tools/windows/archive/v04c/verify_v04c1_windows.cmd;backup_before_v05m_recovery_20260702_091828/tools/windows/archive/v04c/verify_v04c1_windows.cmd,2,2314
f5bcbbfa5ae0f8cceb38f74421f11a4ca7850e5c85968c9ca7a0ea8162516d7e,tools/windows/archive/v04c/verify_v04c_windows.cmd;backup_before_v05m_recovery_20260702_091828/tools/windows/archive/v04c/verify_v04c_windows.cmd,2,2293
59ac31c133ed72feb2fbab696d6aa0e3e71b8799e8c77610eb46e49f6fddcb84,tools/windows/archive/v04d/collect_v04d_context_windows.cmd;backup_before_v05m_recovery_20260702_091828/tools/windows/archive/v04d/collect_v04d_context_windows.cmd,2,1844
85fb333028de5b87f1cda70e68e372e8663196415c17b690770ddfb6f9bf982c,tools/windows/archive/v04d/migrate_v04db_windows.cmd;backup_before_v05m_recovery_20260702_091828/tools/windows/archive/v04d/migrate_v04db_windows.cmd,2,1748
3710a0147b3790c0362116bb3abb3c5f4a14ce8f5b7fa9cb16f0f12880bd3906,tools/windows/archive/v04d/migrate_v04d_windows.cmd;backup_before_v05m_recovery_20260702_091828/tools/windows/archive/v04d/migrate_v04d_windows.cmd,2,1739
d2b8c04b1ba6ebb9965c9587f80b6b6686c5bb4c54bca151be2ea6f922a91f2d,tools/windows/archive/v04d/verify_v04d2_windows.bat;backup_before_v05m_recovery_20260702_091828/tools/windows/archive/v04d/verify_v04d2_windows.bat,2,3108
2ec2a7b0345f260cd4635dbd64bda8aea459091146ec9d0abd2faac5075e3628,tools/windows/archive/v04d/verify_v04d3_windows.bat;backup_before_v05m_recovery_20260702_091828/tools/windows/archive/v04d/verify_v04d3_windows.bat,2,1447
20cb5eb89668d500796b0b6002595069f8094ef8fdd3ad24f6cd72a0df2a5461,tools/windows/archive/v04d/verify_v04d4_windows.bat;backup_before_v05m_recovery_20260702_091828/tools/windows/archive/v04d/verify_v04d4_windows.bat,2,1688
f58af9351182abfa2d1331f653d1d0f029f0c2f8cc9b878aced05407d2e7116f,tools/windows/archive/v04d/verify_v04db_windows.cmd;backup_before_v05m_recovery_20260702_091828/tools/windows/archive/v04d/verify_v04db_windows.cmd,2,1735
39f166074d6c34412d60f650bbc8cb1b4d36f5424c858159f46f941a353af0c0,tools/windows/archive/v04d/verify_v04d_windows.cmd;backup_before_v05m_recovery_20260702_091828/tools/windows/archive/v04d/verify_v04d_windows.cmd,2,1726
4d37125766b3559aedad0801145b79ff2a4e967d65acec028313618674676111,tools/windows/archive/v04e/migrate_v04e_windows.cmd;backup_before_v05m_recovery_20260702_091828/tools/windows/archive/v04e/migrate_v04e_windows.cmd,2,1741
06940d0c71747b1accc99730de60fa0a6a481df61387d6cb878c054bd917a465,tools/windows/archive/v04e/verify_v04e_windows.cmd;backup_before_v05m_recovery_20260702_091828/tools/windows/archive/v04e/verify_v04e_windows.cmd,2,1726
63f8646572e14a1d2bb759e7c0cde46edf2ce1583c62ae3367638aa40553f844,tools/windows/archive/v04f/migrate_v04f_windows.bat;backup_before_v05m_recovery_20260702_091828/tools/windows/archive/v04f/migrate_v04f_windows.bat,2,729
7ddd375146766799db6b3980260717419c9c50712dca23b1a40cb9c772a64bcb,tools/windows/archive/v04f/verify_v04f_windows.bat;backup_before_v05m_recovery_20260702_091828/tools/windows/archive/v04f/verify_v04f_windows.bat,2,736
b540718c37e43f528121f14831d7c8d68eb64182a5dbc3b549fc23245baa294e,tools/windows/archive/v04g/migrate_v04g_windows.bat;backup_before_v05m_recovery_20260702_091828/tools/windows/archive/v04g/migrate_v04g_windows.bat,2,561
12a3bcbadef54632d7e2a7792f6943dedd112f07755d7659b8eccd4f229eb670,tools/windows/archive/v04g/verify_v04g_windows.bat;backup_before_v05m_recovery_20260702_091828/tools/windows/archive/v04g/verify_v04g_windows.bat,2,568
cc72b73b2571e9f8730b3da9deccf4e2f84d8d6b01771a5df81a563311d08962,tools/windows/archive/v04h/migrate_v04h_windows.bat;backup_before_v05m_recovery_20260702_091828/tools/windows/archive/v04h/migrate_v04h_windows.bat,2,336
72be4a973593418be00ad93e7f9d1925cc2bbc425573db8192932ac74771f094,tools/windows/archive/v04h/verify_v04h_windows.bat;backup_before_v05m_recovery_20260702_091828/tools/windows/archive/v04h/verify_v04h_windows.bat,2,438
8fa0b64bd0cccf1159c8dc1c7c7478f87215dbaec10d4c5c90605dcda8bdbea4,tools/windows/archive/v05a/migrate_v05a_windows.bat;backup_before_v05m_recovery_20260702_091828/tools/windows/archive/v05a/migrate_v05a_windows.bat,2,336
180095544ebf09e446cfefd6d2d55226d692417abb56a60635785926d275a654,tools/windows/archive/v05a/verify_v05a_windows.bat;backup_before_v05m_recovery_20260702_091828/tools/windows/archive/v05a/verify_v05a_windows.bat,2,464
3dfb462842024b19c75d5718fd82df52a2a49e2b0453f3f778497446abaac20c,tools/patches/archive/base_html_导航追加.txt;backup_before_v05m_recovery_20260702_091828/tools/patches/archive/base_html_导航追加.txt,2,297
1953271ef8dccb266fb3a9e38d2b30fd2bef70b28d2b9f0061b4b0e2efaf0aab,tools/patches/archive/intelligence_detail_可选追加.txt;backup_before_v05m_recovery_20260702_091828/tools/patches/archive/intelligence_detail_可选追加.txt,2,548
5375b339f48555defbdeec07f94aa6ae1d2301ebdf9fc270220d43d1b301c2e3,tools/patches/archive/main_py_必须追加.txt;backup_before_v05m_recovery_20260702_091828/tools/patches/archive/main_py_必须追加.txt,2,826
1d555522abb1579485577f2ae024fc54e13ae73856f0ff9e682965ab61856e1e,tools/patches/archive/v04c1页面入口_可选追加.txt;backup_before_v05m_recovery_20260702_091828/tools/patches/archive/v04c1页面入口_可选追加.txt,2,290
d1ee4dd2d4b7ae983d12c71c3503f641fb89bf6314d15b01e617032df883ee4d,tools/patches/archive/v04db_别名匹配集成_可选.txt;backup_before_v05m_recovery_20260702_091828/tools/patches/archive/v04db_别名匹配集成_可选.txt,2,1322
27f9ff344883de9ccc27350cfe4d23c7d8053f6fa70fbb85dcd4354779b076d2,tools/patches/archive/v04d_别名搜索集成_可选.txt;backup_before_v05m_recovery_20260702_091828/tools/patches/archive/v04d_别名搜索集成_可选.txt,2,1267
c083ff720f1bb00cdfbe583997ec4eb148d82dcce3b2b6224991cb002d0720d7,tools/patches/archive/v04d页面增加入口_可选.txt;backup_before_v05m_recovery_20260702_091828/tools/patches/archive/v04d页面增加入口_可选.txt,2,233
cc785e4385eafac08c2855b74d202d3a16fc0d93c1e291eee4357e85b90f6962,patches/v05M_全站产品化收口中文化入口整合与核心流程重构_完整覆盖补丁_staging/app/main.py;backup_before_v05m_recovery_20260702_091828/app/main.py,2,69046
bac6f3aca1a45c63961c7ac8e829aa1f86ca99604858f5e3b595230bf952f72a,patches/v05M_全站产品化收口中文化入口整合与核心流程重构_完整覆盖补丁_staging/scripts/verify_all.py;backup_before_v05m_recovery_20260702_091828/scripts/verify_all.py,2,8722
0ff631c7b0aa51a516f1c66cc8a133ef2496b64aa9f1911748e44e6d90973563,patches/v05M_全站产品化收口中文化入口整合与核心流程重构_完整覆盖补丁_staging/app/templates/generic_form.html;backup_before_v05m_recovery_20260702_091828/app/templates/generic_form.html,2,12720
33108c975c538ae359a21ca25a81698529ab4f1b0da41111fe6078ce4c4011f6,patches/v05M_全站产品化收口中文化入口整合与核心流程重构_完整覆盖补丁_staging/app/templates/v05b_member_import.html;backup_before_v05m_recovery_20260702_091828/app/templates/v05b_member_import.html,2,5477
c33bc826538b7196523481c3af62efd69be7f06f27da2e46f5f17f2eedee93da,patches/v05M-R_异常中断恢复模板乱码与全站回归修复_完整覆盖补丁_staging/app/database.py;backup_before_v05m_recovery_20260702_091828/app/database.py,2,488
a426f1d5a667ea85f01f00b01a64de23bfc1c4aae62344cf074b3af4fc35b023,patches/v05M-R_异常中断恢复模板乱码与全站回归修复_完整覆盖补丁_staging/app/security.py;backup_before_v05m_recovery_20260702_091828/app/security.py,2,27079
ff6e26dc1581e1cd817cccf88b88b717b7e67f8e031982b10dbac3ecaab18205,patches/v05M-R_异常中断恢复模板乱码与全站回归修复_完整覆盖补丁_staging/app/v04c_review.py;backup_before_v05m_recovery_20260702_091828/app/v04c_review.py,2,38959
244afff8e655e351a659e5a8af4869895d02b0dd25c8fd0efde8852111d10397,patches/v05M-R_异常中断恢复模板乱码与全站回归修复_完整覆盖补丁_staging/app/v04f_operations.py;backup_before_v05m_recovery_20260702_091828/app/v04f_operations.py,2,38188
70891a8799ed9608a7ea842199668f574fcc5c47cbd0f45427cebc0ee960fa0e,patches/v05M-R_异常中断恢复模板乱码与全站回归修复_完整覆盖补丁_staging/app/v04h_recommendations.py;backup_before_v05m_recovery_20260702_091828/app/v04h_recommendations.py,2,5135
6759528f1eb83444be1dfeb14a00093136f3b274269b63e35e6e322524be2eec,patches/v05M-R_异常中断恢复模板乱码与全站回归修复_完整覆盖补丁_staging/app/v05b_member_import.py;backup_before_v05m_recovery_20260702_091828/app/v05b_member_import.py,2,42822
664b8eb11f2bfce06246ebb021adf431db64e328998636fc9767d98c70f0dc7c,patches/v05M-R_异常中断恢复模板乱码与全站回归修复_完整覆盖补丁_staging/app/v05d_member_portal.py;backup_before_v05m_recovery_20260702_091828/app/v05d_member_portal.py,2,52931
3a2bbe0021e9cac0a0c35f29b642b77422d40dee40f98e33e7aa857c55f588d6,patches/v05M-R_异常中断恢复模板乱码与全站回归修复_完整覆盖补丁_staging/app/v05e_intelligence.py;backup_before_v05m_recovery_20260702_091828/app/v05e_intelligence.py,2,5890
1792dbd264d0c67ff191abc949d7fe15a2c2860ab3251f8289957dee886e5a5d,patches/v05M-R_异常中断恢复模板乱码与全站回归修复_完整覆盖补丁_staging/app/v05h_reports.py;backup_before_v05m_recovery_20260702_091828/app/v05h_reports.py,2,3896
3a4354ac132aebcfc49a97dfde0c10649421a8da3b5db65afe80380b7817b297,patches/v05M-R_异常中断恢复模板乱码与全站回归修复_完整覆盖补丁_staging/app/v05j_research.py;backup_before_v05m_recovery_20260702_091828/app/v05j_research.py,2,9261
927dfac6659f912e9ee8db47e590e2883c79c9d4c4d53ac0c57f6c21e6e18f79,patches/v05M-R_异常中断恢复模板乱码与全站回归修复_完整覆盖补丁_staging/scripts/migrate_all.py;backup_before_v05m_recovery_20260702_091828/scripts/migrate_all.py,2,4586
17484c68022e0bf0280a719775fffe0118f8ea73aa8dfaef359ea794024fc55b,patches/v05M-R_异常中断恢复模板乱码与全站回归修复_完整覆盖补丁_staging/scripts/migrate_v04c.py;backup_before_v05m_recovery_20260702_091828/scripts/migrate_v04c.py,2,1245
18c91add67823da57b6994b6bfec93f0f7ba8115c6338766bb4fea745d990e24,patches/v05M-R_异常中断恢复模板乱码与全站回归修复_完整覆盖补丁_staging/scripts/migrate_v04f.py;backup_before_v05m_recovery_20260702_091828/scripts/migrate_v04f.py,2,7005
3ab4725d3238270e4b9c2619f8934aa789e7949040661aafbc4cedc372cf5bef,patches/v05M-R_异常中断恢复模板乱码与全站回归修复_完整覆盖补丁_staging/scripts/migrate_v04g.py;backup_before_v05m_recovery_20260702_091828/scripts/migrate_v04g.py,2,6236
ee9032d5952fab81c3ff551a13a49959cc784a947422a2d4a82a40283f42b182,patches/v05M-R_异常中断恢复模板乱码与全站回归修复_完整覆盖补丁_staging/scripts/migrate_v04h.py;backup_before_v05m_recovery_20260702_091828/scripts/migrate_v04h.py,2,3218
6da22f8c9cd4ada1d0998e40f9e7a917acbbf34a1703569847464d278b800ffc,patches/v05M-R_异常中断恢复模板乱码与全站回归修复_完整覆盖补丁_staging/scripts/migrate_v05a.py;backup_before_v05m_recovery_20260702_091828/scripts/migrate_v05a.py,2,1168
d069a28da06f029a124a868fc62bf44a2110441ecfd7172de4aa012187243e74,patches/v05M-R_异常中断恢复模板乱码与全站回归修复_完整覆盖补丁_staging/scripts/migrate_v05b.py;backup_before_v05m_recovery_20260702_091828/scripts/migrate_v05b.py,2,5642
0b47020bbdc482cb3e274202b0883864c58fdb444e6db4f6b397ded47f03bacb,patches/v05M-R_异常中断恢复模板乱码与全站回归修复_完整覆盖补丁_staging/scripts/migrate_v05c.py;backup_before_v05m_recovery_20260702_091828/scripts/migrate_v05c.py,2,6234
197a2138dbc4a3635c072e604adba31887c5a45e9ab3cd216cbf5d989812f4c7,patches/v05M-R_异常中断恢复模板乱码与全站回归修复_完整覆盖补丁_staging/scripts/migrate_v05d.py;backup_before_v05m_recovery_20260702_091828/scripts/migrate_v05d.py,2,8933
852a4f980db4d986a6bc164204130ef4238f70fe64f72fe1f13994a87a4038cf,patches/v05M-R_异常中断恢复模板乱码与全站回归修复_完整覆盖补丁_staging/scripts/migrate_v05e.py;backup_before_v05m_recovery_20260702_091828/scripts/migrate_v05e.py,2,4323
bed8aeefb3e498aa866dda7645b85b42ef7bd39b827f3d0459ae75aefaf1b155,patches/v05M-R_异常中断恢复模板乱码与全站回归修复_完整覆盖补丁_staging/scripts/migrate_v05h.py;backup_before_v05m_recovery_20260702_091828/scripts/migrate_v05h.py,2,8575
f0680c68f888d1d23fdf1d1a26d1789253d8041647932b8b4b9fcb0302cc54b4,patches/v05M-R_异常中断恢复模板乱码与全站回归修复_完整覆盖补丁_staging/scripts/migrate_v05i.py;backup_before_v05m_recovery_20260702_091828/scripts/migrate_v05i.py,2,5812
d60c68d4d7e69c4067df207e8b5915bb349dc6f7fed3c1b3e6b2c563dd23a090,patches/v05M-R_异常中断恢复模板乱码与全站回归修复_完整覆盖补丁_staging/scripts/migrate_v05j.py;backup_before_v05m_recovery_20260702_091828/scripts/migrate_v05j.py,2,5605
c7bb9ac60fd0bd0c16a65edb7ad42db877d020140c95b92e092835459c4a699e,patches/v05M-R_异常中断恢复模板乱码与全站回归修复_完整覆盖补丁_staging/scripts/migrate_v05kl.py;backup_before_v05m_recovery_20260702_091828/scripts/migrate_v05kl.py,2,9273
f0a9f8be5f8276061091a574d1ea9139079b70a3f2c400f12ad4a587b02148fd,patches/v05M-R_异常中断恢复模板乱码与全站回归修复_完整覆盖补丁_staging/app/services/signal_service.py;backup_before_v05m_recovery_20260702_091828/app/services/signal_service.py,2,9249
b86055d47fe71db635bd84a228e993c22ae0c4e60adc94c1046ccb709bfefdd3,patches/v05M-R_异常中断恢复模板乱码与全站回归修复_完整覆盖补丁_staging/app/services/signals/signal_generation_service.py;backup_before_v05m_recovery_20260702_091828/app/services/signals/signal_generation_service.py,2,9320
b7ed06bacc44fb8d0821d3469bc87c1c91d5ec269a8ca18495fd4d74d326704b,patches/v05M-R_异常中断恢复模板乱码与全站回归修复_完整覆盖补丁_staging/app/services/tasks/task_registry.py;backup_before_v05m_recovery_20260702_091828/app/services/tasks/task_registry.py,2,3101
e9ff95f0545ab4c13017ff60556e24f9fc06393a498aa82d5a33f72d3d9fa771,patches/v05M-R_异常中断恢复模板乱码与全站回归修复_完整覆盖补丁_staging/app/api/v1/intelligence.py;backup_before_v05m_recovery_20260702_091828/app/api/v1/intelligence.py,2,5610
303e3fb28a92d04d041d0044ff68d1080745ddc7365a3001afaf83e8e29b7d88,patches/v05M-R_异常中断恢复模板乱码与全站回归修复_完整覆盖补丁_staging/app/api/v1/research.py;backup_before_v05m_recovery_20260702_091828/app/api/v1/research.py,2,6164
0f373d2707fb07595df2db1bee70cbb7582b842deda5c006c21e2a2e6508834c,patches/v05M-R_异常中断恢复模板乱码与全站回归修复_完整覆盖补丁_staging/app/api/v1/router.py;backup_before_v05m_recovery_20260702_091828/app/api/v1/router.py,2,2429
b1137c4cb6ac8ee22d2c167e2846eaeea48d41fccadb081abda502d676e2c766,patches/v05M-R_异常中断恢复模板乱码与全站回归修复_完整覆盖补丁_staging/app/api/v1/signals.py;backup_before_v05m_recovery_20260702_091828/app/api/v1/signals.py,2,4148
02591f85b5f90873b67402dc09eabd8312c57e9e84486292ed6d6844f8a3741a,backups/code_before_v06h_20260706_145146/platform.css;backups/code_before_v06i_nav_crawl_20260706_162150/app/static/platform.css,2,25742
0082e6d62c3aa291eb8a23ac6d644a5df86cff4b11c6cd7f5dd3615a09864686,backups/code_before_v06i_intelligence_20260706_151858/routes_platform.py;backups/code_before_v06i_nav_crawl_20260706_162150/app/routes_platform.py,2,44007
4c6e67684b6e36b5d6942de44b1615735b08e0f08d448bfa944e9d342838d7e7,backups/code_before_v06i_intelligence_20260706_151858/v05f_collection.html;backups/code_before_v06i_nav_crawl_20260706_162150/app/templates/v05f_collection.html,2,9681
c8a18e5ca69927da3aa4385462da086bf1296d9336924025ecbab4b7a51a473f,backups/code_before_v06i_nav_crawl_20260706_162150/scripts/migrate_membership_person_link_v1.py;backups/code_before_v06i_intelligence_20260706_151858/scripts/migrate_membership_person_link_v1.py,2,6012
d51ee2abe7ff9d971c5d9427d6816e97068888eb1baeab8f024360a24710ade2,backups/code_before_v06i_nav_crawl_20260706_162150/scripts/migrate_user_membership_link_v1.py;backups/code_before_v06i_intelligence_20260706_151858/scripts/migrate_user_membership_link_v1.py,2,3826
4489dd02ac1b784a3821973b0f8b48bd2ee70175e3f0066ee2799c202c89c1ce,backups/code_before_v06i_nav_crawl_20260706_162150/scripts/verify_identity_link_v1.py;backups/code_before_v06i_intelligence_20260706_151858/scripts/verify_identity_link_v1.py,2,7135
6633fec869a0e661140ad8b0bb616c12704c1c98614bba3500c10cf8f029139b,backups/code_before_v06i_nav_crawl_20260706_162150/scripts/verify_membership_access_scope_v1.py;backups/code_before_v06i_intelligence_20260706_151858/scripts/verify_membership_access_scope_v1.py,2,6657
6975196312a2a00bf728995f1e97a5494ba77dc9671ce239b9a505d30deb4c4d,backups/code_before_v06i_nav_crawl_20260706_162150/scripts/verify_navigation_product_shell_v1.py;backups/code_before_v06i_intelligence_20260706_151858/scripts/verify_navigation_product_shell_v1.py,2,4462
dc83a063689fccd86cc699bb083b2602492fcf2119d144d451a7c9126863b831,backups/code_before_v06i_nav_crawl_20260706_162150/scripts/verify_p0_stability_v1.py;backups/code_before_v06i_intelligence_20260706_151858/scripts/verify_p0_stability_v1.py,2,3588
07753fee101023949baf6069b6ec22909e23470d6f76af16cd8a5be305a0b59f,backups/code_before_v06i_nav_crawl_20260706_162150/scripts/verify_product_recovery_v1.py;backups/code_before_v06i_intelligence_20260706_151858/scripts/verify_product_recovery_v1.py,2,11538
221c187efdb05a5d78935cf8f5b2f37b1b298eaef8293aed0913321c91061a3d,backups/code_before_v06i_nav_crawl_20260706_162150/scripts/verify_product_usability_v1.py;backups/code_before_v06i_intelligence_20260706_151858/scripts/verify_product_usability_v1.py,2,9877
53b03d43eb3379ff1e0d0a81d6b7ea5a7b820578680697f6439cef1d2e3948fd,backups/code_before_v06i_nav_crawl_20260706_162150/scripts/verify_user_membership_link_v1.py;backups/code_before_v06i_intelligence_20260706_151858/scripts/verify_user_membership_link_v1.py,2,8620
15de983b2fd939583777cae7cbba7f6aff8e6d26c90f05e8617528b88e3eeeef,backups/code_before_v06i_nav_crawl_20260706_162150/app/services/navigation_service.py;backups/code_before_v06i_intelligence_20260706_151858/services/navigation_service.py,2,6190
52f1f8b7d9e1d8a06ce248ffdd3ec53df8e638f498fc6f20ab9a001b19ba932b,backups/code_before_v06i_nav_crawl_20260706_162150/app/templates/platform/intelligence.html;app/templates/platform/intelligence.html,2,3058
047a4fab281f4726aca2d2ae75e50c97de7b60dbee3162d6156489466ab9829a,backups/code_before_v06i_nav_crawl_20260706_162150/app/templates/platform/opportunities.html;app/templates/platform/opportunities.html,2,3071
267a893655b1fc8d7854ee431b4d733e5b7f86b0e8995f8a8f5b940005bd45f3,backups/code_before_v06i_nav_crawl_20260706_162150/app/templates/platform/resources.html;app/templates/platform/resources.html,2,2937
afce00e1123f1d7247e1e8c9c325fce36df9fe5fa43f9f4ab1c843594ce4366d,backups/code_before_v06i_intelligence_20260706_151858/services/authorization_service.py;app/services/authorization_service.py,2,21455
591cf5b612813825f597c944bcd97dff247b9269d7b1177cfcb31a7608702593,backups/code_before_v06i_intelligence_20260706_151858/services/intelligence_flow_service.py;backups/code_before_v06e_20260706_115352/app/services/intelligence_flow_service.py,2,16277
ea6efcf21a13aa29d20538069a3cfc43f4f315eb9602a586bec767fdabe3c6c9,backups/code_before_v06i_intelligence_20260706_151858/services/membership_access_service.py;app/services/membership_access_service.py,2,7017
bba22e19121cc3d1b0cf685c52f591ce11d7adeb8c5462a03f7244c034ae36c2,backups/code_before_v06i_intelligence_20260706_151858/services/organization_access_service.py;app/services/organization_access_service.py,2,22681
23641320d956036739d14ea0bbbec158479df11b8659f52ecfcced585087008e,backups/code_before_v06i_intelligence_20260706_151858/services/platform_service.py;app/services/platform_service.py,2,38805
b85490b9293479bdf585b78fd80326aadea7ade42f46fcaa810166ba8ec388ef,backups/code_before_v06i_intelligence_20260706_151858/services/search_service.py;app/services/search_service.py,2,1500
b5558c7c86a4deaf29cc7bb63c85d3101bdaff0df5ed5afb031874d53f933b67,backups/code_before_v06i_intelligence_20260706_151858/services/signal_service.py;backups/code_before_v06e_20260706_115352/app/services/signal_service.py,2,10320
ecca8f7887b4f9bc38bf4e5879402555bf146606b2bf6d065eab607a24b2ad54,backups/code_before_v06i_intelligence_20260706_151858/services/unified_search_service.py;app/services/unified_search_service.py,2,3156
cd092f4a19971096dca7efd728a596f52f8a44f2cd6e881d699a682d70e0a4bf,backups/code_before_v06i_intelligence_20260706_151858/services/processing/entity_extraction_service.py;app/services/processing/entity_extraction_service.py,2,7318
5da574a575d7d09ac8ecb03f3bac2dd00a5a25b59ee5ad9cd3acadad1e3c36ee,backups/code_before_v06f_20260706_130354/app/navigation.py;backups/code_before_v06e_20260706_115352/app/navigation.py,2,275
6c8c8e91104890dc65f7aca9aaa6dfd8a295cd80a16e8f80de74e5722a3482f2,backups/code_before_v06f_20260706_130354/app/templates/platform/admin.html;backups/code_before_v06f_20260706_130354/app/templates/templates/platform/admin.html,2,2948
50b4d68539e90e637ab5b6fae8275ee7f43ae20362c4c1f3fea616b300dbce48,backups/code_before_v06f_20260706_130354/app/templates/platform/admin_organizations.html;backups/code_before_v06f_20260706_130354/app/templates/templates/platform/admin_organizations.html,2,2819
b381deba3e09d12baefe1d4dbe90e5fa87f444d12db8c0d4ee92aa8b4aa4bc9c,backups/code_before_v06f_20260706_130354/app/templates/platform/admin_people.html;backups/code_before_v06f_20260706_130354/app/templates/templates/platform/admin_people.html,2,2536
12f2fe70de695cd3e537758363f0cd82d487097a525c4571ad78eb1b409e2557,backups/code_before_v06f_20260706_130354/app/templates/platform/intelligence_operations.html;backups/code_before_v06f_20260706_130354/app/templates/templates/platform/intelligence_operations.html,2,2792
d5a0fac20a050e646bfa5fcb4a8520f50524c14226934e17a4394eef1e0e89da,backups/code_before_v06f_20260706_130354/app/templates/templates/base.html;backups/code_before_v06e_20260706_115352/app/templates/base.html,2,3998
d27ddc9ba80094fecb411b0f5cf0104892a82d31c8b62e551b6ce994bccec230,backups/code_before_v06f_20260706_130354/app/templates/templates/v04f_club.html;backups/code_before_v06e_20260706_115352/app/templates/v04f_club.html,2,19940
75b049289f1da4ff29adaa6eacb557229813a6b019cce280b921bfb16389b31b,backups/code_before_v06f_20260706_130354/app/templates/templates/v05d_member_portal.html;backups/code_before_v06e_20260706_115352/app/templates/v05d_member_portal.html,2,9701
35ea74b07e0dc25deecbf3586786d8ae9c2066d488f600750f3610eba7c537d0,backups/code_before_v06e_20260706_115352/app/platform/__init__.py;app/platform/__init__.py,2,37
fe3e436681453074657adc4f24b5a79548d8e86131b7f54e4e26f9a25b0d364e,backups/code_before_v06e_20260706_115352/app/api/v1/clubs.py;app/api/v1/clubs.py,2,1219
19138ce4e21d791472fcc9091ea0293acef448927c8b89b23ad5789e01e528eb,backups/code_before_v06e_20260706_115352/app/api/v1/network.py;app/api/v1/network.py,2,3298
318bc7465b3b8dd3e27ba5c3437a731e3936753844a3ec95862b7f03b6a6f3e6,artifacts/screenshots/v06h_resources_1440.png;artifacts/screenshots/v06i_nav_resources.png,2,98384
d46c2b4b6e529627c206b339c2f036b98813d13a4d60d548b7ea802402b713d3,artifacts/screenshots/v06i_crawl_sources.png;artifacts/screenshots/v06i_nav_collection_sources.png,2,125315
