path,size,sha256,category,risk_level,reference_evidence,replacement,recommended_action,reason,rollback_source
.env,356,2b0dc3809caafc3a85ff204014437b4efb28cf72c6ca8fc3b094f97b874ead5a,S3,高,,,验证,需进一步验证,Git
.env.example,335,42d0695eb7b700fa74adb454deabf4411c0d44b3795c70acb59a057fb76a1a4e,S3,高,,,验证,需进一步验证,Git
AGENTS.md,3348,53351b72db40a09b007997c3b062740335a9d078e1d8b5a934a28cf1626e2286,S3,高,,,验证,需进一步验证,Git
backup_windows.bat,455,b87c67233b71a33cbe3d8c59895ba745b146a7c64c3c7ee67ff1bd81b4ecb5d5,S3,高,,,验证,需进一步验证,Git
check_account.py,1538,7f6b64c1e736d46ddd013e48149bb4a366431a382cc8f893ec79438d3b583d30,S3,高,,,验证,需进一步验证,Git
check_account_windows.bat,251,24db6c36d17dfb817e22411f11f8bac082f902994e222cf95c63a0211c0dc656,S3,高,,,验证,需进一步验证,Git
KNOWN_ISSUES.md,1178,99279e01d5e6a3278bb1ac9a9958e82d4bcee1b8a5cc6d60b2cd135de0920bec,S3,高,,,验证,需进一步验证,Git
migrate_all_windows.bat,491,c40ac47da9162036997f1017fac40b97aba554677e2b23c22a203189e84a2ce5,S3,高,,,验证,需进一步验证,Git
migrate_platform_mvp_v1.bat,599,e2cbf3fa2d55e711ad0d3ea69149d291c2ce335e482ca68e7311502c83a31f1e,S3,高,,,验证,需进一步验证,Git
migrate_v05c_windows.bat,547,15804ed952932fabe918a6f3394bd9bccd5dc54b805612a7a1921ae1066b89a3,S3,高,,,验证,需进一步验证,Git
migrate_v05d_windows.bat,431,a6c3da3a6ffcf80ccff6c3066a7a19831614e60894ac775f0031c1c528dcbd48,S3,高,,,验证,需进一步验证,Git
migrate_v05e_windows.bat,612,1d065a0e95e93c09eb4452095eff9eb054de80c1db81bbc2bac1372ddb78aeeb,S3,高,,,验证,需进一步验证,Git
migrate_v05f_windows.bat,589,b1173fecffc1cceacea951846acdf0f209c7f637de62e1369e458e1e72c6a042,S3,高,,,验证,需进一步验证,Git
migrate_v05g_windows.bat,311,c97098f9c6da532ccac135d4bcb1f3ae2724f4387f3a6431a2f4d69b4aa6be87,S3,高,,,验证,需进一步验证,Git
migrate_v05h_windows.bat,240,1d9872613ca0d202ebed4314e0a264a8716db4e4f6cdde6a6d84456a7cbcc91c,S3,高,,,验证,需进一步验证,Git
migrate_v05i_windows.bat,81,200b003264ea89c233ff38c7084e067e2aec0a2f77c7b6ac06f153c5aa1d6661,S3,高,,,验证,需进一步验证,Git
migrate_v05j_windows.bat,81,638920419767eab22e12f5d080a9953624c2b2292e1daaeb6223b2a394e7e2af,S3,高,,,验证,需进一步验证,Git
migrate_v05kl_windows.bat,82,ca928f60d925726985a06a7cb2a525b6fa4c3a3be09456bbbf7d9c08c8d4db50,S3,高,,,验证,需进一步验证,Git
PROJECT_STATUS.md,1538,b639229eb4398ea86a77ed0b208a587a3d6c79954904f64da49ebf9cf298d541,S3,高,,,验证,需进一步验证,Git
project_tools_windows.bat,4311,8eb9c088a778a64c2a7d32a3f66330c594f16e7106ecd5d331743bd613d69127,S3,高,,,验证,需进一步验证,Git
pytest.ini,56,2ca1e76772b76222caadb20746bb1ca43e818a363b5fce94097f1d90625d7a41,S3,高,,,验证,需进一步验证,Git
README.md,2208,c6f7850cfc050baedfcb0ad6498fba11ff1be07528ffda1c2d6a6b84a37b43da,S3,高,,,验证,需进一步验证,Git
requirements-dev.txt,14,b4a94e3a7daa7e0ded26a84df1d84b199dedabe79260603e466394ceaf38e043,S3,高,,,验证,需进一步验证,Git
requirements.txt,262,3b8c82bc848499334c6c0871ae4198696056c13a6284beda7cbc7480732acf52,S3,高,,,验证,需进一步验证,Git
run_collection_once_windows.bat,648,32a96364a1a20ea9e5060bcb528c8589ce3a835eb0ba6fedef5482e1eddf3c98,S3,高,,,验证,需进一步验证,Git
run_collection_worker_windows.bat,643,c12351f64341cd2db9d153674b7997aee6b298a8d9513b27c54923ab78e8872b,S3,高,,,验证,需进一步验证,Git
run_monitoring_once_windows.bat,565,6a9ecfd979ecadd1435cf7c53f2e9df52dd541a82718a88af37f103c928beca3,S3,高,,,验证,需进一步验证,Git
run_pipeline_once_windows.bat,103,bb1698ddbc096b0467e2fc89e4a7779a35ddc33bab90530eb2fbc94c1a063e3b,S3,高,,,验证,需进一步验证,Git
run_pipeline_worker_windows.bat,118,eb6ed6f24c6a85042d95097fc0ab292dbc2a6856521d41ee839bb5c47f21107f,S3,高,,,验证,需进一步验证,Git
run_processing_once_windows.bat,422,920170abbbca451d5a63244fb58ff040761525b644f0ce5681e92a40ab556ccc,S3,高,,,验证,需进一步验证,Git
run_processing_worker_windows.bat,330,baa83570c7c96d0cc95f647629ed1b9788263abd2cb78e43391c3fa516e01c62,S3,高,,,验证,需进一步验证,Git
run_report_once_windows.bat,275,d24cd4db6574b32ba7464596ef2e235bc77514f1deb9cf683e4e80100c6329bf,S3,高,,,验证,需进一步验证,Git
run_signal_once_windows.bat,311,254dbc67b0d9d3e7e4c65e50a0d0f206780f9811bfd5a241e82cfe86e6d3771d,S3,高,,,验证,需进一步验证,Git
run_windows.bat,40,03c41713ded6a85fda697b9f5b9009cab6445fcb8fbacd949f663c81a2b4bdb1,S3,高,,,验证,需进一步验证,Git
seed_demo_platform_v1.bat,929,97fcbf489c1056d934814824f205edbb9f04951ce6024b8f4952629b9f6066a7,S3,高,,,验证,需进一步验证,Git
setup_windows.bat,1282,68355aa916c1371e797db1403ef77a93db329a3e4ed04991c06595c11dfac88e,S3,高,,,验证,需进一步验证,Git
start_all_windows.bat,147,7e3d0ebcf85b562d85b56892e2b72e27b87428de5dd24db34c4749ec5396d473,S3,高,,,验证,需进一步验证,Git
start_scheduler_windows.bat,506,32ea924c19be32733c926169d4efee8a44050fff9f6d557e579c6d1eb170a9d2,S3,高,,,验证,需进一步验证,Git
start_web_windows.bat,1221,7653ca6fda06278643ef2eb7067e04c8b0dbeef87308b6d242026e86c6be11e2,S3,高,,,验证,需进一步验证,Git
start_windows.bat,1337,4332896eda85b642770e035a429efc07dfaf5298a150b7661116f85bb186560c,S3,高,,,验证,需进一步验证,Git
start_worker_windows.bat,510,87393f3096707f4061c431caae7b5354bb7b20c42a6679bd107e55cb14a4e1c8,S3,高,,,验证,需进一步验证,Git
status_windows.bat,562,c928e4a253621b1810b5ef859f3907579e834aa496b84b778a788a8cba0ca856,S3,高,,,验证,需进一步验证,Git
stop_all_windows.bat,591,7964dd450cad60d002dc3d2c79fc2362585cc11b0b1d1b0d52dc1b4f24b67b0c,S3,高,,,验证,需进一步验证,Git
verify_all_windows.bat,501,b97dff5d0520daf1467a06cb4361f795c2f4858b852ac0533b47a6fbd07bbbfa,S3,高,,,验证,需进一步验证,Git
verify_intelligence_full_chain_windows.bat,547,955efdff34e2586e65a51ed05a8574d1b13e4b41fe2fa8d5b6d3f9dab1f700fa,S3,高,,,验证,需进一步验证,Git
verify_platform_mvp_v1.bat,753,3ca98ef460207f4ed28f22509b42da5bb61224ae01fff728a2f5c59d226de3c8,S3,高,,,验证,需进一步验证,Git
verify_v05c_windows.bat,554,ed58cb39b4128f17b38ccd7f09df2f11d2214b9c11db3255dc520c0c8e0ab3a8,S3,高,,,验证,需进一步验证,Git
verify_v05d_windows.bat,430,5bce2e33333926fd2d0436890f0126ebb6a5a6ea193fe7872b6f8361ebdd58c5,S3,高,,,验证,需进一步验证,Git
verify_v05e_windows.bat,611,3a599fb691ba7eb6e317b038e132a4428bee65f5721aa6b9e3e8f7cc7319c6f5,S3,高,,,验证,需进一步验证,Git
verify_v05f_windows.bat,588,a6f0a68ac0cad770a6910321ca73ab5dc88ec708750cf03ecf56a56827dda7b9,S3,高,,,验证,需进一步验证,Git
verify_v05g_windows.bat,318,82f8c19b940ea6cecc0eaa4ca0fd6f99319f42786431fef28e6cd9a4a0474d59,S3,高,,,验证,需进一步验证,Git
verify_v05h_windows.bat,241,0bb1ee8770efe621ac23d5511ddb4c4f17562649dde3a9967415819a36238182,S3,高,,,验证,需进一步验证,Git
verify_v05i_windows.bat,80,8427c50faa1fa9be73a0fbe11f9242414844f04fd0ca951b2561799886bed1c8,S3,高,,,验证,需进一步验证,Git
verify_v05j_windows.bat,80,c7afc7c934af1c10fb46b620be31728c88e08e97a53dcafe0476e4e8a7a614c3,S3,高,,,验证,需进一步验证,Git
verify_v05kl_windows.bat,184,7611162f2db631454d6acf9a4ed390e83f49ded6892f4721c723d6d40560f2c6,S3,高,,,验证,需进一步验证,Git
verify_v05m_windows.bat,458,8f6c4e4383c3e7ea2091caedb04483a910f1f388d429506d4710a7482031606a,S3,高,,,验证,需进一步验证,Git
app/analyzer.py,10616,c5dca7fd8bba5df94d079ed2a14e70d924f2c78fc66a7b16aa19e355fc2e0c08,S3,高,,,验证,未引用模块需验证,Git
app/crud_config.py,9928,60b7383e523c264bf6e91a8b0ce15b547ca5be0e661f804a3d584d4e50b13b6c,S3,高,,,验证,未引用模块需验证,Git
app/database.py,942,d69492b702c421fd3e49fe781f2fb63c1af9f43dcde8968e5ea3a719e347d282,S3,高,,,验证,未引用模块需验证,Git
app/entity_analyzer.py,11109,a3db5f980ad3ab71a2aae03ea7b3cb3473698c5f69feb3c4e9533dab11db7a57,S3,高,,,验证,未引用模块需验证,Git
app/identity.py,4497,530c32d136a84b02689317e1d4e629a19f718e1036b06891afafc37d336222b7,S3,高,,,验证,未引用模块需验证,Git
app/main.py,72179,715a8bfedc865b4972fbde8073d2e4cf5474667cae3da14e7de524bc1f6df3c9,S3,高,,,验证,未引用模块需验证,Git
app/models.py,16526,99d3e3aa5e735de71ef74db0605e76bd2c4298f7e8e22e0e8fcd754fae6ed1d3,S3,高,,,验证,未引用模块需验证,Git
app/models_platform.py,14704,28ba2683c63e91ba9e72919e087253bc959a4856632af006e8e360fac28fafc8,S3,高,,,验证,未引用模块需验证,Git
app/navigation.py,272,8f5464c6b4467742824a2a2d5c8db6599e87b25e9457eb273d4571a193bcb86c,S3,高,,,验证,未引用模块需验证,Git
app/paste_router.py,5651,907371afd69c4ca643f315bd75164d15c1d0390e746d27029393283cdf76c8d2,S3,高,,,验证,未引用模块需验证,Git
app/routes_platform.py,45103,8c10b7f8eaea1fa81563997ce87d05785aa287f59273f6c438d166c7eee6385c,S3,高,,,验证,未引用模块需验证,Git
app/security.py,31260,d2860e9fbddfd8dcd82bea460d58c33e8fa08346b7a0ff72b220496c813f8a2b,S3,高,,,验证,未引用模块需验证,Git
app/settings.py,2858,967c068725fafe7d83f913089353cbbc9d588f4f75bc32b7d659bce7e0b3e3fc,S3,高,,,验证,未引用模块需验证,Git
app/v04c1_ingestion.py,65296,7fc4bccd9dfdbd8034384863bb6140eac5ad6e91be89e9abd808d342acd63fb0,S3,高,,,验证,旧业务模块,Git
app/v04c_review.py,38695,0de37dd72f106d95bae22ea9a037d45129611b59302a6d6b5acc508aa56381d3,S3,高,,,验证,旧业务模块,Git
app/v04db_prestructure.py,47343,6c65b49b9e59c8dc5383b7e4e3b8c26e48f4cb6942f4a8ba606e0b343122e712,S3,高,,,验证,旧业务模块,Git
app/v04d_structuring.py,48276,f61d26cc838566cfd386792935b4bcc1a5db5e768bb7964f555ccad8aac37a04,S3,高,,,验证,旧业务模块,Git
app/v04e_entity_resolution.py,36393,7fdcf019dc4075fff55f468d04438c6015f9b05224f0cb18a42fbea2b9eec6d6,S3,高,,,验证,旧业务模块,Git
app/v04f_operations.py,41782,b7848ef97c136590992f378f35f7c70e49d55330049db0fc460c34ae0d81cd55,S3,高,,,验证,旧业务模块,Git
app/v04g_monitoring.py,5741,341d2bd59356b7b9d7cf897800e66bab5c6c35e0de491b0e399dc63d82b46344,S3,高,,,验证,旧业务模块,Git
app/v04h_recommendations.py,5152,99155b529a31b1663ac932314fcc52dfdd8f089fbf675335fdd08f0e44c71442,S3,高,,,验证,旧业务模块,Git
app/v05a_security.py,12584,8101dcbe94a3fdf4913d2fbd29eacca3db6ae58f332af3b4f98d8fc354e16503,S3,高,,,验证,旧业务模块,Git
app/v05b_member_import.py,42849,8a6e80f2b10a62a957da2d68867480ac8966330f3b03aab8cb45c9f1844e9e3e,S3,高,,,验证,旧业务模块,Git
app/v05c_club_events.py,27821,8401d37ea48b1ff05274ba397970dd6b3a4fe4682d2cf00aeabcd284256ffaa9,S3,高,,,验证,旧业务模块,Git
app/v05d_member_portal.py,60863,1546bce2e58a844bd61765bde3b95196ee450707f5c4884264c4ff048bdfd569,S3,高,,,验证,旧业务模块,Git
app/v05e_intelligence.py,6415,c918d74bfd58ad47c5b6d2a96571016b9fc50df4ec62ec791bfa3eff00f37374,S3,高,,,验证,旧业务模块,Git
app/v05f_collection.py,6843,3ea19b886b45abc56e2ec21f0949c25c3c3efa27f835d4a09d6e3aee8e22eddc,S3,高,,,验证,旧业务模块,Git
app/v05g_processing.py,5431,e9c674e49aa1cd33382258d3cf70add2172f10e1d0f89c1f138fd750d2c0087b,S3,高,,,验证,旧业务模块,Git
app/v05h_reports.py,3927,fc3430feeec5b917e265f635b279641fcc1060bea850dee98457821581a6b642,S3,高,,,验证,旧业务模块,Git
app/v05i_pipeline.py,4489,3d08a63fbd3b1ad6c3dc753b2a0eabb43ecb844511053b92511b7414420dfcc3,S3,高,,,验证,旧业务模块,Git
app/v05j_research.py,9501,c537e30cbe34d60dcc7e27fa9dcfb2a706a6768a6ac98e0590c025ba6ce7cbb0,S3,高,,,验证,旧业务模块,Git
app/v05kl_operations.py,3382,d990b4285178d83a39c12b9730df61b9ace28575d0b674078edacd8dab30f703,S3,高,,,验证,旧业务模块,Git
app/web_extractor.py,6815,57f630575d0cd62b32a1ad6e27b1e7e0795e74a39fd3c7c9f1129a7f014bba7b,S3,高,,,验证,未引用模块需验证,Git
app/__init__.py,0,e3b0c44298fc1c149afbf4c8996fb92427ae41e4649b934ca495991b7852b855,S1,低,,,删除,空文件,Git
artifacts/existing_capabilities_v06e.json,8192,fd4dc9eaa02e3de2c89b3110c537e6f6bf5288141b2fb9092712262a4325bb1e,S3,高,,,验证,需进一步验证,Git
artifacts/foreign_key_issues_v06d.csv,5173,7c0bba38921673f67c3e23b6edea20f77e62faa8fd05b3ca635d59235b9449cf,S3,高,,,验证,需进一步验证,Git
artifacts/foreign_key_issues_v06d.json,10627,70ee8f0ddc5c8fd7e57d44d4f2960432ccd2214a876fd2d96061cb6e08b3138b,S3,高,,,验证,需进一步验证,Git
artifacts/v06d_after_manifest.json,2725,8a474b02946522982388f2271906056a2cc058158a7fc6aeef072d63321fd1b6,S3,高,,,验证,需进一步验证,Git
artifacts/v06d_before_manifest.json,52530,80b24d606162beb0bedcc1baa6da5622df076e9f2584d75c7676a0b670884ad4,S3,高,,,验证,需进一步验证,Git
artifacts/v06e_after_manifest.json,2669,989bb508b492d23682e864dec3f24609a0349a5ed9c1103ed152bf7b94c2cbc6,S3,高,,,验证,需进一步验证,Git
artifacts/v06e_before_manifest.json,81082,6b29eed787d94e2ace877cd0ca162281e09823ea742330f129775eca74fca91a,S3,高,,,验证,需进一步验证,Git
artifacts/v06e_data_visibility.json,991,b589d1ea33e4722d666219d2f983715688b9571735d97a1e32110513da7c454e,S3,高,,,验证,需进一步验证,Git
artifacts/v06h_after_manifest.json,3090,1d2307cade8337925e8eb2aa15c3ca0d51bfe7cca45536cd8774a127a7cc52f9,S3,高,,,验证,需进一步验证,Git
artifacts/v06h_before_manifest.json,6219,762eeb5ac73a4f3e8f92b8a2f83c845b86776231fbdc6181fd054e4cec2ff3fa,S3,高,,,验证,需进一步验证,Git
artifacts/v06i_intelligence_after_manifest.json,2570,f93efb099d9f5c3d6cccdb3f6178aa48ab1885feaa4000176e2d67917d8284cb,S3,高,,,验证,需进一步验证,Git
artifacts/v06i_intelligence_before_manifest.json,112557,8e75561b31054d6e2f3721a364cd3a4645bdd1b7ea62bbf623044cda86f0513c,S3,高,,,验证,需进一步验证,Git
artifacts/v06i_intelligence_chain_map.json,5113,e96ad6b82c3971679d17133e23abbca7a7d52c93e355eb96d4f3b1692e386e30,S3,高,,,验证,需进一步验证,Git
artifacts/v06i_nav_crawl_before_manifest.json,73717,cbdfc91d289d1d1a99f930625dab55c085526b6d5ace4a3902645ccf8951c3a2,S3,高,,,验证,需进一步验证,Git
artifacts/v06i_nav_crawl_screenshot_manifest.json,5045,b0db2dcafcd9a4fbc0cd8d44e13794bed3fc99a5401d15fad02b445d780771d1,S3,高,,,验证,需进一步验证,Git
artifacts/v06i_nav_crawl_smoke.json,2233,289da02f43d54647ca510d71ae1e2388df9b6abea09d7a7a3fad1bb86daa4e0c,S3,高,,,验证,需进一步验证,Git
artifacts/v06i_screenshot_manifest.json,3886,2a958eedc71f9feea64f05cb24766aed0d18a898945c14269661c376d53e24ab,S3,高,,,验证,需进一步验证,Git
backup_before_v05m_recovery_20260702_091828/AGENTS.md,3348,53351b72db40a09b007997c3b062740335a9d078e1d8b5a934a28cf1626e2286,S3,高,,,验证,需进一步验证,Git
backup_before_v05m_recovery_20260702_091828/backup_windows.bat,455,b87c67233b71a33cbe3d8c59895ba745b146a7c64c3c7ee67ff1bd81b4ecb5d5,S3,高,,,验证,需进一步验证,Git
backup_before_v05m_recovery_20260702_091828/check_account_windows.bat,251,24db6c36d17dfb817e22411f11f8bac082f902994e222cf95c63a0211c0dc656,S3,高,,,验证,需进一步验证,Git
backup_before_v05m_recovery_20260702_091828/file_hashes_before_v05m_recovery.csv,27944,1ff8ab1e3ac55d32563c3bca504294d0a3332a65377bfb9619526f406b31c980,S3,高,,,验证,需进一步验证,Git
backup_before_v05m_recovery_20260702_091828/migrate_all_windows.bat,491,c40ac47da9162036997f1017fac40b97aba554677e2b23c22a203189e84a2ce5,S3,高,,,验证,需进一步验证,Git
backup_before_v05m_recovery_20260702_091828/migrate_v05c_windows.bat,547,15804ed952932fabe918a6f3394bd9bccd5dc54b805612a7a1921ae1066b89a3,S3,高,,,验证,需进一步验证,Git
backup_before_v05m_recovery_20260702_091828/migrate_v05d_windows.bat,431,a6c3da3a6ffcf80ccff6c3066a7a19831614e60894ac775f0031c1c528dcbd48,S3,高,,,验证,需进一步验证,Git
backup_before_v05m_recovery_20260702_091828/migrate_v05e_windows.bat,612,1d065a0e95e93c09eb4452095eff9eb054de80c1db81bbc2bac1372ddb78aeeb,S3,高,,,验证,需进一步验证,Git
backup_before_v05m_recovery_20260702_091828/migrate_v05f_windows.bat,589,b1173fecffc1cceacea951846acdf0f209c7f637de62e1369e458e1e72c6a042,S3,高,,,验证,需进一步验证,Git
backup_before_v05m_recovery_20260702_091828/migrate_v05g_windows.bat,311,c97098f9c6da532ccac135d4bcb1f3ae2724f4387f3a6431a2f4d69b4aa6be87,S3,高,,,验证,需进一步验证,Git
backup_before_v05m_recovery_20260702_091828/migrate_v05h_windows.bat,240,1d9872613ca0d202ebed4314e0a264a8716db4e4f6cdde6a6d84456a7cbcc91c,S3,高,,,验证,需进一步验证,Git
backup_before_v05m_recovery_20260702_091828/migrate_v05i_windows.bat,81,200b003264ea89c233ff38c7084e067e2aec0a2f77c7b6ac06f153c5aa1d6661,S3,高,,,验证,需进一步验证,Git
backup_before_v05m_recovery_20260702_091828/migrate_v05j_windows.bat,81,638920419767eab22e12f5d080a9953624c2b2292e1daaeb6223b2a394e7e2af,S3,高,,,验证,需进一步验证,Git
backup_before_v05m_recovery_20260702_091828/migrate_v05kl_windows.bat,82,ca928f60d925726985a06a7cb2a525b6fa4c3a3be09456bbbf7d9c08c8d4db50,S3,高,,,验证,需进一步验证,Git
backup_before_v05m_recovery_20260702_091828/project_tools_windows.bat,4311,8eb9c088a778a64c2a7d32a3f66330c594f16e7106ecd5d331743bd613d69127,S3,高,,,验证,需进一步验证,Git
backup_before_v05m_recovery_20260702_091828/run_collection_once_windows.bat,648,32a96364a1a20ea9e5060bcb528c8589ce3a835eb0ba6fedef5482e1eddf3c98,S3,高,,,验证,需进一步验证,Git
backup_before_v05m_recovery_20260702_091828/run_collection_worker_windows.bat,643,c12351f64341cd2db9d153674b7997aee6b298a8d9513b27c54923ab78e8872b,S3,高,,,验证,需进一步验证,Git
backup_before_v05m_recovery_20260702_091828/run_monitoring_once_windows.bat,565,6a9ecfd979ecadd1435cf7c53f2e9df52dd541a82718a88af37f103c928beca3,S3,高,,,验证,需进一步验证,Git
backup_before_v05m_recovery_20260702_091828/run_pipeline_once_windows.bat,103,bb1698ddbc096b0467e2fc89e4a7779a35ddc33bab90530eb2fbc94c1a063e3b,S3,高,,,验证,需进一步验证,Git
backup_before_v05m_recovery_20260702_091828/run_pipeline_worker_windows.bat,118,eb6ed6f24c6a85042d95097fc0ab292dbc2a6856521d41ee839bb5c47f21107f,S3,高,,,验证,需进一步验证,Git
backup_before_v05m_recovery_20260702_091828/run_processing_once_windows.bat,422,920170abbbca451d5a63244fb58ff040761525b644f0ce5681e92a40ab556ccc,S3,高,,,验证,需进一步验证,Git
backup_before_v05m_recovery_20260702_091828/run_processing_worker_windows.bat,330,baa83570c7c96d0cc95f647629ed1b9788263abd2cb78e43391c3fa516e01c62,S3,高,,,验证,需进一步验证,Git
backup_before_v05m_recovery_20260702_091828/run_report_once_windows.bat,275,d24cd4db6574b32ba7464596ef2e235bc77514f1deb9cf683e4e80100c6329bf,S3,高,,,验证,需进一步验证,Git
backup_before_v05m_recovery_20260702_091828/run_signal_once_windows.bat,311,254dbc67b0d9d3e7e4c65e50a0d0f206780f9811bfd5a241e82cfe86e6d3771d,S3,高,,,验证,需进一步验证,Git
backup_before_v05m_recovery_20260702_091828/run_windows.bat,40,03c41713ded6a85fda697b9f5b9009cab6445fcb8fbacd949f663c81a2b4bdb1,S3,高,,,验证,需进一步验证,Git
backup_before_v05m_recovery_20260702_091828/setup_windows.bat,1282,68355aa916c1371e797db1403ef77a93db329a3e4ed04991c06595c11dfac88e,S3,高,,,验证,需进一步验证,Git
backup_before_v05m_recovery_20260702_091828/start_all_windows.bat,147,7e3d0ebcf85b562d85b56892e2b72e27b87428de5dd24db34c4749ec5396d473,S3,高,,,验证,需进一步验证,Git
backup_before_v05m_recovery_20260702_091828/start_scheduler_windows.bat,506,32ea924c19be32733c926169d4efee8a44050fff9f6d557e579c6d1eb170a9d2,S3,高,,,验证,需进一步验证,Git
backup_before_v05m_recovery_20260702_091828/start_web_windows.bat,1154,4228f6a0286b12e9a37008c73fc028b002fc8f2181d4c6c25f9c2aba81290c6d,S3,高,,,验证,需进一步验证,Git
backup_before_v05m_recovery_20260702_091828/start_windows.bat,1337,4332896eda85b642770e035a429efc07dfaf5298a150b7661116f85bb186560c,S3,高,,,验证,需进一步验证,Git
backup_before_v05m_recovery_20260702_091828/start_worker_windows.bat,510,87393f3096707f4061c431caae7b5354bb7b20c42a6679bd107e55cb14a4e1c8,S3,高,,,验证,需进一步验证,Git
backup_before_v05m_recovery_20260702_091828/status_windows.bat,562,c928e4a253621b1810b5ef859f3907579e834aa496b84b778a788a8cba0ca856,S3,高,,,验证,需进一步验证,Git
backup_before_v05m_recovery_20260702_091828/stop_all_windows.bat,591,7964dd450cad60d002dc3d2c79fc2362585cc11b0b1d1b0d52dc1b4f24b67b0c,S3,高,,,验证,需进一步验证,Git
backup_before_v05m_recovery_20260702_091828/verify_all_windows.bat,501,b97dff5d0520daf1467a06cb4361f795c2f4858b852ac0533b47a6fbd07bbbfa,S3,高,,,验证,需进一步验证,Git
backup_before_v05m_recovery_20260702_091828/verify_v05c_windows.bat,554,ed58cb39b4128f17b38ccd7f09df2f11d2214b9c11db3255dc520c0c8e0ab3a8,S3,高,,,验证,需进一步验证,Git
backup_before_v05m_recovery_20260702_091828/verify_v05d_windows.bat,430,5bce2e33333926fd2d0436890f0126ebb6a5a6ea193fe7872b6f8361ebdd58c5,S3,高,,,验证,需进一步验证,Git
backup_before_v05m_recovery_20260702_091828/verify_v05e_windows.bat,611,3a599fb691ba7eb6e317b038e132a4428bee65f5721aa6b9e3e8f7cc7319c6f5,S3,高,,,验证,需进一步验证,Git
backup_before_v05m_recovery_20260702_091828/verify_v05f_windows.bat,588,a6f0a68ac0cad770a6910321ca73ab5dc88ec708750cf03ecf56a56827dda7b9,S3,高,,,验证,需进一步验证,Git
backup_before_v05m_recovery_20260702_091828/verify_v05g_windows.bat,318,82f8c19b940ea6cecc0eaa4ca0fd6f99319f42786431fef28e6cd9a4a0474d59,S3,高,,,验证,需进一步验证,Git
backup_before_v05m_recovery_20260702_091828/verify_v05h_windows.bat,241,0bb1ee8770efe621ac23d5511ddb4c4f17562649dde3a9967415819a36238182,S3,高,,,验证,需进一步验证,Git
backup_before_v05m_recovery_20260702_091828/verify_v05i_windows.bat,80,8427c50faa1fa9be73a0fbe11f9242414844f04fd0ca951b2561799886bed1c8,S3,高,,,验证,需进一步验证,Git
backup_before_v05m_recovery_20260702_091828/verify_v05j_windows.bat,80,c7afc7c934af1c10fb46b620be31728c88e08e97a53dcafe0476e4e8a7a614c3,S3,高,,,验证,需进一步验证,Git
backup_before_v05m_recovery_20260702_091828/verify_v05kl_windows.bat,184,7611162f2db631454d6acf9a4ed390e83f49ded6892f4721c723d6d40560f2c6,S3,高,,,验证,需进一步验证,Git
backup_before_v05m_recovery_20260702_091828/verify_v05m_windows.bat,458,8f6c4e4383c3e7ea2091caedb04483a910f1f388d429506d4710a7482031606a,S3,高,,,验证,需进一步验证,Git
config/pilot_sources.yaml,3844,34af89403c68365e0ef842e6644af03d1a299883978238207c5a60a69606ea75,S3,高,,,验证,需进一步验证,Git
docs/01_INSTALLATION.md,809,bb6cb8bc747e4869926548748d078a496c0075bf006ce28f4763f63620f1189f,S4,低,,,保留,正式文档,Git
docs/01_手动替换步骤.md,2627,eaaa6353469cd333639a13aa179994f361ca287eda6bd2acbb7d0aae8d2fa511,S4,低,,,保留,正式文档,Git
docs/02_QUICK_START.md,845,40ace06649d7516f17893f6de2d89e0e041a700b18204e2da0538a464eec4388,S4,低,,,保留,正式文档,Git
docs/02_功能与验收清单.md,2074,be5fba3ef560175d4534671b10dd0b5dfb09a77a1b605fe8c633377c8a4dfc1f,S4,低,,,保留,正式文档,Git
docs/02_功能验收清单.md,2609,07e7ff8fbe5977725534429de8aca6349ef96fd03af4743e84c93eb105907a9c,S4,低,,,保留,正式文档,Git
docs/03_USER_GUIDE.md,1253,ef8fbf84be29a98ce875e9ec35011c9c3bb13c605cc291e90c8be755bae03cae,S4,低,,,保留,正式文档,Git
docs/03_故障排查.md,2336,ea25625abf64c7453215e0eafe3dc3a3052783534077fc590f2eb0c8628ed024,S4,低,,,保留,正式文档,Git
docs/03_离线提取规则说明.md,1514,bcd516dc23b7641636a738dd85b8f3c4790abdf9109c43290db1ab3c45f4bfaf,S4,低,,,保留,正式文档,Git
docs/03_算法与安全边界.md,1292,34132b1f4feb36936ed8a7353eac82d4e6cb5ec0fa4bfd131c8cb5cc682819e3,S4,低,,,保留,正式文档,Git
docs/04_DATA_MODEL.md,1428,8ea6c72515a52c7ca7bfb61508db139641cad8813427fc705617b7129576dac3,S4,低,,,保留,正式文档,Git
docs/04_故障排查.md,1581,c6d452f63ce22b33e2e39876b736f0300a6c80fe07fa5fcb4dc47be322382c65,S4,低,,,保留,正式文档,Git
docs/05_REVIEW_WORKFLOW.md,1280,8f6252999adf2d7a85fc753ef1b6f4924deacde97858607834cc6d877f8d29c8,S4,低,,,保留,正式文档,Git
docs/06_DATA_INGESTION.md,1660,295d21c8c6048db5fcaa952df8742e1b478cb73d6f945d1903721c2a70e78a70,S4,低,,,保留,正式文档,Git
docs/07_DEVELOPMENT.md,1212,f229e5249487074f4935c835a3dc726724bde0bb5f5b8df762c464fa10494476,S4,低,,,保留,正式文档,Git
docs/08_TROUBLESHOOTING.md,1223,e6eb1f98b8fbb6571f5001f0fb6152de8b2104425675a8c47e265b06564890ed,S4,低,,,保留,正式文档,Git
docs/09_CHANGELOG.md,1053,760fa87295376e9fe84eff0d1ea1e9d2209f0a210575445e670807c31988c13b,S4,低,,,保留,正式文档,Git
docs/10_V04D_STRUCTURING.md,1638,e98d29ca27e13f1ce8ae1c6e3bac694aad0d27ae5e6554998df5af82fb80d365,S4,低,,,保留,正式文档,Git
docs/11_V04H_RECOMMENDATIONS.md,2491,0da1e5d537a19dbd51cb26a33992f90e6f74ac8b1c18b088183b31a9e2a7a1ff,S4,低,,,保留,正式文档,Git
docs/12_V05A_SECURITY.md,3207,d923f5c1bb5e43fb3b558ae9079ad1612c12eb65553929949ca003ea2176b616,S4,低,,,保留,正式文档,Git
docs/13_V05A_PATCH_INSTALL.md,1865,56f3f3324c879128c404b5e9f5a18bf638b3e47c4555aa34c69930dfd776b09e,S4,低,,,保留,正式文档,Git
docs/14_V05B_MEMBER_IMPORT.md,3311,b165c8e11b1e0bcd7b40744c4c604380332b6095da8dfe8711d3694c37051a30,S4,低,,,保留,正式文档,Git
docs/15_V05B_PATCH_INSTALL.md,2012,5d116ab1ef7aea92ac4daf54dcfb9730495ef8ee29c42272a068defa67a55d15,S4,低,,,保留,正式文档,Git
docs/16_V05B_QUICK_ACCEPTANCE.md,646,ceeb2f2c3b6c22fe698552899cb0af473bff2b720fbdc94cef2ef3b6dae7f005,S4,低,,,保留,正式文档,Git
docs/API_V1_GUIDE.md,9556,586a4c9931c5a7787704277787be4ab28301df1313870d3c19af0ab1e8d25751,S4,低,,,保留,正式文档,Git
docs/ARCHITECTURE.md,1748,301703978b8846617035b67aa6a7f1ca44f34294ca59799ece7ca2d4ae071ef2,S4,低,,,保留,正式文档,Git
docs/CAPABILITY_MAP.md,1306,df39e7072309ba8bb345959159edbe26866694822822bf9bcf33bcc69e41e606,S4,低,,,保留,正式文档,Git
docs/CAPABILITY_REUSE_MAP.md,790,06e9b3e5dae445eda56a4b1b1892a20a5dee3387390b0712d8f15a4ece8c9931,S4,低,,,保留,正式文档,Git
docs/capability_route_mapping_v1.md,3119,7baa869ca9d68bc78843cc6a8b70188718a65024c89a309696a1dae738a44fac,S4,低,,,保留,正式文档,Git
docs/client_api_contract_v1.md,1641,ba46603e09fd3232bb4b46fc00f4b0de78904493e227f911a54c271fad4962d2,S4,低,,,保留,正式文档,Git
docs/COLLECTION_SCHEDULER_WINDOWS.md,1529,7b80bcd21997654ed0b87f84f62ca68579268c60d11475dbf9d028406cbf6fcc,S4,低,,,保留,正式文档,Git
docs/CURRENT_DOMAIN_MODEL_MAP.md,3699,b93b08641bcd280b89d9f4a9907e21f67825b88d59c92d19554cf97d0e188af0,S4,低,,,保留,正式文档,Git
docs/DATA_INTEGRITY_REPAIR_REPORT.md,2335,5fa9c8b72a6be3335bd7a20d0350b0efcf49938659cce16596e99c10f48b7af1,S4,低,,,保留,正式文档,Git
docs/DATA_MIGRATION_REPORT.md,1467,eb9b321455460b227d5c980c7178d53babe64597c1190e6c4264a264d2338911,S4,低,,,保留,正式文档,Git
docs/DATA_MODEL.md,1315,59faf4775f3365a14cc5d3171bb5a98f75cd09f24f1aeed3b9bc81247ff43e7e,S4,低,,,保留,正式文档,Git
docs/DELETION_MANIFEST.md,292954,617a70e57429438614c31d66f22bb6ac12596a5875df5d0f88b459e86eca59a8,S4,低,,,保留,正式文档,Git
docs/DOCUMENT_CLEANUP_REPORT.md,4241,64ec2daff317784bb0ba6280b261e5e9367ddd0684c8194d873dc208ad5a1a05,S4,低,,,保留,正式文档,Git
docs/DOCUMENT_INDEX.md,1863,4792bd430030f4a839db895eb526a9530b98b843eb8b9ccd1db285cdea98ab8f,S4,低,,,保留,正式文档,Git
docs/IDENTITY_COMPATIBILITY_LAYER_DESIGN.md,14215,1c201f5234fcdb1290806f654012c16232082cf0122cd8ea7921db3f4b087c19,S4,低,,,保留,正式文档,Git
docs/LEGACY_COMPATIBILITY_PLAN.md,1224,af604027e8d7b50923bae6a01443acd2858d75617229a3b5708901dcd6ce7944,S4,低,,,保留,正式文档,Git
docs/network_people_traceback_v06b.md,759,19859df4f3378920d706ffab9aba966fe8b43dd8be8a28081ccd6b38fcd0aa0d,S4,低,,,保留,正式文档,Git
docs/PLATFORM_ARCHITECTURE.md,684,d409f7d88214b3f3a95e40e9fcd091bb93764a3d022c9c85948d76a4754102b3,S4,低,,,保留,正式文档,Git
docs/platform_capability_mapping_v06b.md,1877,24b8ba66d2ebe79e13fb1774affb58123429bb162f59c43e41b653aa7797858c,S4,低,,,保留,正式文档,Git
docs/PROJECT_INVENTORY.md,2458,80e50091234a38c16b5038c16393a7d0599a0ea4566598b29317e658cf857989,S4,低,,,保留,正式文档,Git
docs/REDUNDANCY_REVIEW.md,809,0219391081a6d76e80fef1e5b1518f67fcf3aaae7a49f967185800242e0d745e,S4,低,,,保留,正式文档,Git
docs/route_compatibility_v1.md,2665,d22f93a4c3b3faec544734bd89a50674f4110981df2c6e6407b144762079e7f3,S4,低,,,保留,正式文档,Git
docs/SKILLS_GUIDE.md,4047,b4440203a901c7883438fefdd685f4dc9f2064fca4ede16fcd79f1e43d40a632,S4,低,,,保留,正式文档,Git
docs/STARTUP_AND_VERIFICATION.md,975,ff48704d985c27ea8dc769a78bae871828709f7eaca59d3257ee20663c97e939,S4,低,,,保留,正式文档,Git
docs/TESTING_GUIDE.md,2651,475fbc68c5bb039b844b4120b64d053e1f8939689d5fef8b0a844b44317d3e00,S4,低,,,保留,正式文档,Git
docs/V04H_PATCH_MANIFEST.txt,464,2bb231bcde5c7d127428e82dddcb26b4b6e55757cc35223656203feddbe2a407,S4,低,,,保留,正式文档,Git
docs/V05A_PATCH_MANIFEST.txt,876,dee31e7f3da714a0c169f9a9ca4954885615d20d203abf80880804b32ad4b577,S4,低,,,保留,正式文档,Git
docs/V05B_PATCH_MANIFEST.txt,709,83b6cb8794c99291aa4f537767242c4ff88684f00baec75bd71d944bb9b47ddb,S4,低,,,保留,正式文档,Git
docs/V05F_COLLECTION.md,1915,6cb24d9fdd58c45e1600a4b60b548268f9098a6f0b6accc563ee18e343430b07,S4,低,,,保留,正式文档,Git
docs/V05F_PATCH_INSTALL.md,978,6c65b469ff615bf6b5974a3c8decb0ed5d22f01678a3764f0015bbed5740e9dd,S4,低,,,保留,正式文档,Git
docs/V05F_PATCH_MANIFEST.txt,1696,9f46f63373dc34788df0d8c6a510593bff5a590bdd0b1bfaaf9b6186c54ea80d,S4,低,,,保留,正式文档,Git
docs/V05G_PATCH_INSTALL.md,892,7ce6ff91777c11f0435a0cdb22290b614a146b019c2b62054a176504fff7fc6f,S4,低,,,保留,正式文档,Git
docs/V05G_PATCH_MANIFEST.txt,1119,b6346958291b528ba06ebc7a5615dea88aa8b0c3b4ff271256fa0d0574338d4e,S4,低,,,保留,正式文档,Git
docs/V05G_PROCESSING.md,2200,24866cc7b9908757395c771689e92c053ccecca97cb0751ccca6aed628074a19,S4,低,,,保留,正式文档,Git
docs/V05H_PATCH_INSTALL.md,866,725e621d51b7066e46f1ef6a97470d502954e279b3e2000d604e262363d2494d,S4,低,,,保留,正式文档,Git
docs/V05H_PATCH_MANIFEST.txt,1066,7c345aef9ac2b28dc08e80e83f6fdad8a9fcfbde00a0c9306f7590e8501398c3,S4,低,,,保留,正式文档,Git
docs/V05H_REPORTS_SIGNALS_NAVIGATION.md,2517,5020d3d9cfbf4e438726e1e3cd700c321273ced7572aa340bb8c59f9e274e376,S4,低,,,保留,正式文档,Git
docs/V05I_PATCH_INSTALL.md,982,f7bde40b2fb18a67871c7ced4de83e9e1fa4e217a6e2254147fd3ba9f93a503e,S4,低,,,保留,正式文档,Git
docs/V05I_PATCH_MANIFEST.txt,924,c84960ab88200370c480e5b86f9427b35d61be60494915237a94cde605164838,S4,低,,,保留,正式文档,Git
docs/V05I_PIPELINE_QUALITY_CENTER.md,3187,00b8ead86cf927a98c65c599bbd967406789e327a7cf86122f17726cb157cb77,S4,低,,,保留,正式文档,Git
docs/V05I_REAL_SOURCE_ACCEPTANCE.md,1069,11d5cef90280adb2eb49b30bacbde70c730a7affddc54e66a5cccffbda3a1c5e,S4,低,,,保留,正式文档,Git
docs/V05J_PATCH_INSTALL.md,2031,85e3609de22f6b635479bc3adc0dcea9b3f184df41d2b77f7ea8eaa2f0a94f5f,S4,低,,,保留,正式文档,Git
docs/V05J_PATCH_MANIFEST.txt,1211,9722c34d01613f25ed33a37fea7aa0f3ed34ac95696cbcec3160076f950613d0,S4,低,,,保留,正式文档,Git
docs/V05J_RESEARCH_I18N_INVESTMENT.md,3677,1358a98de92b63f049fb223c30466d0675e45c4683742ee19a45f1188f3db209,S4,低,,,保留,正式文档,Git
docs/V05KL_PATCH_INSTALL.md,1249,9f7992e119c1df2de589e377f9cdc607959f23fef99ddbc9cb3c6b646020e2bb,S4,低,,,保留,正式文档,Git
docs/V05KL_PATCH_MANIFEST.txt,930,b39969c813c05de5967c6213bf09e359308eda46a3eba629723209c9bf6d11dc,S4,低,,,保留,正式文档,Git
docs/V05KL_PRODUCTION_OPERATIONS.md,2319,600801c83f66b06e0b0b8c5bc103a3b870cfd31aeb0308c5e5f193c4c969d73b,S4,低,,,保留,正式文档,Git
docs/v05M-R_recovery_acceptance_and_rollback.md,1924,f816ad2394ff0a7aeb18851cd14a2dba4503cfdd250c3dbfdc5e321fcd8ee0b9,S4,低,,,保留,正式文档,Git
docs/v05M_人工验收与回滚说明.md,1938,f5faad04e617d66590f7bad4a5a3db64fcb50e0b41c3c6efc5b912962a4c9d49,S4,低,,,保留,正式文档,Git
docs/V05_REAL_INTELLIGENCE_CHAIN_ACCEPTANCE_AND_ROLLBACK.md,914,31815fe8229e415b4254f9ae358ee37baad42b787c7b1cbee78a7e4f79d766e0,S4,低,,,保留,正式文档,Git
examples/v04c1_import_template.json,790,1329e3839c1fe6be07a20dfc9aa420d8aa09939e15f760ada5284c5c6f533420,S3,高,,,验证,需进一步验证,Git
examples/v04db_supported_examples.txt,664,6a910129a4f16e690e8974932fe55846df6d998020a9d8c55da9fab4d33689cc,S3,高,,,验证,需进一步验证,Git
reference_documents/请将材料放在这里.txt,191,1ede9d2efd231124c76e2a8c4751e9d5a0e82cd2a27abc0974049642a01558a8,S3,高,,,验证,需进一步验证,Git
scripts/apply_direct_route_fix.py,6927,8c2706a1a2fee897eebf4e2ca9299ccd83faf4cc513e1cb9fcff1b389a0f89c6,S3,高,,,验证,脚本需验证,Git
scripts/apply_v03b.py,3341,045d3068e401c6c5cdbcd36d142a84de123416f3228b8cb75c4ad234f1c22d20,S3,高,,,验证,脚本需验证,Git
scripts/apply_v03c.py,1883,f04db1cd26157fe8f4852511303e5e89f3dc37fd239b785f160368dc66360eab,S3,高,,,验证,脚本需验证,Git
scripts/apply_v04a.py,2324,bf2bcd1da07fa0025a7fea8833317c26ce7440b8ebbf089f9387ce79fe6cf47b,S3,高,,,验证,脚本需验证,Git
scripts/apply_v04b.py,4843,612588fe994e208ecbda53fc6e88ae2ba0b9f6c41d39a9341176a5950a10f4eb,S3,高,,,验证,脚本需验证,Git
scripts/audit_foreign_keys_v1.py,4997,85f99f5d5983e7dd3970b373abacdbb0e1c45581cbd411568dc417a0b68e0abe,S3,高,,,验证,脚本需验证,Git
scripts/audit_suspicious_entities.py,2874,47574779f9700e822fc07af6adf8de1c93959fa84036c7959b0110f67f6e7481,S3,高,,,验证,脚本需验证,Git
scripts/backup_database.py,441,7d4c4a96ad99a23218cf6b6423d222cb9d6f09bd9b6e9aa0a870f2cc68051d6f,S4,低,,,保留,迁移/验证脚本,Git
scripts/build_release_v1.py,2757,ed6ca41d7d5d00d988e6503e3d90ec021a33a1f2da2f45d356e41368cbdf9af4,S3,高,,,验证,脚本需验证,Git
scripts/check_all_templates.py,1269,5bcb958a9c21792712ed08223a0cd4f524348f9db237e775d2f4e78cc9b02637,S3,高,,,验证,脚本需验证,Git
scripts/check_database_config_v1.py,1141,df1ee43f4050d6683d6f020641c4924cc5c84d84e916298c45bfb77a0629cadd,S3,高,,,验证,脚本需验证,Git
scripts/check_mojibake.py,3547,0518a9d9efe71057405fadd73037e6c078297e4827b014bf77e48339d7974461,S3,高,,,验证,脚本需验证,Git
scripts/check_seed_data.py,722,d4658dfbe28f8ecfa9ad0e74ad582245845de9834246bc2cc9cd16369cf0c748,S3,高,,,验证,脚本需验证,Git
scripts/check_source_encoding.py,1738,4fde796e8b97c2440402ba9cbba9bd746b108dae1abfc28f8720f705a9b1a8cc,S3,高,,,验证,脚本需验证,Git
scripts/check_user_visible_english.py,4163,c2fd749d8d28456e5cd2230654e06ba8a68516e8e45399a4f54920159667b4ba,S3,高,,,验证,脚本需验证,Git
scripts/cleanup_identity_test_accounts.py,4024,4fe708b0c075ca8d7a096f7b6f3b3bd8de7f6c8a6d90d767dc217c8379312026,S3,高,,,验证,脚本需验证,Git
scripts/cleanup_test_data.py,751,d77a16161efc8a94d8b277705a9790858b2d843684bb0cd1cf2a973678493a18,S3,高,,,验证,脚本需验证,Git
scripts/collect_v04d_context.py,8342,906b95e168dacfe40a4469bdda0e21c38fc4ffe7b0eadaed47f4a1b22c1be3ef,S3,高,,,验证,脚本需验证,Git
scripts/create_identity_test_accounts.py,3834,9d1109a8ab73fbfb3e322fd4d6eae65eae2546dd550d17f025198d7300d603b5,S3,高,,,验证,脚本需验证,Git
scripts/export_database.py,1109,42760ca5317c752dc84a0a0daefb8976faf4f3abc9855b36ea65d4da9dde37b0,S3,高,,,验证,脚本需验证,Git
scripts/generate_historical_signals.py,852,4a4247bdcbeacb9911a7af036f637ed1964d96f6fdacb22074a87352d3d3dafb,S3,高,,,验证,脚本需验证,Git
scripts/import_seed_data.py,6323,812c4b7a736c5e6f98d601d076613ed74cba8d15ae1db7df73d2e0e4f9770997,S3,高,,,验证,脚本需验证,Git
scripts/init_database.py,359,d2045ce6cbe032f4973be34a33a3d51a913856230e05e5ce6231fee44488f692,S3,高,,,验证,脚本需验证,Git
scripts/migrate_all.py,4691,281b941f2b9569580f84e8e6b0139b34c787969041d3134928bcf77465edd222,S4,低,,,保留,迁移/验证脚本,Git
scripts/migrate_domain_consolidation_v1.py,4873,d3a4e4166f96ec2fea6796b37f1db0443d0d7cf71827eb976271eba5f30a7d8b,S4,低,,,保留,迁移/验证脚本,Git
scripts/migrate_identity_link_v1.py,1235,08d3bba4a8611ae1cbd339dc7f09a557af4ff411f51a2ce61c6bf0d70b447984,S4,低,,,保留,迁移/验证脚本,Git
scripts/migrate_membership_person_link_v1.py,6006,44694ce53d5f584ad6f0357f8409558a06ca5fb6468a9a3bd243ae8200f5f0a6,S4,低,,,保留,迁移/验证脚本,Git
scripts/migrate_organization_core_v1.py,8888,0c42b1f66ad77c8dfce37a55c1054c7fbc4e1fa1d981b2458eafc31e97f00049,S4,低,,,保留,迁移/验证脚本,Git
scripts/migrate_platform_mvp_v1.py,12649,68f0148e0e7ddd45d5c76e7b39950a5ae860c14a4167dfcc6efa93bcf5f72664,S4,低,,,保留,迁移/验证脚本,Git
scripts/migrate_rbac_core_v1.py,11203,90eb012f8092a8ba73f2e301536ef981e4526b961a4a19430ed97ea070af8a54,S4,低,,,保留,迁移/验证脚本,Git
scripts/migrate_sqlite_to_postgres.py,1713,b1d93a719ba0340e3af2d169dab61024da916ab02a0524b5f763ec3dca094a1d,S4,低,,,保留,迁移/验证脚本,Git
scripts/migrate_user_membership_link_v1.py,3820,4ab986c26246dfc4c2827aff4ded7040c1f28bccd6f30767e126a05365478f6c,S4,低,,,保留,迁移/验证脚本,Git
scripts/migrate_v04c.py,1535,e6a1012795cc5cfaf75f8311785947ee4fff42e42587e78bc3eb354b9f7985e2,S4,低,,,保留,迁移/验证脚本,Git
scripts/migrate_v04c1.py,1100,fdb95747b984982f22920c896bfb16cc9b041c9b3cd5e62a1645f82a0781e286,S4,低,,,保留,迁移/验证脚本,Git
scripts/migrate_v04d.py,1604,d44e4465b2e738baf9cf0733ddbc64fb326ff0d87caa2b8ca9546ddb0a276086,S4,低,,,保留,迁移/验证脚本,Git
scripts/migrate_v04db.py,1878,2f0e4ffd630f1b5d0fcfa08bfd76adb9af3d880e2625d2e2f31ad7badcdd0b20,S4,低,,,保留,迁移/验证脚本,Git
scripts/migrate_v04e.py,1471,e6b23b305b51d0f12580797c7b602829668abce8db42a4cfabae60b042085af4,S4,低,,,保留,迁移/验证脚本,Git
scripts/migrate_v04f.py,7157,0386cc2597826d824c968bb52dd197e58b966fe422e218a2c4cb20d5ef2d7509,S4,低,,,保留,迁移/验证脚本,Git
scripts/migrate_v04g.py,6450,602dbce59147882dab0ba70095d87b74dbf10b67cf4bc91385ff6a7b6c5dd56e,S4,低,,,保留,迁移/验证脚本,Git
scripts/migrate_v04h.py,3432,5fe084d40e76666b0fc5cd04cf09942a0489b5c14f90aebdabbd348d11148e61,S4,低,,,保留,迁移/验证脚本,Git
scripts/migrate_v05a.py,1325,ad6c69b338e318c546142766c5657f97169d8ba46a2d1ad071dc93a19197c4d1,S4,低,,,保留,迁移/验证脚本,Git
scripts/migrate_v05b.py,5856,7ab08cc0a7eebb66101528b446a96bb2fa41ac37acbf621684db3a64d3b3fc50,S4,低,,,保留,迁移/验证脚本,Git
scripts/migrate_v05c.py,6450,02b9c0cbc2f13de49beaae44e01673284f9f88210c8b2925a5039cda0d2fa278,S4,低,,,保留,迁移/验证脚本,Git
scripts/migrate_v05d.py,9147,94da72fd29fdb248fbb6fbfe829bbf85fa78c62c1f2caac37554fab63f589497,S4,低,,,保留,迁移/验证脚本,Git
scripts/migrate_v05e.py,4537,9697717623027551ff0eea9cdab21ee2f54bdc3b177aed1ce7a57e46c35d15af,S4,低,,,保留,迁移/验证脚本,Git
scripts/migrate_v05f.py,10322,c995e6bf5862d284003ee60c94a1ba3f2c389773d062a0e6553c5d8003bfb08b,S4,低,,,保留,迁移/验证脚本,Git
scripts/migrate_v05g.py,9074,1bea46d83d0848cc0322153907c27bcd533430d81358166fde61dff6a391a6ac,S4,低,,,保留,迁移/验证脚本,Git
scripts/migrate_v05h.py,9018,a63bb4761b7163b913394526e94d658f16dc84416f3107424e0b85809c0896b2,S4,低,,,保留,迁移/验证脚本,Git
scripts/migrate_v05i.py,5947,2dbd261d9384914f18b4305afae75118539798a785062a1ae4bc1377ca0b4ec1,S4,低,,,保留,迁移/验证脚本,Git
scripts/migrate_v05j.py,5740,f2fb8900114a61948224d5334460d0acc1a78256a4a2270db30d1683fcdad253,S4,低,,,保留,迁移/验证脚本,Git
scripts/migrate_v05kl.py,9822,8c0e48dd9dfb1d24639614fea5a549505cb207d3c94b74e6ecab73a7c3a8fec9,S4,低,,,保留,迁移/验证脚本,Git
scripts/pilot_real_sources.py,4955,9a8eff704c666d52c2628fd072cf18b449bdfa2bf2fdefd6993ffd42cb050aea,S3,高,,,验证,脚本需验证,Git
scripts/queue_historical_processing.py,1916,a6591bae009d81a31bbf11b5805297806f2fefdc5da90be4a9a484bdd57ad690,S3,高,,,验证,脚本需验证,Git
scripts/refresh_v04h_recommendations.py,829,d418280295ddea172197eb8c5c62717001d5be1602cef815086f3ae6345aa65d,S3,高,,,验证,脚本需验证,Git
scripts/repair_remaining_foreign_keys_v1.py,3026,55baeeed62fc3185a5d7ebf9f113c8908459962222739ed0db0fc866434f59ac,S3,高,,,验证,脚本需验证,Git
scripts/report_membership_person_candidates.py,4177,979ba3ac5eb33c74e8c0d098e90fe0a1e6132e99b57870452e4eb02121b62948,S3,高,,,验证,脚本需验证,Git
scripts/report_user_membership_candidates.py,4505,79b3f40f73c4ffc5d1909eddc3b64df9abeb2c09b6944ba85c054b6656238590,S3,高,,,验证,脚本需验证,Git
scripts/restore_backup.py,1496,5d6cf330bb19c7167b65378b1a2b18de4485371b4eefc2d8f157aa6c15dd969b,S4,低,,,保留,迁移/验证脚本,Git
scripts/run_collection_worker.py,1723,fb9b8a1d6555c29c665d9da6f93d231f9c59e500728079e425e3b64c1f7d65a1,S3,高,,,验证,脚本需验证,Git
scripts/run_monitoring_once.py,1350,a716d0c31ed3268d95a64085f6226ec233944539a7fe9737f62226eda6e4fb1f,S3,高,,,验证,脚本需验证,Git
scripts/run_operational_pilot.py,1792,6087fda987e729f1678c48e9af580c545e34af92131229008b8c33d96da3aa44,S3,高,,,验证,脚本需验证,Git
scripts/run_pipeline_worker.py,2131,d91045d6bdb9e82ac9535b5ca700e9a53c6719c624bf46a2a25c73f59c943687,S3,高,,,验证,脚本需验证,Git
scripts/run_processing_worker.py,2252,bc8a6701c299c4daf1fea700c478a0d7df26db59cdea69efb711ae344a58a89c,S3,高,,,验证,脚本需验证,Git
scripts/run_report_worker.py,1236,9548b98bbad4ed08d80d4a8fe6405c9df7cc947fdfa350899ab12f1cbdbb2902,S3,高,,,验证,脚本需验证,Git
scripts/run_scheduler.py,2230,c96e3d829e796c291d877d1d779e8650a3301dc5ba2a625b95c0c5d0cca6c94d,S3,高,,,验证,脚本需验证,Git
scripts/run_signal_worker.py,785,ebdd12d15424e67a758ab0428c5dcef602d771daa0fc80dca02578596c268178,S3,高,,,验证,脚本需验证,Git
scripts/run_worker.py,2410,e7397aac33256f707fe65c40693260347b42bd54931f7e09d2fe270d4bc906b9,S3,高,,,验证,脚本需验证,Git
scripts/seed_demo_platform_v1.py,27807,b6915423af58ebc4f0495348536868211b6b4181341da11b90134807841f4e47,S3,高,,,验证,脚本需验证,Git
scripts/seed_v04c1_demo.py,3780,749aed26faecbea236db2576415d63e0a041321a159d9925a7aeb48b2e833805,S3,高,,,验证,脚本需验证,Git
scripts/seed_v04c_demo.py,2513,513b4bba0c1873afb7a388fcfc020d34284da24c9f5fe568971a53899bb0e41e,S3,高,,,验证,脚本需验证,Git
scripts/seed_v04db_demo.py,1356,8ebaa1661e9a43e7c68b434bce7661c9bcd006f7fc2484b56c4f13fa106f773c,S3,高,,,验证,脚本需验证,Git
scripts/seed_v04d_demo.py,4100,c52b61c1c17484cd4f00057b955d57e3a09dbaabdda29264c8e0a1d51e81da8e,S3,高,,,验证,脚本需验证,Git
scripts/seed_v04e_demo.py,2055,97585d81631e8eba3926fee88245719eafe165b9833d58333cfdc574eb6c6c0e,S3,高,,,验证,脚本需验证,Git
scripts/self_check.py,2368,e0015ba9c6b3624f8c147d27e3c11d1f9958b23aff71bedce267c933ac274c8d,S3,高,,,验证,脚本需验证,Git
scripts/self_check_v03c.py,450,b06561ab60308650378353da1a751b9c2bb8f4310109a6001674290933b06dd7,S3,高,,,验证,脚本需验证,Git
scripts/self_check_v04a.py,1066,9edd27fcaabe4dfb3b3b55647cfb43ef59d6b263e97c2a019c923ed48f81f04a,S3,高,,,验证,脚本需验证,Git
scripts/test_db_utils.py,2984,93b2c2cdab2da60c821f69bc7dc5b0dd2cb21f25a9999de679ac653f7eede348,S3,高,,,验证,脚本需验证,Git
scripts/test_entity_analyzer.py,974,2aaf9fee49d98a588731ab3dc2be20d0cd536abfdf47d0a4dd8670f8eddb3307,S3,高,,,验证,脚本需验证,Git
scripts/test_paste_analyzer.py,1023,4e6d90b709089376fc1c35af23cbf6a2459af12efd914380b2179b4f13a73f8f,S3,高,,,验证,脚本需验证,Git
scripts/test_web_extractor.py,627,95863733c0cb1c7afdd4c595c1a29af898422bc670d038128085838662a14387,S3,高,,,验证,脚本需验证,Git
scripts/verify_all.py,9254,492cfda0ef4142fc419eea2c9a65ffbb05bc0aa12fbd2b4970956341660bfe45,S4,低,,,保留,迁移/验证脚本,Git
scripts/verify_backup_restore.py,1618,661d5c4c3322e8a104f4ad111567c8624b5d12f176c2014450010ce3fe51593b,S4,低,,,保留,迁移/验证脚本,Git
scripts/verify_core_pages.py,2471,fbf406ee6be9ed4fc267a5ba73b8305ac60f1be9880b12622fee416b5123a2d8,S4,低,,,保留,迁移/验证脚本,Git
scripts/verify_data_integrity_workflow_v1.py,3849,ed5eb79ab1375be6e1a287ee58cadfc1bbadefd4d4c93f550c7ff1a2ab9a07e1,S4,低,,,保留,迁移/验证脚本,Git
scripts/verify_domain_consolidation_v1.py,2171,3fdfae53100b1fcd095cbabf40c3a9fcbf44b50918bc3237b6050fa9ce70d896,S4,低,,,保留,迁移/验证脚本,Git
scripts/verify_identity_link_e2e.py,12359,746ba3b72d13eb017104ce10f603781ab015ff771e803bd0eed209c726beb326,S4,低,,,保留,迁移/验证脚本,Git
scripts/verify_identity_link_v1.py,7173,38fcc4150502bba391b3771a6a4d6978c5332ede942b766ea314fe703293718c,S4,低,,,保留,迁移/验证脚本,Git
scripts/verify_identity_membership_access_v1.py,11611,32ef2ac4706a1e94777974eb694cbb1c8c1f8c3799d1dcb447f1e7667098be93,S4,低,,,保留,迁移/验证脚本,Git
scripts/verify_intelligence_crawl_visibility_v1.py,7893,2f78efc183d4f2795ed64c3469a60e8ea7e406088f32bdc1f3890fdec59a4d23,S4,低,,,保留,迁移/验证脚本,Git
scripts/verify_intelligence_full_chain.py,9186,784720dd150cc4bdc3acd81511f820823aed0a91364766819254196f349597fc,S4,低,,,保留,迁移/验证脚本,Git
scripts/verify_intelligence_pipeline_e2e_v1.py,10660,a2908a09b21a1da4484ff9e49b60d29c4e65abef6f384e0912bb1762fc0e46e6,S4,低,,,保留,迁移/验证脚本,Git
scripts/verify_manual_ingestion.py,3184,38aac056ae65ac04f09e286c601f76b04760c2b9aae8734c43050ccde5e07295,S4,低,,,保留,迁移/验证脚本,Git
scripts/verify_membership_access_scope_v1.py,6651,83876264a420382ddff1a1912f189a120faed579b25b074b8f9eb9a4d6943bb4,S4,低,,,保留,迁移/验证脚本,Git
scripts/verify_membership_person_link_ui_v1.py,13218,ad597c60a864983a8c57420e332f301bf34fc38be60e704b4e75376b279f4be5,S4,低,,,保留,迁移/验证脚本,Git
scripts/verify_membership_person_link_v1.py,12098,1ae407eb669da16b6dc183335215f8ffcfed9e3af12529be5d409a1a9a170d13,S4,低,,,保留,迁移/验证脚本,Git
scripts/verify_navigation_consistency_v1.py,6211,4d5cd79c9609fa99893cfc253e78da54eb413b0419a37f608ca915ab9a73e6d8,S4,低,,,保留,迁移/验证脚本,Git
scripts/verify_navigation_product_shell_v1.py,4459,7870a40ade76e812597816836d7e64d5287392aa63e7dc8810ee6beea5e9eccf,S4,低,,,保留,迁移/验证脚本,Git
scripts/verify_organization_core_v1.py,14510,31efee0fd51c3217b785c8529ec5ee70e5d2b23d57f12dc2ce90dc0cf260621e,S4,低,,,保留,迁移/验证脚本,Git
scripts/verify_p0_baseline.py,3567,610d2eccdace4b3f55e9aab1a0e3f5badac9dbc4f088e24986ad8533c3655c31,S4,低,,,保留,迁移/验证脚本,Git
scripts/verify_p0_stability_v1.py,3585,8f24bd3d7c89010c6cce3fc611e64064d8abb42e01867c5148c5739173f728ef,S4,低,,,保留,迁移/验证脚本,Git
scripts/verify_p1_domain_unification.py,4921,becbe4df231c2d46c765677e252dd9c3dab9ecda4a82a19518f15275eb8a8a7a,S4,低,,,保留,迁移/验证脚本,Git
scripts/verify_platform_integration_v1.py,6027,4532b9dc03411fbd7e7c533b53f1b2849101b85e82fdb0ffff022d795a8e6b94,S4,低,,,保留,迁移/验证脚本,Git
scripts/verify_platform_mvp_v1.py,8658,d7acc29501e8e268d60c3885faf608f148f407126d135083700852853d875d20,S4,低,,,保留,迁移/验证脚本,Git
scripts/verify_product_recovery_v1.py,11535,b470f711896209c65074666e7cd51dda92a305cca6e883b6da69eaf54ce11d0e,S4,低,,,保留,迁移/验证脚本,Git
scripts/verify_product_usability_v1.py,9874,f28fb5457f960db1c22f601f0904289054f6a9c544498abae8e2499e4deba5de,S4,低,,,保留,迁移/验证脚本,Git
scripts/verify_rbac_authorization_v1.py,21029,4156cdb38db2b3ac0c0bdadc7666f0f7c3818d9b21bd18dc9adb35f36c5f2152,S4,低,,,保留,迁移/验证脚本,Git
scripts/verify_route_registry_v1.py,3525,d3df729741370737046d7049c77ea8b7f4c417a456a0b152987900d29563c03e,S4,低,,,保留,迁移/验证脚本,Git
scripts/verify_user_membership_link_v1.py,8614,986c165b550c98f783cbee794fe5e5fc808859430baece73f71c8cb8e0181ed5,S4,低,,,保留,迁移/验证脚本,Git
scripts/verify_v04c.py,4256,2998f66addc0102d897dfbd06af0c35d36775965189aa8da580db9692cc3ed42,S4,低,,,保留,迁移/验证脚本,Git
scripts/verify_v04c1.py,10714,3a6c85939d26cc48eebc04c9a090aca234cca85849502262bd10b929e03876c3,S4,低,,,保留,迁移/验证脚本,Git
scripts/verify_v04d.py,9492,b4395c78c4a97feb5e17580c7bd09f1c16c3387331bdbeec14450ddd80ce5572,S4,低,,,保留,迁移/验证脚本,Git
scripts/verify_v04d3_batch_people.py,6260,ef09600d00a33ac3b8e1267787bbcc591f2dd5cb8c1b452b6dcdf4e6c8da3a1e,S4,低,,,保留,迁移/验证脚本,Git
scripts/verify_v04d4_links_and_review.py,9177,0c3391b50e87abe1ad0842d3de28618aa88c1105a49b0003b213e027b1335645,S4,低,,,保留,迁移/验证脚本,Git
scripts/verify_v04db.py,7244,162214d918daed163af186602a5e60b8ea7defd53237aee093235eccce413f1d,S4,低,,,保留,迁移/验证脚本,Git
scripts/verify_v04d_search.py,2456,8e7988e39fdf2ad3b4eb8675a371ee6adf0dc9da4cc556a1713a58a530bb58ff,S4,低,,,保留,迁移/验证脚本,Git
scripts/verify_v04e.py,15751,8519fce308ad419179b144257d84fbdf7f781339e63430b6c29d61d2cd9a4951,S4,低,,,保留,迁移/验证脚本,Git
scripts/verify_v04f.py,12588,b090e78627dd56084acc9281e5a44862efa1af456d50d033f95360970fe50a16,S4,低,,,保留,迁移/验证脚本,Git
scripts/verify_v04g.py,10367,e33f37b46f29c34d7cf221c8399cfe4d07acb842f4ebd5194cba6150a1c6fffb,S4,低,,,保留,迁移/验证脚本,Git
scripts/verify_v04h.py,10037,14db72592b1c0b98722c9fc85fd993a7661e0cca1a3a6e4e49063fbd3493530b,S4,低,,,保留,迁移/验证脚本,Git
scripts/verify_v05a.py,7298,9e1c91e3e3dd7f781ad54e4a32faf867d0a5670c338883f6b4460bace41699b9,S4,低,,,保留,迁移/验证脚本,Git
scripts/verify_v05b.py,8692,c97434449462ca8af734d8047d935dc6abefb8add1c708267858b551fd064269,S4,低,,,保留,迁移/验证脚本,Git
scripts/verify_v05c.py,9507,12778005423caaea63ac6354494cdb96cfb5eb7f882fa6c521d33c24288e7a34,S4,低,,,保留,迁移/验证脚本,Git
scripts/verify_v05d.py,17905,9cd6e6122a6f7b96ca68f9ea1119a90548211df235d08d94dff96cb60af3edd3,S4,低,,,保留,迁移/验证脚本,Git
scripts/verify_v05e.py,10242,65d123be6532facc778613be7336651573eb63f05727c4997b43e993175b305e,S4,低,,,保留,迁移/验证脚本,Git
scripts/verify_v05f.py,8759,5f4b4fdc73bbb42bf0096eedcdf2efbfc1cdd8b5b4bf714e74e00ca46f75fe2b,S4,低,,,保留,迁移/验证脚本,Git
scripts/verify_v05g.py,11822,4099bd51c76186a93c060820b6430d4c4ff3c3f5494d5b3db96edb3d464a89cc,S4,低,,,保留,迁移/验证脚本,Git
scripts/verify_v05h.py,7841,44495c427710b872729442023fdf906e746d34c38bca990a4d8bcd9f6bd2830a,S4,低,,,保留,迁移/验证脚本,Git
scripts/verify_v05i.py,5305,66f13fba1a283b94f95139292a8bdaeeff747fb74557653af0e63a84e27d318c,S4,低,,,保留,迁移/验证脚本,Git
scripts/verify_v05j.py,8832,6e33fc6512ad205baf6415c1109de1846e3dd0b7d5b8c46dc28dce44f615f1be,S4,低,,,保留,迁移/验证脚本,Git
scripts/verify_v05kl.py,7298,54eacca47c3b38cd9878a6a3a95335ed3428ea97679050aaf5fe810d24f71e9a,S4,低,,,保留,迁移/验证脚本,Git
scripts/verify_v05m.py,5391,e42dbf0912ef6970f581489cd06b209d931d519b6dbec46004a2b01b86080058,S4,低,,,保留,迁移/验证脚本,Git
tests/conftest.py,1371,57565e9c19480c9609f3e60d0de2ff13cec6ac7f5c0789ed51110cc3b8b32ccc,S3,高,,,验证,需进一步验证,Git
tests/test_app_import.py,1300,f3e8505b8d9be4ad461702c724f932a65a24f2a069c10af6bb57ea2992f398ca,S3,高,,,验证,需进一步验证,Git
tests/test_domain_integrity_repair.py,2692,b0c54bc45b53ba879520a2dbc010fb5da57cf7d64a69176f6fa21fba142b258f,S3,高,,,验证,需进一步验证,Git
tests/test_opportunity_confirmation.py,2255,9f64cabaf27432066edac3a6410e1cfdeb6eb3a885ae574abfbda8bf74b354a3,S3,高,,,验证,需进一步验证,Git
tests/test_p1_migration_idempotency.py,1599,4d3d4013756d537a8b2f0decb491a972e0efc36b0f921c3a6de57b61b1ce5463,S3,高,,,验证,需进一步验证,Git
tests/test_real_database_protection.py,1630,f3b4afae1430e0e28035b3f99883254c71a04fb1add4f720cbb092563fec46da,S3,高,,,验证,需进一步验证,Git
tools/windows/demo/seed_v04c1_demo_windows.cmd,2327,3864e010668f9ba6cfc36843f8129b276183f94534e152465fe7e83dcc45bcd4,S3,高,,,验证,需进一步验证,Git
tools/windows/demo/seed_v04c_demo_windows.bat,117,06d04473fe8d122a628180abdd8b03d69126a8f0551c84069d8a5a7c41d713c6,S3,高,,,验证,需进一步验证,Git
tools/windows/demo/seed_v04db_demo_windows.cmd,1750,74f832ed81bfdd2b925a71156101cbd19c13e594ad88fe4e814f4153a7c2f27f,S3,高,,,验证,需进一步验证,Git
tools/windows/demo/seed_v04d_demo_windows.cmd,1741,cd38d51f6689880aa5a5823121acff4c33988dea5226499b1e9dacf1cb17bbc6,S3,高,,,验证,需进一步验证,Git
tools/windows/demo/seed_v04e_demo_windows.cmd,1743,5ca4d3fe43fdc67cc4ffda4d6708767589870fe9b1f63a1c1fabb337b2450316,S3,高,,,验证,需进一步验证,Git
tools/windows/diagnostics/self_check_windows.bat,241,1dcc00a5a4b4153927ab41b9cc2783487b5d6d9cee0a3f29a5386e1e1433b881,S3,高,,,验证,需进一步验证,Git
tools/windows/diagnostics/v04c_diagnose_windows.cmd,1858,714f740f2582a5928a8ab115d3f7ace38de0dcdeaeaae9a732553f2b5013106c,S3,高,,,验证,需进一步验证,Git
tools/windows/maintenance/export_windows.bat,124,f7580a8376ac834fe75f575971dfa8ce37a10b4b3125a3dbcc637f8516fd0602,S3,高,,,验证,需进一步验证,Git
tools/windows/maintenance/import_seed_windows.bat,488,92fdbf081eee5d9457c37ee1877c83905e646f4cddca292a66c2e75f82743786,S3,高,,,验证,需进一步验证,Git
tools/windows/maintenance/refresh_recommendations_windows.bat,347,17f3f258bb11cc9e3416350c81a497ee3d78421b04244907c042e31b825a146b,S3,高,,,验证,需进一步验证,Git
tools/windows/reports/README_FIRST.txt,760,07377491179513c21f8ef6150e74c6a3b9a8b577f1a7789a313610eb049c8eb1,S3,高,,,验证,需进一步验证,Git
tools/windows/reports/VALIDATION_REPORT.txt,1117,fb2afd24428760936c4f38c9a06bd74edda8490c6f69772fce411f9ec1e7906e,S3,高,,,验证,需进一步验证,Git
tools/windows/archive/v04b/apply_v04b_windows.bat,244,47c7723ba54b188a6a4267d0f25e1c4fa10f8cfca6436549b8bb198daf5dd41a,S3,高,,,验证,需进一步验证,Git
tools/windows/archive/v04c/migrate_v04c1_windows.cmd,2320,dc7957c8a5f0d4f350b267a59b764c029461372b1fdad37e911d172b745bc726,S3,高,,,验证,需进一步验证,Git
tools/windows/archive/v04c/migrate_v04c_windows.cmd,2301,6db41fdbf46e4d9571b5defbfd7d0960df6f719853ad5c49a028b1784d08418f,S3,高,,,验证,需进一步验证,Git
tools/windows/archive/v04c/verify_v04c1_windows.cmd,2314,6cc1a66ac7a8d72e6d4ea9004b1fb43666b14aedf739688c94622ba37021b5ed,S3,高,,,验证,需进一步验证,Git
tools/windows/archive/v04c/verify_v04c_windows.cmd,2293,f5bcbbfa5ae0f8cceb38f74421f11a4ca7850e5c85968c9ca7a0ea8162516d7e,S3,高,,,验证,需进一步验证,Git
tools/windows/archive/v04d/collect_v04d_context_windows.cmd,1844,59ac31c133ed72feb2fbab696d6aa0e3e71b8799e8c77610eb46e49f6fddcb84,S3,高,,,验证,需进一步验证,Git
tools/windows/archive/v04d/migrate_v04db_windows.cmd,1748,85fb333028de5b87f1cda70e68e372e8663196415c17b690770ddfb6f9bf982c,S3,高,,,验证,需进一步验证,Git
tools/windows/archive/v04d/migrate_v04d_windows.cmd,1739,3710a0147b3790c0362116bb3abb3c5f4a14ce8f5b7fa9cb16f0f12880bd3906,S3,高,,,验证,需进一步验证,Git
tools/windows/archive/v04d/verify_v04d2_windows.bat,3108,d2b8c04b1ba6ebb9965c9587f80b6b6686c5bb4c54bca151be2ea6f922a91f2d,S3,高,,,验证,需进一步验证,Git
tools/windows/archive/v04d/verify_v04d3_windows.bat,1447,2ec2a7b0345f260cd4635dbd64bda8aea459091146ec9d0abd2faac5075e3628,S3,高,,,验证,需进一步验证,Git
tools/windows/archive/v04d/verify_v04d4_windows.bat,1688,20cb5eb89668d500796b0b6002595069f8094ef8fdd3ad24f6cd72a0df2a5461,S3,高,,,验证,需进一步验证,Git
tools/windows/archive/v04d/verify_v04db_windows.cmd,1735,f58af9351182abfa2d1331f653d1d0f029f0c2f8cc9b878aced05407d2e7116f,S3,高,,,验证,需进一步验证,Git
tools/windows/archive/v04d/verify_v04d_windows.cmd,1726,39f166074d6c34412d60f650bbc8cb1b4d36f5424c858159f46f941a353af0c0,S3,高,,,验证,需进一步验证,Git
tools/windows/archive/v04e/migrate_v04e_windows.cmd,1741,4d37125766b3559aedad0801145b79ff2a4e967d65acec028313618674676111,S3,高,,,验证,需进一步验证,Git
tools/windows/archive/v04e/verify_v04e_windows.cmd,1726,06940d0c71747b1accc99730de60fa0a6a481df61387d6cb878c054bd917a465,S3,高,,,验证,需进一步验证,Git
tools/windows/archive/v04f/migrate_v04f_windows.bat,729,63f8646572e14a1d2bb759e7c0cde46edf2ce1583c62ae3367638aa40553f844,S3,高,,,验证,需进一步验证,Git
tools/windows/archive/v04f/verify_v04f_windows.bat,736,7ddd375146766799db6b3980260717419c9c50712dca23b1a40cb9c772a64bcb,S3,高,,,验证,需进一步验证,Git
tools/windows/archive/v04g/migrate_v04g_windows.bat,561,b540718c37e43f528121f14831d7c8d68eb64182a5dbc3b549fc23245baa294e,S3,高,,,验证,需进一步验证,Git
tools/windows/archive/v04g/verify_v04g_windows.bat,568,12a3bcbadef54632d7e2a7792f6943dedd112f07755d7659b8eccd4f229eb670,S3,高,,,验证,需进一步验证,Git
tools/windows/archive/v04h/migrate_v04h_windows.bat,336,cc72b73b2571e9f8730b3da9deccf4e2f84d8d6b01771a5df81a563311d08962,S3,高,,,验证,需进一步验证,Git
tools/windows/archive/v04h/verify_v04h_windows.bat,438,72be4a973593418be00ad93e7f9d1925cc2bbc425573db8192932ac74771f094,S3,高,,,验证,需进一步验证,Git
tools/windows/archive/v05a/migrate_v05a_windows.bat,336,8fa0b64bd0cccf1159c8dc1c7c7478f87215dbaec10d4c5c90605dcda8bdbea4,S3,高,,,验证,需进一步验证,Git
tools/windows/archive/v05a/verify_v05a_windows.bat,464,180095544ebf09e446cfefd6d2d55226d692417abb56a60635785926d275a654,S3,高,,,验证,需进一步验证,Git
tools/patches/archive/base_html_导航追加.txt,297,3dfb462842024b19c75d5718fd82df52a2a49e2b0453f3f778497446abaac20c,S3,高,,,验证,需进一步验证,Git
tools/patches/archive/intelligence_detail_可选追加.txt,548,1953271ef8dccb266fb3a9e38d2b30fd2bef70b28d2b9f0061b4b0e2efaf0aab,S3,高,,,验证,需进一步验证,Git
tools/patches/archive/main_py_必须追加.txt,826,5375b339f48555defbdeec07f94aa6ae1d2301ebdf9fc270220d43d1b301c2e3,S3,高,,,验证,需进一步验证,Git
tools/patches/archive/v04c1页面入口_可选追加.txt,290,1d555522abb1579485577f2ae024fc54e13ae73856f0ff9e682965ab61856e1e,S3,高,,,验证,需进一步验证,Git
tools/patches/archive/v04db_别名匹配集成_可选.txt,1322,d1ee4dd2d4b7ae983d12c71c3503f641fb89bf6314d15b01e617032df883ee4d,S3,高,,,验证,需进一步验证,Git
tools/patches/archive/v04d_别名搜索集成_可选.txt,1267,27f9ff344883de9ccc27350cfe4d23c7d8053f6fa70fbb85dcd4354779b076d2,S3,高,,,验证,需进一步验证,Git
tools/patches/archive/v04d页面增加入口_可选.txt,233,c083ff720f1bb00cdfbe583997ec4eb148d82dcce3b2b6224991cb002d0720d7,S3,高,,,验证,需进一步验证,Git
scripts/audit/audit_redundancy.py,23608,1f4b44c7d87c33a0d99278a9fee24f0a2afd50980a4d5220aab41192d18ea8e3,S3,高,,,验证,脚本需验证,Git
scripts/migrations/001_core_domain_unification.py,9399,4afcc7e9ace959ba3f9c95e215efad2b30fae0477b57a1dd76002537ca21aef6,S3,高,,,验证,脚本需验证,Git
scripts/migrations/002_repair_domain_integrity.py,7278,26408bdec99c07a0b839b94e9e4c7cad71c860fddab556eaaa832ff257cb4327,S3,高,,,验证,脚本需验证,Git
scripts/migrations/__init__.py,52,d75131c2e3d33276d9d0d4412f54ef85b8219831123c2f396f5f6ab67b5e62a0,S3,高,,,验证,脚本需验证,Git
reference_documents/design/01_生物医药产业链分类与标签体系_V1.0.docx,49027,ca897c14103d3493962314264423829b44b7f55e4cd97f0a2a8e78122e19cd70,S3,高,,,验证,需进一步验证,Git
reference_documents/design/02_专属资源画像与业务场景手册_V1.1.docx,44385,25868272aec0d16ea869340ded864414484d76c17348db9663e6681c345c32ad,S3,高,,,验证,需进一步验证,Git
reference_documents/design/02_生物医药产业情报系统数据架构_V1.0.docx,52282,cc482697dab2f9515008ecd2df1fe4b0ddb278e91887e75526be1ce598d64f34,S3,高,,,验证,需进一步验证,Git
reference_documents/design/05_专属监控池与匹配规则_V1.1.xlsx,14567,2968956faf5e0606cf164a48cdb5e2efb5eea07dec5baf2cab3145932ad49533,S3,高,,,验证,需进一步验证,Git
reference_documents/design/05_产业标签字典与数据库字段表_V1.0.xlsx,23638,f82769d9b337f64974155f015e833fcaee051c467574113208776de5d71cad9e,S3,高,,,验证,需进一步验证,Git
reference_documents/design/06_首批数据源清单与采集方式_V1.0.xlsx,15170,5fbfd6e4096fddbd16590105f18b16328e8187af63efebc3d1652bab47829238,S3,高,,,验证,需进一步验证,Git
reference_documents/requirements/03_行业雷达与资源匹配Agent需求说明书_V1.0.docx,43036,7b8017b6e821b12103dc4e2958fd64ad6b1421ff7fd4e9655b2993fe9911f5d2,S3,高,,,验证,需进一步验证,Git
reference_documents/requirements/04_第一阶段MVP实施方案_V1.0.docx,42856,95b88520d23101795daea50b1b4d7d111a2fcd5667f24b08792b46e4704bb531,S3,高,,,验证,需进一步验证,Git
reference_documents/validation/01_第二轮校准总报告_V1.1.docx,42761,774cb57456bc7adfb946de343deaa27ca05ab03cb9602071a10837215d05f3dc,S3,高,,,验证,需进一步验证,Git
reference_documents/validation/03_专属Agent校准规则与实施清单_V1.1.docx,41713,80f2f44f431f04ec5ca052187b13764fa2690f216d9e95a378dafc9661384af2,S3,高,,,验证,需进一步验证,Git
reference_documents/validation/04_第二轮校准种子数据库_V1.1.xlsx,22010,66e3304d8a6e2dc2772edd4b22486ceae4efb44bd48758b449c187ebc0839bc5,S3,高,,,验证,需进一步验证,Git
patches/v05F_multisource_collection_patch_20260701_093910/migrate_v05f_windows.bat,589,b1173fecffc1cceacea951846acdf0f209c7f637de62e1369e458e1e72c6a042,S3,高,,,验证,需进一步验证,Git
patches/v05F_multisource_collection_patch_20260701_093910/project_tools_windows.bat,2247,b289a89ee1fd8dc7444032e1016dd5d37ac565a491267d6968d71f494c1210fa,S3,高,,,验证,需进一步验证,Git
patches/v05F_multisource_collection_patch_20260701_093910/run_collection_once_windows.bat,648,32a96364a1a20ea9e5060bcb528c8589ce3a835eb0ba6fedef5482e1eddf3c98,S3,高,,,验证,需进一步验证,Git
patches/v05F_multisource_collection_patch_20260701_093910/run_collection_worker_windows.bat,643,c12351f64341cd2db9d153674b7997aee6b298a8d9513b27c54923ab78e8872b,S3,高,,,验证,需进一步验证,Git
patches/v05F_multisource_collection_patch_20260701_093910/verify_v05f_windows.bat,588,a6f0a68ac0cad770a6910321ca73ab5dc88ec708750cf03ecf56a56827dda7b9,S3,高,,,验证,需进一步验证,Git
patches/v05G_semantic_processing_patch_20260701_113851/migrate_v05g_windows.bat,311,c97098f9c6da532ccac135d4bcb1f3ae2724f4387f3a6431a2f4d69b4aa6be87,S3,高,,,验证,需进一步验证,Git
patches/v05G_semantic_processing_patch_20260701_113851/project_tools_windows.bat,2577,cb074d666abb602016a51ceac6fefd2718c6572bfad8a99b6c325cabc233ead1,S3,高,,,验证,需进一步验证,Git
patches/v05G_semantic_processing_patch_20260701_113851/run_processing_once_windows.bat,422,920170abbbca451d5a63244fb58ff040761525b644f0ce5681e92a40ab556ccc,S3,高,,,验证,需进一步验证,Git
patches/v05G_semantic_processing_patch_20260701_113851/run_processing_worker_windows.bat,330,baa83570c7c96d0cc95f647629ed1b9788263abd2cb78e43391c3fa516e01c62,S3,高,,,验证,需进一步验证,Git
patches/v05G_semantic_processing_patch_20260701_113851/verify_v05g_windows.bat,318,82f8c19b940ea6cecc0eaa4ca0fd6f99319f42786431fef28e6cd9a4a0474d59,S3,高,,,验证,需进一步验证,Git
patches/v05M_全站产品化收口中文化入口整合与核心流程重构_完整覆盖补丁_staging/verify_v05m_windows.bat,458,8f6c4e4383c3e7ea2091caedb04483a910f1f388d429506d4710a7482031606a,S3,高,,,验证,需进一步验证,Git
patches/v05M_全站产品化收口中文化入口整合与核心流程重构_完整覆盖补丁_staging/补丁说明_v05M.md,1193,9382435cb58dd11b6af155c4593abf8d969fcfd0c220c4d99d09cd88a73d974d,S3,高,,,验证,需进一步验证,Git
patches/v05M_全站产品化收口中文化入口整合与核心流程重构_完整覆盖补丁_staging/app/main.py,69046,cc785e4385eafac08c2855b74d202d3a16fc0d93c1e291eee4357e85b90f6962,S3,高,,,验证,需进一步验证,Git
patches/v05M_全站产品化收口中文化入口整合与核心流程重构_完整覆盖补丁_staging/app/navigation.py,5961,e3d54eea732399f2fedcdcc8877763da9612423788fa7a8057a97222e4b2503c,S3,高,,,验证,需进一步验证,Git
patches/v05M_全站产品化收口中文化入口整合与核心流程重构_完整覆盖补丁_staging/scripts/check_user_visible_english.py,4166,53a5240bee5347a6dba1e1ad0961513579d6352cc33465789ae2869fd72dca7e,S3,高,,,验证,需进一步验证,Git
patches/v05M_全站产品化收口中文化入口整合与核心流程重构_完整覆盖补丁_staging/scripts/verify_all.py,8722,bac6f3aca1a45c63961c7ac8e829aa1f86ca99604858f5e3b595230bf952f72a,S3,高,,,验证,需进一步验证,Git
patches/v05M_全站产品化收口中文化入口整合与核心流程重构_完整覆盖补丁_staging/scripts/verify_v05m.py,5394,4f2d72353ddf00f11f3e9509cbb917fcb813037e04276c8ec61c51b11232b732,S3,高,,,验证,需进一步验证,Git
patches/v05M_全站产品化收口中文化入口整合与核心流程重构_完整覆盖补丁_staging/app/i18n/helpers.py,4400,6dbfb24ba347d39b3828afa4efe59be4c2db6c84130fc84fdf4bd5ee6671e025,S3,高,,,验证,需进一步验证,Git
patches/v05M_全站产品化收口中文化入口整合与核心流程重构_完整覆盖补丁_staging/app/i18n/zh_cn.py,6214,0bf1cdfbf0802af4a35c718e968faea36ea2a93e940ede50f6b90b4bd49c698d,S3,高,,,验证,需进一步验证,Git
patches/v05M_全站产品化收口中文化入口整合与核心流程重构_完整覆盖补丁_staging/app/static/style.css,25314,04994861868be4a7496b263491649e5096eb8b74724b4c35516952c81469bb68,S3,高,,,验证,需进一步验证,Git
patches/v05M_全站产品化收口中文化入口整合与核心流程重构_完整覆盖补丁_staging/app/templates/actions.html,1778,c5118bc98c6ba9de17b9eb39dbcc60aa78e24c7f91c45f99d0cce5e0442d67b9,S3,高,,,验证,需进一步验证,Git
patches/v05M_全站产品化收口中文化入口整合与核心流程重构_完整覆盖补丁_staging/app/templates/base.html,4005,0ddc12b69669ea3df0a6ad9d87d4e5934e41b8dc079883eb86b1a1c5f64a4891,S3,高,,,验证,需进一步验证,Git
patches/v05M_全站产品化收口中文化入口整合与核心流程重构_完整覆盖补丁_staging/app/templates/dashboard.html,4342,225997cac44947c3f652489da668d0c7ca38ac8062d4df685406bac6b13c08a6,S3,高,,,验证,需进一步验证,Git
patches/v05M_全站产品化收口中文化入口整合与核心流程重构_完整覆盖补丁_staging/app/templates/events.html,1079,731c7e82e28462e97c1fe3445aa43b4ab49cc4420dc8de8bf09b6c9f50f9e5b3,S3,高,,,验证,需进一步验证,Git
patches/v05M_全站产品化收口中文化入口整合与核心流程重构_完整覆盖补丁_staging/app/templates/generic_form.html,12720,0ff631c7b0aa51a516f1c66cc8a133ef2496b64aa9f1911748e44e6d90973563,S3,高,,,验证,需进一步验证,Git
patches/v05M_全站产品化收口中文化入口整合与核心流程重构_完整覆盖补丁_staging/app/templates/organizations.html,1539,e9ab85136d40e24faff2de6f0adbd6ce34b920b5fa882525c73d114cc923750d,S3,高,,,验证,需进一步验证,Git
patches/v05M_全站产品化收口中文化入口整合与核心流程重构_完整覆盖补丁_staging/app/templates/people.html,1537,9b7690249aa2e595a4fc82716bfea58edfc7d7ec9a5b962d70ca5b79eafee7ad,S3,高,,,验证,需进一步验证,Git
patches/v05M_全站产品化收口中文化入口整合与核心流程重构_完整覆盖补丁_staging/app/templates/projects.html,1079,31b4d9544fc9989932456bf8caa6ecc64377e5d65c607d135d18777812e847e5,S3,高,,,验证,需进一步验证,Git
patches/v05M_全站产品化收口中文化入口整合与核心流程重构_完整覆盖补丁_staging/app/templates/relations.html,1041,cb38a84251485172843f3d0607ab7a7a13e42ad8564e6e47b0e5f4fbaea09498,S3,高,,,验证,需进一步验证,Git
patches/v05M_全站产品化收口中文化入口整合与核心流程重构_完整覆盖补丁_staging/app/templates/resources.html,1096,b39bed335bb245b6ee20b365f30df4577b6ce71c5b3dcc8fc338d5da11e80988,S3,高,,,验证,需进一步验证,Git
patches/v05M_全站产品化收口中文化入口整合与核心流程重构_完整覆盖补丁_staging/app/templates/subject_center.html,3881,41cb11d101cab33ccd1c3f7a4b599a09bcb9f4d37c26fd804dadaa75114edfd6,S3,高,,,验证,需进一步验证,Git
patches/v05M_全站产品化收口中文化入口整合与核心流程重构_完整覆盖补丁_staging/app/templates/v04c1_ingestion.html,2027,56da4dcd7c742fe893b8a0464779bcf5aff13dd3c809ad0f84e66a5fc375483e,S3,高,,,验证,需进一步验证,Git
patches/v05M_全站产品化收口中文化入口整合与核心流程重构_完整覆盖补丁_staging/app/templates/v04c_review_queue.html,4184,3c0f74393694d93fc2d19e4129013cabc7c5c33369bca54a4ebfdc641dd96ea8,S3,高,,,验证,需进一步验证,Git
patches/v05M_全站产品化收口中文化入口整合与核心流程重构_完整覆盖补丁_staging/app/templates/v04f_club.html,14949,2c4dc55126786b6b71a8695ae701b00beb5f98c7c3a867c1c59100b333197757,S3,高,,,验证,需进一步验证,Git
patches/v05M_全站产品化收口中文化入口整合与核心流程重构_完整覆盖补丁_staging/app/templates/v04f_club_apply.html,2017,3ecc5369f4d76ece163ebad967fa7ffaececbc0fcd4a24ad7790aff404ed34f2,S3,高,,,验证,需进一步验证,Git
patches/v05M_全站产品化收口中文化入口整合与核心流程重构_完整覆盖补丁_staging/app/templates/v04f_leads.html,2342,06c0adf80b1cc9cf91d8695e76f7953f8f4125762805e316a7377cabf4e769ca,S3,高,,,验证,需进一步验证,Git
patches/v05M_全站产品化收口中文化入口整合与核心流程重构_完整覆盖补丁_staging/app/templates/v04h_recommendations.html,3140,d1b8564310b39c30c483468132d0dad60c2a070b5371c44d3a640a6e788a731b,S3,高,,,验证,需进一步验证,Git
patches/v05M_全站产品化收口中文化入口整合与核心流程重构_完整覆盖补丁_staging/app/templates/v05a_security.html,10278,042a58218286a8b734ec240e2ba74d1c421977c6521b1ebf0b8802795360b48a,S3,高,,,验证,需进一步验证,Git
patches/v05M_全站产品化收口中文化入口整合与核心流程重构_完整覆盖补丁_staging/app/templates/v05b_member_import.html,5477,33108c975c538ae359a21ca25a81698529ab4f1b0da41111fe6078ce4c4011f6,S3,高,,,验证,需进一步验证,Git
patches/v05M_全站产品化收口中文化入口整合与核心流程重构_完整覆盖补丁_staging/app/templates/v05c_club_events.html,7745,c47d148cbf13701cfeb412ddb761d51d4ca4e4b5e74f183bdeab62b9ca3315a3,S3,高,,,验证,需进一步验证,Git
patches/v05M_全站产品化收口中文化入口整合与核心流程重构_完整覆盖补丁_staging/app/templates/v05e_dashboard.html,4882,d05eb0c31080234af94eb98ba46307dae049fe7e38bc94b42414cb9c1297eda7,S3,高,,,验证,需进一步验证,Git
patches/v05M_全站产品化收口中文化入口整合与核心流程重构_完整覆盖补丁_staging/app/templates/v05e_signals.html,7106,854cb1ca671ddf29b1375b78db8c5ac2d43fae088c2b70ccc3a63d92a09105a2,S3,高,,,验证,需进一步验证,Git
patches/v05M_全站产品化收口中文化入口整合与核心流程重构_完整覆盖补丁_staging/app/templates/v05f_collection.html,9508,f62369e91f9fb423dbbff31d81b0d2802c2c6c3d04153c00faeccb3f351f2c47,S3,高,,,验证,需进一步验证,Git
patches/v05M_全站产品化收口中文化入口整合与核心流程重构_完整覆盖补丁_staging/app/templates/v05g_processing.html,11196,1e6eaf7b23fe75c8c21c4e3424edab45ca2801a424f754e3a94401af9a37b5ab,S3,高,,,验证,需进一步验证,Git
patches/v05M_全站产品化收口中文化入口整合与核心流程重构_完整覆盖补丁_staging/app/templates/v05h_reports.html,5553,566c47b573456e9b03f8ea415e9e40105ec372c30ef58b64231b13ed227b8edb,S3,高,,,验证,需进一步验证,Git
patches/v05M_全站产品化收口中文化入口整合与核心流程重构_完整覆盖补丁_staging/app/templates/v05i_pipeline.html,8930,7773f56caad548e27617391d684b9d3675410449db4fb836884b6376a53310f6,S3,高,,,验证,需进一步验证,Git
patches/v05M_全站产品化收口中文化入口整合与核心流程重构_完整覆盖补丁_staging/app/templates/v05j_research.html,9238,c2dbad128783be3e0a824a918105b7c6741001626b4fe3d20ed69d16af20510d,S3,高,,,验证,需进一步验证,Git
patches/v05M_全站产品化收口中文化入口整合与核心流程重构_完整覆盖补丁_staging/app/services/reports/report_generation_service.py,12952,ca2f01d46e4e58fc3a516f6b3ac77a15a73ebbff66fb23ec539f7351833c37c4,S3,高,,,验证,需进一步验证,Git
patches/v05M_全站产品化收口中文化入口整合与核心流程重构_完整覆盖补丁_staging/app/api/v1/collection.py,9908,a20d56239a9794598f3f4a030ed96315a5ce43bbfecb16e4b8a8f50b61f01875,S3,高,,,验证,需进一步验证,Git
patches/v05M_全站产品化收口中文化入口整合与核心流程重构_完整覆盖补丁_staging/app/api/v1/pipeline.py,4566,cd974357c21e2a31dc90ca6f62cbce77751bce642a8dc828e1a634df5161a34c,S3,高,,,验证,需进一步验证,Git
patches/v05M_全站产品化收口中文化入口整合与核心流程重构_完整覆盖补丁_staging/app/api/v1/processing.py,5575,eec666fa817d07a03e19cc4c38898a7e7ae133817b88b38c48b3e347912a485d,S3,高,,,验证,需进一步验证,Git
patches/v05M_全站产品化收口中文化入口整合与核心流程重构_完整覆盖补丁_staging/app/api/v1/reports.py,4030,e0979b8c961aeb2b449c04461f367d2d2909e2b991735e5901cd39ba45899294,S3,高,,,验证,需进一步验证,Git
patches/v05M-R_异常中断恢复模板乱码与全站回归修复_完整覆盖补丁_staging/app/analyzer.py,10616,c5dca7fd8bba5df94d079ed2a14e70d924f2c78fc66a7b16aa19e355fc2e0c08,S3,高,,,验证,需进一步验证,Git
patches/v05M-R_异常中断恢复模板乱码与全站回归修复_完整覆盖补丁_staging/app/crud_config.py,9928,60b7383e523c264bf6e91a8b0ce15b547ca5be0e661f804a3d584d4e50b13b6c,S3,高,,,验证,需进一步验证,Git
patches/v05M-R_异常中断恢复模板乱码与全站回归修复_完整覆盖补丁_staging/app/database.py,488,c33bc826538b7196523481c3af62efd69be7f06f27da2e46f5f17f2eedee93da,S3,高,,,验证,需进一步验证,Git
patches/v05M-R_异常中断恢复模板乱码与全站回归修复_完整覆盖补丁_staging/app/entity_analyzer.py,11109,a3db5f980ad3ab71a2aae03ea7b3cb3473698c5f69feb3c4e9533dab11db7a57,S3,高,,,验证,需进一步验证,Git
patches/v05M-R_异常中断恢复模板乱码与全站回归修复_完整覆盖补丁_staging/app/main.py,68928,056f091bd2fdbf318928a91e1877dc5bcd04fc3a505d3c58359131729f1641b7,S3,高,,,验证,需进一步验证,Git
patches/v05M-R_异常中断恢复模板乱码与全站回归修复_完整覆盖补丁_staging/app/models.py,16526,99d3e3aa5e735de71ef74db0605e76bd2c4298f7e8e22e0e8fcd754fae6ed1d3,S3,高,,,验证,需进一步验证,Git
patches/v05M-R_异常中断恢复模板乱码与全站回归修复_完整覆盖补丁_staging/app/navigation.py,5961,e3d54eea732399f2fedcdcc8877763da9612423788fa7a8057a97222e4b2503c,S3,高,,,验证,需进一步验证,Git
patches/v05M-R_异常中断恢复模板乱码与全站回归修复_完整覆盖补丁_staging/app/paste_router.py,5651,907371afd69c4ca643f315bd75164d15c1d0390e746d27029393283cdf76c8d2,S3,高,,,验证,需进一步验证,Git
patches/v05M-R_异常中断恢复模板乱码与全站回归修复_完整覆盖补丁_staging/app/security.py,27079,a426f1d5a667ea85f01f00b01a64de23bfc1c4aae62344cf074b3af4fc35b023,S3,高,,,验证,需进一步验证,Git
patches/v05M-R_异常中断恢复模板乱码与全站回归修复_完整覆盖补丁_staging/app/v04c1_ingestion.py,65181,98a528c4110ea4f0b73da0f4edb320d3f306ba103a74361650b6b2aa694b48b8,S3,高,,,验证,需进一步验证,Git
patches/v05M-R_异常中断恢复模板乱码与全站回归修复_完整覆盖补丁_staging/app/v04c_review.py,38959,ff6e26dc1581e1cd817cccf88b88b717b7e67f8e031982b10dbac3ecaab18205,S3,高,,,验证,需进一步验证,Git
patches/v05M-R_异常中断恢复模板乱码与全站回归修复_完整覆盖补丁_staging/app/v04db_prestructure.py,47228,eb8f47c11ec5fa23aedf0c1446c6842854bb1d7392fc285f9a0096db99a025fc,S3,高,,,验证,需进一步验证,Git
patches/v05M-R_异常中断恢复模板乱码与全站回归修复_完整覆盖补丁_staging/app/v04d_structuring.py,48161,3a790eafc11cca740b4ce20f85fc57d24b49852a82b2f61f047c2ce6c0d6728e,S3,高,,,验证,需进一步验证,Git
patches/v05M-R_异常中断恢复模板乱码与全站回归修复_完整覆盖补丁_staging/app/v04e_entity_resolution.py,36311,5fdd84ca20a24e1ab295711265267f7350379248ccb10a7ff8ba242a9be16ea1,S3,高,,,验证,需进一步验证,Git
patches/v05M-R_异常中断恢复模板乱码与全站回归修复_完整覆盖补丁_staging/app/v04f_operations.py,38188,244afff8e655e351a659e5a8af4869895d02b0dd25c8fd0efde8852111d10397,S3,高,,,验证,需进一步验证,Git
patches/v05M-R_异常中断恢复模板乱码与全站回归修复_完整覆盖补丁_staging/app/v04g_monitoring.py,5741,341d2bd59356b7b9d7cf897800e66bab5c6c35e0de491b0e399dc63d82b46344,S3,高,,,验证,需进一步验证,Git
patches/v05M-R_异常中断恢复模板乱码与全站回归修复_完整覆盖补丁_staging/app/v04h_recommendations.py,5135,70891a8799ed9608a7ea842199668f574fcc5c47cbd0f45427cebc0ee960fa0e,S3,高,,,验证,需进一步验证,Git
patches/v05M-R_异常中断恢复模板乱码与全站回归修复_完整覆盖补丁_staging/app/v05a_security.py,12584,8101dcbe94a3fdf4913d2fbd29eacca3db6ae58f332af3b4f98d8fc354e16503,S3,高,,,验证,需进一步验证,Git
patches/v05M-R_异常中断恢复模板乱码与全站回归修复_完整覆盖补丁_staging/app/v05b_member_import.py,42822,6759528f1eb83444be1dfeb14a00093136f3b274269b63e35e6e322524be2eec,S3,高,,,验证,需进一步验证,Git
patches/v05M-R_异常中断恢复模板乱码与全站回归修复_完整覆盖补丁_staging/app/v05c_club_events.py,27706,7e074416f2d1be7127e06bb5d530d427e7f67bf6d01775bc2c79b5fd2478ed37,S3,高,,,验证,需进一步验证,Git
patches/v05M-R_异常中断恢复模板乱码与全站回归修复_完整覆盖补丁_staging/app/v05d_member_portal.py,52931,664b8eb11f2bfce06246ebb021adf431db64e328998636fc9767d98c70f0dc7c,S3,高,,,验证,需进一步验证,Git
patches/v05M-R_异常中断恢复模板乱码与全站回归修复_完整覆盖补丁_staging/app/v05e_intelligence.py,5890,3a2bbe0021e9cac0a0c35f29b642b77422d40dee40f98e33e7aa857c55f588d6,S3,高,,,验证,需进一步验证,Git
patches/v05M-R_异常中断恢复模板乱码与全站回归修复_完整覆盖补丁_staging/app/v05f_collection.py,6649,8ba2933e516e980dda6945f4b03fbdc3d40222fd31458bd936741c7b59cf27b8,S3,高,,,验证,需进一步验证,Git
patches/v05M-R_异常中断恢复模板乱码与全站回归修复_完整覆盖补丁_staging/app/v05g_processing.py,5434,5f538b6e6982add027d91fd78357527986b320fb6e60db5ca364999985646d89,S3,高,,,验证,需进一步验证,Git
patches/v05M-R_异常中断恢复模板乱码与全站回归修复_完整覆盖补丁_staging/app/v05h_reports.py,3896,1792dbd264d0c67ff191abc949d7fe15a2c2860ab3251f8289957dee886e5a5d,S3,高,,,验证,需进一步验证,Git
patches/v05M-R_异常中断恢复模板乱码与全站回归修复_完整覆盖补丁_staging/app/v05i_pipeline.py,4492,bf77c805fa80db7b3b3529d8682acbd037315c66943b151f49285d0f1c5be654,S3,高,,,验证,需进一步验证,Git
patches/v05M-R_异常中断恢复模板乱码与全站回归修复_完整覆盖补丁_staging/app/v05j_research.py,9261,3a4354ac132aebcfc49a97dfde0c10649421a8da3b5db65afe80380b7817b297,S3,高,,,验证,需进一步验证,Git
patches/v05M-R_异常中断恢复模板乱码与全站回归修复_完整覆盖补丁_staging/app/v05kl_operations.py,3382,d990b4285178d83a39c12b9730df61b9ace28575d0b674078edacd8dab30f703,S3,高,,,验证,需进一步验证,Git
patches/v05M-R_异常中断恢复模板乱码与全站回归修复_完整覆盖补丁_staging/app/web_extractor.py,6815,57f630575d0cd62b32a1ad6e27b1e7e0795e74a39fd3c7c9f1129a7f014bba7b,S3,高,,,验证,需进一步验证,Git
patches/v05M-R_异常中断恢复模板乱码与全站回归修复_完整覆盖补丁_staging/app/__init__.py,0,e3b0c44298fc1c149afbf4c8996fb92427ae41e4649b934ca495991b7852b855,S1,低,,,删除,空文件,Git
patches/v05M-R_异常中断恢复模板乱码与全站回归修复_完整覆盖补丁_staging/docs/01_INSTALLATION.md,809,bb6cb8bc747e4869926548748d078a496c0075bf006ce28f4763f63620f1189f,S3,高,,,验证,需进一步验证,Git
patches/v05M-R_异常中断恢复模板乱码与全站回归修复_完整覆盖补丁_staging/docs/01_手动替换步骤.md,2627,eaaa6353469cd333639a13aa179994f361ca287eda6bd2acbb7d0aae8d2fa511,S3,高,,,验证,需进一步验证,Git
patches/v05M-R_异常中断恢复模板乱码与全站回归修复_完整覆盖补丁_staging/docs/02_QUICK_START.md,845,40ace06649d7516f17893f6de2d89e0e041a700b18204e2da0538a464eec4388,S3,高,,,验证,需进一步验证,Git
patches/v05M-R_异常中断恢复模板乱码与全站回归修复_完整覆盖补丁_staging/docs/02_功能与验收清单.md,2074,be5fba3ef560175d4534671b10dd0b5dfb09a77a1b605fe8c633377c8a4dfc1f,S3,高,,,验证,需进一步验证,Git
patches/v05M-R_异常中断恢复模板乱码与全站回归修复_完整覆盖补丁_staging/docs/02_功能验收清单.md,2609,07e7ff8fbe5977725534429de8aca6349ef96fd03af4743e84c93eb105907a9c,S3,高,,,验证,需进一步验证,Git
patches/v05M-R_异常中断恢复模板乱码与全站回归修复_完整覆盖补丁_staging/docs/03_USER_GUIDE.md,1253,ef8fbf84be29a98ce875e9ec35011c9c3bb13c605cc291e90c8be755bae03cae,S3,高,,,验证,需进一步验证,Git
patches/v05M-R_异常中断恢复模板乱码与全站回归修复_完整覆盖补丁_staging/docs/03_故障排查.md,2336,ea25625abf64c7453215e0eafe3dc3a3052783534077fc590f2eb0c8628ed024,S3,高,,,验证,需进一步验证,Git
patches/v05M-R_异常中断恢复模板乱码与全站回归修复_完整覆盖补丁_staging/docs/03_离线提取规则说明.md,1514,bcd516dc23b7641636a738dd85b8f3c4790abdf9109c43290db1ab3c45f4bfaf,S3,高,,,验证,需进一步验证,Git
patches/v05M-R_异常中断恢复模板乱码与全站回归修复_完整覆盖补丁_staging/docs/03_算法与安全边界.md,1292,34132b1f4feb36936ed8a7353eac82d4e6cb5ec0fa4bfd131c8cb5cc682819e3,S3,高,,,验证,需进一步验证,Git
patches/v05M-R_异常中断恢复模板乱码与全站回归修复_完整覆盖补丁_staging/docs/04_DATA_MODEL.md,1428,8ea6c72515a52c7ca7bfb61508db139641cad8813427fc705617b7129576dac3,S3,高,,,验证,需进一步验证,Git
patches/v05M-R_异常中断恢复模板乱码与全站回归修复_完整覆盖补丁_staging/docs/04_故障排查.md,1581,c6d452f63ce22b33e2e39876b736f0300a6c80fe07fa5fcb4dc47be322382c65,S3,高,,,验证,需进一步验证,Git
patches/v05M-R_异常中断恢复模板乱码与全站回归修复_完整覆盖补丁_staging/docs/05_REVIEW_WORKFLOW.md,1280,8f6252999adf2d7a85fc753ef1b6f4924deacde97858607834cc6d877f8d29c8,S3,高,,,验证,需进一步验证,Git
patches/v05M-R_异常中断恢复模板乱码与全站回归修复_完整覆盖补丁_staging/docs/06_DATA_INGESTION.md,1660,295d21c8c6048db5fcaa952df8742e1b478cb73d6f945d1903721c2a70e78a70,S3,高,,,验证,需进一步验证,Git
patches/v05M-R_异常中断恢复模板乱码与全站回归修复_完整覆盖补丁_staging/docs/07_DEVELOPMENT.md,1212,f229e5249487074f4935c835a3dc726724bde0bb5f5b8df762c464fa10494476,S3,高,,,验证,需进一步验证,Git
patches/v05M-R_异常中断恢复模板乱码与全站回归修复_完整覆盖补丁_staging/docs/08_TROUBLESHOOTING.md,1223,e6eb1f98b8fbb6571f5001f0fb6152de8b2104425675a8c47e265b06564890ed,S3,高,,,验证,需进一步验证,Git
patches/v05M-R_异常中断恢复模板乱码与全站回归修复_完整覆盖补丁_staging/docs/09_CHANGELOG.md,1053,760fa87295376e9fe84eff0d1ea1e9d2209f0a210575445e670807c31988c13b,S3,高,,,验证,需进一步验证,Git
patches/v05M-R_异常中断恢复模板乱码与全站回归修复_完整覆盖补丁_staging/docs/10_V04D_STRUCTURING.md,1638,e98d29ca27e13f1ce8ae1c6e3bac694aad0d27ae5e6554998df5af82fb80d365,S3,高,,,验证,需进一步验证,Git
patches/v05M-R_异常中断恢复模板乱码与全站回归修复_完整覆盖补丁_staging/docs/11_V04H_RECOMMENDATIONS.md,2491,0da1e5d537a19dbd51cb26a33992f90e6f74ac8b1c18b088183b31a9e2a7a1ff,S3,高,,,验证,需进一步验证,Git
patches/v05M-R_异常中断恢复模板乱码与全站回归修复_完整覆盖补丁_staging/docs/12_V05A_SECURITY.md,3207,d923f5c1bb5e43fb3b558ae9079ad1612c12eb65553929949ca003ea2176b616,S3,高,,,验证,需进一步验证,Git
patches/v05M-R_异常中断恢复模板乱码与全站回归修复_完整覆盖补丁_staging/docs/13_V05A_PATCH_INSTALL.md,1865,56f3f3324c879128c404b5e9f5a18bf638b3e47c4555aa34c69930dfd776b09e,S3,高,,,验证,需进一步验证,Git
patches/v05M-R_异常中断恢复模板乱码与全站回归修复_完整覆盖补丁_staging/docs/14_V05B_MEMBER_IMPORT.md,3311,b165c8e11b1e0bcd7b40744c4c604380332b6095da8dfe8711d3694c37051a30,S3,高,,,验证,需进一步验证,Git
patches/v05M-R_异常中断恢复模板乱码与全站回归修复_完整覆盖补丁_staging/docs/15_V05B_PATCH_INSTALL.md,2012,5d116ab1ef7aea92ac4daf54dcfb9730495ef8ee29c42272a068defa67a55d15,S3,高,,,验证,需进一步验证,Git
patches/v05M-R_异常中断恢复模板乱码与全站回归修复_完整覆盖补丁_staging/docs/16_V05B_QUICK_ACCEPTANCE.md,646,ceeb2f2c3b6c22fe698552899cb0af473bff2b720fbdc94cef2ef3b6dae7f005,S3,高,,,验证,需进一步验证,Git
patches/v05M-R_异常中断恢复模板乱码与全站回归修复_完整覆盖补丁_staging/docs/API_V1_GUIDE.md,9556,586a4c9931c5a7787704277787be4ab28301df1313870d3c19af0ab1e8d25751,S3,高,,,验证,需进一步验证,Git
patches/v05M-R_异常中断恢复模板乱码与全站回归修复_完整覆盖补丁_staging/docs/COLLECTION_SCHEDULER_WINDOWS.md,1529,7b80bcd21997654ed0b87f84f62ca68579268c60d11475dbf9d028406cbf6fcc,S3,高,,,验证,需进一步验证,Git
patches/v05M-R_异常中断恢复模板乱码与全站回归修复_完整覆盖补丁_staging/docs/DOCUMENT_CLEANUP_REPORT.md,4241,64ec2daff317784bb0ba6280b261e5e9367ddd0684c8194d873dc208ad5a1a05,S3,高,,,验证,需进一步验证,Git
patches/v05M-R_异常中断恢复模板乱码与全站回归修复_完整覆盖补丁_staging/docs/DOCUMENT_INDEX.md,1863,4792bd430030f4a839db895eb526a9530b98b843eb8b9ccd1db285cdea98ab8f,S3,高,,,验证,需进一步验证,Git
patches/v05M-R_异常中断恢复模板乱码与全站回归修复_完整覆盖补丁_staging/docs/SKILLS_GUIDE.md,4047,b4440203a901c7883438fefdd685f4dc9f2064fca4ede16fcd79f1e43d40a632,S3,高,,,验证,需进一步验证,Git
patches/v05M-R_异常中断恢复模板乱码与全站回归修复_完整覆盖补丁_staging/docs/V04H_PATCH_MANIFEST.txt,464,2bb231bcde5c7d127428e82dddcb26b4b6e55757cc35223656203feddbe2a407,S3,高,,,验证,需进一步验证,Git
patches/v05M-R_异常中断恢复模板乱码与全站回归修复_完整覆盖补丁_staging/docs/V05A_PATCH_MANIFEST.txt,876,dee31e7f3da714a0c169f9a9ca4954885615d20d203abf80880804b32ad4b577,S3,高,,,验证,需进一步验证,Git
patches/v05M-R_异常中断恢复模板乱码与全站回归修复_完整覆盖补丁_staging/docs/V05B_PATCH_MANIFEST.txt,709,83b6cb8794c99291aa4f537767242c4ff88684f00baec75bd71d944bb9b47ddb,S3,高,,,验证,需进一步验证,Git
patches/v05M-R_异常中断恢复模板乱码与全站回归修复_完整覆盖补丁_staging/docs/V05F_COLLECTION.md,1915,6cb24d9fdd58c45e1600a4b60b548268f9098a6f0b6accc563ee18e343430b07,S3,高,,,验证,需进一步验证,Git
patches/v05M-R_异常中断恢复模板乱码与全站回归修复_完整覆盖补丁_staging/docs/V05F_PATCH_INSTALL.md,978,6c65b469ff615bf6b5974a3c8decb0ed5d22f01678a3764f0015bbed5740e9dd,S3,高,,,验证,需进一步验证,Git
patches/v05M-R_异常中断恢复模板乱码与全站回归修复_完整覆盖补丁_staging/docs/V05F_PATCH_MANIFEST.txt,1696,9f46f63373dc34788df0d8c6a510593bff5a590bdd0b1bfaaf9b6186c54ea80d,S3,高,,,验证,需进一步验证,Git
patches/v05M-R_异常中断恢复模板乱码与全站回归修复_完整覆盖补丁_staging/docs/V05G_PATCH_INSTALL.md,892,7ce6ff91777c11f0435a0cdb22290b614a146b019c2b62054a176504fff7fc6f,S3,高,,,验证,需进一步验证,Git
patches/v05M-R_异常中断恢复模板乱码与全站回归修复_完整覆盖补丁_staging/docs/V05G_PATCH_MANIFEST.txt,1119,b6346958291b528ba06ebc7a5615dea88aa8b0c3b4ff271256fa0d0574338d4e,S3,高,,,验证,需进一步验证,Git
patches/v05M-R_异常中断恢复模板乱码与全站回归修复_完整覆盖补丁_staging/docs/V05G_PROCESSING.md,2200,24866cc7b9908757395c771689e92c053ccecca97cb0751ccca6aed628074a19,S3,高,,,验证,需进一步验证,Git
patches/v05M-R_异常中断恢复模板乱码与全站回归修复_完整覆盖补丁_staging/docs/V05H_PATCH_INSTALL.md,866,725e621d51b7066e46f1ef6a97470d502954e279b3e2000d604e262363d2494d,S3,高,,,验证,需进一步验证,Git
patches/v05M-R_异常中断恢复模板乱码与全站回归修复_完整覆盖补丁_staging/docs/V05H_PATCH_MANIFEST.txt,1066,7c345aef9ac2b28dc08e80e83f6fdad8a9fcfbde00a0c9306f7590e8501398c3,S3,高,,,验证,需进一步验证,Git
patches/v05M-R_异常中断恢复模板乱码与全站回归修复_完整覆盖补丁_staging/docs/V05H_REPORTS_SIGNALS_NAVIGATION.md,2517,5020d3d9cfbf4e438726e1e3cd700c321273ced7572aa340bb8c59f9e274e376,S3,高,,,验证,需进一步验证,Git
patches/v05M-R_异常中断恢复模板乱码与全站回归修复_完整覆盖补丁_staging/docs/V05I_PATCH_INSTALL.md,982,f7bde40b2fb18a67871c7ced4de83e9e1fa4e217a6e2254147fd3ba9f93a503e,S3,高,,,验证,需进一步验证,Git
patches/v05M-R_异常中断恢复模板乱码与全站回归修复_完整覆盖补丁_staging/docs/V05I_PATCH_MANIFEST.txt,924,c84960ab88200370c480e5b86f9427b35d61be60494915237a94cde605164838,S3,高,,,验证,需进一步验证,Git
patches/v05M-R_异常中断恢复模板乱码与全站回归修复_完整覆盖补丁_staging/docs/V05I_PIPELINE_QUALITY_CENTER.md,3187,00b8ead86cf927a98c65c599bbd967406789e327a7cf86122f17726cb157cb77,S3,高,,,验证,需进一步验证,Git
patches/v05M-R_异常中断恢复模板乱码与全站回归修复_完整覆盖补丁_staging/docs/V05I_REAL_SOURCE_ACCEPTANCE.md,1069,11d5cef90280adb2eb49b30bacbde70c730a7affddc54e66a5cccffbda3a1c5e,S3,高,,,验证,需进一步验证,Git
patches/v05M-R_异常中断恢复模板乱码与全站回归修复_完整覆盖补丁_staging/docs/V05J_PATCH_INSTALL.md,2031,85e3609de22f6b635479bc3adc0dcea9b3f184df41d2b77f7ea8eaa2f0a94f5f,S3,高,,,验证,需进一步验证,Git
patches/v05M-R_异常中断恢复模板乱码与全站回归修复_完整覆盖补丁_staging/docs/V05J_PATCH_MANIFEST.txt,1211,9722c34d01613f25ed33a37fea7aa0f3ed34ac95696cbcec3160076f950613d0,S3,高,,,验证,需进一步验证,Git
patches/v05M-R_异常中断恢复模板乱码与全站回归修复_完整覆盖补丁_staging/docs/V05J_RESEARCH_I18N_INVESTMENT.md,3677,1358a98de92b63f049fb223c30466d0675e45c4683742ee19a45f1188f3db209,S3,高,,,验证,需进一步验证,Git
patches/v05M-R_异常中断恢复模板乱码与全站回归修复_完整覆盖补丁_staging/docs/V05KL_PATCH_INSTALL.md,1249,9f7992e119c1df2de589e377f9cdc607959f23fef99ddbc9cb3c6b646020e2bb,S3,高,,,验证,需进一步验证,Git
patches/v05M-R_异常中断恢复模板乱码与全站回归修复_完整覆盖补丁_staging/docs/V05KL_PATCH_MANIFEST.txt,930,b39969c813c05de5967c6213bf09e359308eda46a3eba629723209c9bf6d11dc,S3,高,,,验证,需进一步验证,Git
patches/v05M-R_异常中断恢复模板乱码与全站回归修复_完整覆盖补丁_staging/docs/V05KL_PRODUCTION_OPERATIONS.md,2319,600801c83f66b06e0b0b8c5bc103a3b870cfd31aeb0308c5e5f193c4c969d73b,S3,高,,,验证,需进一步验证,Git
patches/v05M-R_异常中断恢复模板乱码与全站回归修复_完整覆盖补丁_staging/docs/v05M-R_recovery_acceptance_and_rollback.md,1924,f816ad2394ff0a7aeb18851cd14a2dba4503cfdd250c3dbfdc5e321fcd8ee0b9,S3,高,,,验证,需进一步验证,Git
patches/v05M-R_异常中断恢复模板乱码与全站回归修复_完整覆盖补丁_staging/docs/v05M_人工验收与回滚说明.md,1938,f5faad04e617d66590f7bad4a5a3db64fcb50e0b41c3c6efc5b912962a4c9d49,S3,高,,,验证,需进一步验证,Git
patches/v05M-R_异常中断恢复模板乱码与全站回归修复_完整覆盖补丁_staging/scripts/apply_direct_route_fix.py,6927,8c2706a1a2fee897eebf4e2ca9299ccd83faf4cc513e1cb9fcff1b389a0f89c6,S3,高,,,验证,需进一步验证,Git
patches/v05M-R_异常中断恢复模板乱码与全站回归修复_完整覆盖补丁_staging/scripts/apply_v03b.py,3341,045d3068e401c6c5cdbcd36d142a84de123416f3228b8cb75c4ad234f1c22d20,S3,高,,,验证,需进一步验证,Git
patches/v05M-R_异常中断恢复模板乱码与全站回归修复_完整覆盖补丁_staging/scripts/apply_v03c.py,1883,f04db1cd26157fe8f4852511303e5e89f3dc37fd239b785f160368dc66360eab,S3,高,,,验证,需进一步验证,Git
patches/v05M-R_异常中断恢复模板乱码与全站回归修复_完整覆盖补丁_staging/scripts/apply_v04a.py,2324,bf2bcd1da07fa0025a7fea8833317c26ce7440b8ebbf089f9387ce79fe6cf47b,S3,高,,,验证,需进一步验证,Git
patches/v05M-R_异常中断恢复模板乱码与全站回归修复_完整覆盖补丁_staging/scripts/apply_v04b.py,4843,612588fe994e208ecbda53fc6e88ae2ba0b9f6c41d39a9341176a5950a10f4eb,S3,高,,,验证,需进一步验证,Git
patches/v05M-R_异常中断恢复模板乱码与全站回归修复_完整覆盖补丁_staging/scripts/audit_suspicious_entities.py,2874,47574779f9700e822fc07af6adf8de1c93959fa84036c7959b0110f67f6e7481,S3,高,,,验证,需进一步验证,Git
patches/v05M-R_异常中断恢复模板乱码与全站回归修复_完整覆盖补丁_staging/scripts/backup_database.py,441,7d4c4a96ad99a23218cf6b6423d222cb9d6f09bd9b6e9aa0a870f2cc68051d6f,S3,高,,,验证,需进一步验证,Git
patches/v05M-R_异常中断恢复模板乱码与全站回归修复_完整覆盖补丁_staging/scripts/check_all_templates.py,1272,3f55df52b07470d85bfb886677cad26e39501d6b65164f1d146a0ef76dec0424,S3,高,,,验证,需进一步验证,Git
patches/v05M-R_异常中断恢复模板乱码与全站回归修复_完整覆盖补丁_staging/scripts/check_mojibake.py,3547,0518a9d9efe71057405fadd73037e6c078297e4827b014bf77e48339d7974461,S3,高,,,验证,需进一步验证,Git
patches/v05M-R_异常中断恢复模板乱码与全站回归修复_完整覆盖补丁_staging/scripts/check_seed_data.py,722,d4658dfbe28f8ecfa9ad0e74ad582245845de9834246bc2cc9cd16369cf0c748,S3,高,,,验证,需进一步验证,Git
patches/v05M-R_异常中断恢复模板乱码与全站回归修复_完整覆盖补丁_staging/scripts/check_user_visible_english.py,4166,53a5240bee5347a6dba1e1ad0961513579d6352cc33465789ae2869fd72dca7e,S3,高,,,验证,需进一步验证,Git
patches/v05M-R_异常中断恢复模板乱码与全站回归修复_完整覆盖补丁_staging/scripts/collect_v04d_context.py,8342,906b95e168dacfe40a4469bdda0e21c38fc4ffe7b0eadaed47f4a1b22c1be3ef,S3,高,,,验证,需进一步验证,Git
patches/v05M-R_异常中断恢复模板乱码与全站回归修复_完整覆盖补丁_staging/scripts/export_database.py,1109,42760ca5317c752dc84a0a0daefb8976faf4f3abc9855b36ea65d4da9dde37b0,S3,高,,,验证,需进一步验证,Git
patches/v05M-R_异常中断恢复模板乱码与全站回归修复_完整覆盖补丁_staging/scripts/generate_historical_signals.py,852,4a4247bdcbeacb9911a7af036f637ed1964d96f6fdacb22074a87352d3d3dafb,S3,高,,,验证,需进一步验证,Git
patches/v05M-R_异常中断恢复模板乱码与全站回归修复_完整覆盖补丁_staging/scripts/import_seed_data.py,6323,812c4b7a736c5e6f98d601d076613ed74cba8d15ae1db7df73d2e0e4f9770997,S3,高,,,验证,需进一步验证,Git
patches/v05M-R_异常中断恢复模板乱码与全站回归修复_完整覆盖补丁_staging/scripts/init_database.py,359,d2045ce6cbe032f4973be34a33a3d51a913856230e05e5ce6231fee44488f692,S3,高,,,验证,需进一步验证,Git
patches/v05M-R_异常中断恢复模板乱码与全站回归修复_完整覆盖补丁_staging/scripts/migrate_all.py,4586,927dfac6659f912e9ee8db47e590e2883c79c9d4c4d53ac0c57f6c21e6e18f79,S3,高,,,验证,需进一步验证,Git
patches/v05M-R_异常中断恢复模板乱码与全站回归修复_完整覆盖补丁_staging/scripts/migrate_sqlite_to_postgres.py,1713,b1d93a719ba0340e3af2d169dab61024da916ab02a0524b5f763ec3dca094a1d,S3,高,,,验证,需进一步验证,Git
patches/v05M-R_异常中断恢复模板乱码与全站回归修复_完整覆盖补丁_staging/scripts/migrate_v04c.py,1245,17484c68022e0bf0280a719775fffe0118f8ea73aa8dfaef359ea794024fc55b,S3,高,,,验证,需进一步验证,Git
patches/v05M-R_异常中断恢复模板乱码与全站回归修复_完整覆盖补丁_staging/scripts/migrate_v04c1.py,1080,451005888ea0bb76037904f731fac1f22b190d29ca429f97962321a3d7daffcf,S3,高,,,验证,需进一步验证,Git
patches/v05M-R_异常中断恢复模板乱码与全站回归修复_完整覆盖补丁_staging/scripts/migrate_v04d.py,1582,7410b1e7493a38219aa4ddb6d7f098912caedf8895d9e44abe0a73fe088fb655,S3,高,,,验证,需进一步验证,Git
patches/v05M-R_异常中断恢复模板乱码与全站回归修复_完整覆盖补丁_staging/scripts/migrate_v04db.py,1856,d9c575895e1169adc33b2aa625c6f0fbfe4736f173c827e6faf0682768ad5c0c,S3,高,,,验证,需进一步验证,Git
patches/v05M-R_异常中断恢复模板乱码与全站回归修复_完整覆盖补丁_staging/scripts/migrate_v04e.py,1449,86c70a86881b63bd9a34025a9f92b85442006098c415e52b33ae2458e73df512,S3,高,,,验证,需进一步验证,Git
patches/v05M-R_异常中断恢复模板乱码与全站回归修复_完整覆盖补丁_staging/scripts/migrate_v04f.py,7005,18c91add67823da57b6994b6bfec93f0f7ba8115c6338766bb4fea745d990e24,S3,高,,,验证,需进一步验证,Git
patches/v05M-R_异常中断恢复模板乱码与全站回归修复_完整覆盖补丁_staging/scripts/migrate_v04g.py,6236,3ab4725d3238270e4b9c2619f8934aa789e7949040661aafbc4cedc372cf5bef,S3,高,,,验证,需进一步验证,Git
patches/v05M-R_异常中断恢复模板乱码与全站回归修复_完整覆盖补丁_staging/scripts/migrate_v04h.py,3218,ee9032d5952fab81c3ff551a13a49959cc784a947422a2d4a82a40283f42b182,S3,高,,,验证,需进一步验证,Git
patches/v05M-R_异常中断恢复模板乱码与全站回归修复_完整覆盖补丁_staging/scripts/migrate_v05a.py,1168,6da22f8c9cd4ada1d0998e40f9e7a917acbbf34a1703569847464d278b800ffc,S3,高,,,验证,需进一步验证,Git
patches/v05M-R_异常中断恢复模板乱码与全站回归修复_完整覆盖补丁_staging/scripts/migrate_v05b.py,5642,d069a28da06f029a124a868fc62bf44a2110441ecfd7172de4aa012187243e74,S3,高,,,验证,需进一步验证,Git
patches/v05M-R_异常中断恢复模板乱码与全站回归修复_完整覆盖补丁_staging/scripts/migrate_v05c.py,6234,0b47020bbdc482cb3e274202b0883864c58fdb444e6db4f6b397ded47f03bacb,S3,高,,,验证,需进一步验证,Git
patches/v05M-R_异常中断恢复模板乱码与全站回归修复_完整覆盖补丁_staging/scripts/migrate_v05d.py,8933,197a2138dbc4a3635c072e604adba31887c5a45e9ab3cd216cbf5d989812f4c7,S3,高,,,验证,需进一步验证,Git
patches/v05M-R_异常中断恢复模板乱码与全站回归修复_完整覆盖补丁_staging/scripts/migrate_v05e.py,4323,852a4f980db4d986a6bc164204130ef4238f70fe64f72fe1f13994a87a4038cf,S3,高,,,验证,需进一步验证,Git
patches/v05M-R_异常中断恢复模板乱码与全站回归修复_完整覆盖补丁_staging/scripts/migrate_v05f.py,10187,555b25bc6d21375b88c62691b98473756cb0d23850a6726fc9784a50800880c9,S3,高,,,验证,需进一步验证,Git
patches/v05M-R_异常中断恢复模板乱码与全站回归修复_完整覆盖补丁_staging/scripts/migrate_v05g.py,8939,0fd602fbafd136672effdb1e1e263c8bad3ffaaf7435dda9c8347d0cc66ce2ac,S3,高,,,验证,需进一步验证,Git
patches/v05M-R_异常中断恢复模板乱码与全站回归修复_完整覆盖补丁_staging/scripts/migrate_v05h.py,8575,bed8aeefb3e498aa866dda7645b85b42ef7bd39b827f3d0459ae75aefaf1b155,S3,高,,,验证,需进一步验证,Git
patches/v05M-R_异常中断恢复模板乱码与全站回归修复_完整覆盖补丁_staging/scripts/migrate_v05i.py,5812,f0680c68f888d1d23fdf1d1a26d1789253d8041647932b8b4b9fcb0302cc54b4,S3,高,,,验证,需进一步验证,Git
patches/v05M-R_异常中断恢复模板乱码与全站回归修复_完整覆盖补丁_staging/scripts/migrate_v05j.py,5605,d60c68d4d7e69c4067df207e8b5915bb349dc6f7fed3c1b3e6b2c563dd23a090,S3,高,,,验证,需进一步验证,Git
patches/v05M-R_异常中断恢复模板乱码与全站回归修复_完整覆盖补丁_staging/scripts/migrate_v05kl.py,9273,c7bb9ac60fd0bd0c16a65edb7ad42db877d020140c95b92e092835459c4a699e,S3,高,,,验证,需进一步验证,Git
patches/v05M-R_异常中断恢复模板乱码与全站回归修复_完整覆盖补丁_staging/scripts/pilot_real_sources.py,4955,9a8eff704c666d52c2628fd072cf18b449bdfa2bf2fdefd6993ffd42cb050aea,S3,高,,,验证,需进一步验证,Git
patches/v05M-R_异常中断恢复模板乱码与全站回归修复_完整覆盖补丁_staging/scripts/queue_historical_processing.py,1916,a6591bae009d81a31bbf11b5805297806f2fefdc5da90be4a9a484bdd57ad690,S3,高,,,验证,需进一步验证,Git
patches/v05M-R_异常中断恢复模板乱码与全站回归修复_完整覆盖补丁_staging/scripts/refresh_v04h_recommendations.py,829,d418280295ddea172197eb8c5c62717001d5be1602cef815086f3ae6345aa65d,S3,高,,,验证,需进一步验证,Git
patches/v05M-R_异常中断恢复模板乱码与全站回归修复_完整覆盖补丁_staging/scripts/restore_backup.py,1496,5d6cf330bb19c7167b65378b1a2b18de4485371b4eefc2d8f157aa6c15dd969b,S3,高,,,验证,需进一步验证,Git
patches/v05M-R_异常中断恢复模板乱码与全站回归修复_完整覆盖补丁_staging/scripts/run_collection_worker.py,1723,fb9b8a1d6555c29c665d9da6f93d231f9c59e500728079e425e3b64c1f7d65a1,S3,高,,,验证,需进一步验证,Git
patches/v05M-R_异常中断恢复模板乱码与全站回归修复_完整覆盖补丁_staging/scripts/run_monitoring_once.py,1350,a716d0c31ed3268d95a64085f6226ec233944539a7fe9737f62226eda6e4fb1f,S3,高,,,验证,需进一步验证,Git
patches/v05M-R_异常中断恢复模板乱码与全站回归修复_完整覆盖补丁_staging/scripts/run_operational_pilot.py,1792,6087fda987e729f1678c48e9af580c545e34af92131229008b8c33d96da3aa44,S3,高,,,验证,需进一步验证,Git
patches/v05M-R_异常中断恢复模板乱码与全站回归修复_完整覆盖补丁_staging/scripts/run_pipeline_worker.py,2131,d91045d6bdb9e82ac9535b5ca700e9a53c6719c624bf46a2a25c73f59c943687,S3,高,,,验证,需进一步验证,Git
patches/v05M-R_异常中断恢复模板乱码与全站回归修复_完整覆盖补丁_staging/scripts/run_processing_worker.py,2252,bc8a6701c299c4daf1fea700c478a0d7df26db59cdea69efb711ae344a58a89c,S3,高,,,验证,需进一步验证,Git
patches/v05M-R_异常中断恢复模板乱码与全站回归修复_完整覆盖补丁_staging/scripts/run_report_worker.py,1236,9548b98bbad4ed08d80d4a8fe6405c9df7cc947fdfa350899ab12f1cbdbb2902,S3,高,,,验证,需进一步验证,Git
patches/v05M-R_异常中断恢复模板乱码与全站回归修复_完整覆盖补丁_staging/scripts/run_scheduler.py,2230,c96e3d829e796c291d877d1d779e8650a3301dc5ba2a625b95c0c5d0cca6c94d,S3,高,,,验证,需进一步验证,Git
patches/v05M-R_异常中断恢复模板乱码与全站回归修复_完整覆盖补丁_staging/scripts/run_signal_worker.py,785,ebdd12d15424e67a758ab0428c5dcef602d771daa0fc80dca02578596c268178,S3,高,,,验证,需进一步验证,Git
patches/v05M-R_异常中断恢复模板乱码与全站回归修复_完整覆盖补丁_staging/scripts/run_worker.py,2410,e7397aac33256f707fe65c40693260347b42bd54931f7e09d2fe270d4bc906b9,S3,高,,,验证,需进一步验证,Git
patches/v05M-R_异常中断恢复模板乱码与全站回归修复_完整覆盖补丁_staging/scripts/seed_v04c1_demo.py,3780,749aed26faecbea236db2576415d63e0a041321a159d9925a7aeb48b2e833805,S3,高,,,验证,需进一步验证,Git
patches/v05M-R_异常中断恢复模板乱码与全站回归修复_完整覆盖补丁_staging/scripts/seed_v04c_demo.py,2513,513b4bba0c1873afb7a388fcfc020d34284da24c9f5fe568971a53899bb0e41e,S3,高,,,验证,需进一步验证,Git
patches/v05M-R_异常中断恢复模板乱码与全站回归修复_完整覆盖补丁_staging/scripts/seed_v04db_demo.py,1356,8ebaa1661e9a43e7c68b434bce7661c9bcd006f7fc2484b56c4f13fa106f773c,S3,高,,,验证,需进一步验证,Git
patches/v05M-R_异常中断恢复模板乱码与全站回归修复_完整覆盖补丁_staging/scripts/seed_v04d_demo.py,4100,c52b61c1c17484cd4f00057b955d57e3a09dbaabdda29264c8e0a1d51e81da8e,S3,高,,,验证,需进一步验证,Git
patches/v05M-R_异常中断恢复模板乱码与全站回归修复_完整覆盖补丁_staging/scripts/seed_v04e_demo.py,2055,97585d81631e8eba3926fee88245719eafe165b9833d58333cfdc574eb6c6c0e,S3,高,,,验证,需进一步验证,Git
patches/v05M-R_异常中断恢复模板乱码与全站回归修复_完整覆盖补丁_staging/scripts/self_check.py,2368,e0015ba9c6b3624f8c147d27e3c11d1f9958b23aff71bedce267c933ac274c8d,S3,高,,,验证,需进一步验证,Git
patches/v05M-R_异常中断恢复模板乱码与全站回归修复_完整覆盖补丁_staging/scripts/self_check_v03c.py,450,b06561ab60308650378353da1a751b9c2bb8f4310109a6001674290933b06dd7,S3,高,,,验证,需进一步验证,Git
patches/v05M-R_异常中断恢复模板乱码与全站回归修复_完整覆盖补丁_staging/scripts/self_check_v04a.py,1066,9edd27fcaabe4dfb3b3b55647cfb43ef59d6b263e97c2a019c923ed48f81f04a,S3,高,,,验证,需进一步验证,Git
patches/v05M-R_异常中断恢复模板乱码与全站回归修复_完整覆盖补丁_staging/scripts/test_entity_analyzer.py,974,2aaf9fee49d98a588731ab3dc2be20d0cd536abfdf47d0a4dd8670f8eddb3307,S3,高,,,验证,需进一步验证,Git
patches/v05M-R_异常中断恢复模板乱码与全站回归修复_完整覆盖补丁_staging/scripts/test_paste_analyzer.py,1023,4e6d90b709089376fc1c35af23cbf6a2459af12efd914380b2179b4f13a73f8f,S3,高,,,验证,需进一步验证,Git
patches/v05M-R_异常中断恢复模板乱码与全站回归修复_完整覆盖补丁_staging/scripts/test_web_extractor.py,627,95863733c0cb1c7afdd4c595c1a29af898422bc670d038128085838662a14387,S3,高,,,验证,需进一步验证,Git
patches/v05M-R_异常中断恢复模板乱码与全站回归修复_完整覆盖补丁_staging/scripts/verify_all.py,8920,a6aacf26b10c9cae6f3b8931531d473d0af9cea1ec12d338d70fa43a419bf04a,S3,高,,,验证,需进一步验证,Git
patches/v05M-R_异常中断恢复模板乱码与全站回归修复_完整覆盖补丁_staging/scripts/verify_backup_restore.py,1618,661d5c4c3322e8a104f4ad111567c8624b5d12f176c2014450010ce3fe51593b,S3,高,,,验证,需进一步验证,Git
patches/v05M-R_异常中断恢复模板乱码与全站回归修复_完整覆盖补丁_staging/scripts/verify_core_pages.py,2474,73f19873dd832a11e56ee97af5ec6929495ebb9b21e641ea4dbbaa96b2ef896c,S3,高,,,验证,需进一步验证,Git
patches/v05M-R_异常中断恢复模板乱码与全站回归修复_完整覆盖补丁_staging/scripts/verify_manual_ingestion.py,3184,38aac056ae65ac04f09e286c601f76b04760c2b9aae8734c43050ccde5e07295,S3,高,,,验证,需进一步验证,Git
patches/v05M-R_异常中断恢复模板乱码与全站回归修复_完整覆盖补丁_staging/scripts/verify_v04c.py,4234,9286f29f1c462c9af68a5a001c7b2c5cf57e08a995c066576ece1151f9623d85,S3,高,,,验证,需进一步验证,Git
patches/v05M-R_异常中断恢复模板乱码与全站回归修复_完整覆盖补丁_staging/scripts/verify_v04c1.py,10670,03883f776ca34036c0cd58148d5d6934a01ce05cad6f027026d1fc0c6191ae52,S3,高,,,验证,需进一步验证,Git
patches/v05M-R_异常中断恢复模板乱码与全站回归修复_完整覆盖补丁_staging/scripts/verify_v04d.py,9470,108f31d2907a054a4e37b8f3f32e5d682653c8a783a4da50d050b5d62ed830f1,S3,高,,,验证,需进一步验证,Git
patches/v05M-R_异常中断恢复模板乱码与全站回归修复_完整覆盖补丁_staging/scripts/verify_v04d3_batch_people.py,6260,ef09600d00a33ac3b8e1267787bbcc591f2dd5cb8c1b452b6dcdf4e6c8da3a1e,S3,高,,,验证,需进一步验证,Git
patches/v05M-R_异常中断恢复模板乱码与全站回归修复_完整覆盖补丁_staging/scripts/verify_v04d4_links_and_review.py,9177,0c3391b50e87abe1ad0842d3de28618aa88c1105a49b0003b213e027b1335645,S3,高,,,验证,需进一步验证,Git
patches/v05M-R_异常中断恢复模板乱码与全站回归修复_完整覆盖补丁_staging/scripts/verify_v04db.py,7222,3e73937a36a3c6e3473a31478ad2be621d83a2a9b392cf5a835c456e168d6a7e,S3,高,,,验证,需进一步验证,Git
patches/v05M-R_异常中断恢复模板乱码与全站回归修复_完整覆盖补丁_staging/scripts/verify_v04d_search.py,2456,8e7988e39fdf2ad3b4eb8675a371ee6adf0dc9da4cc556a1713a58a530bb58ff,S3,高,,,验证,需进一步验证,Git
patches/v05M-R_异常中断恢复模板乱码与全站回归修复_完整覆盖补丁_staging/scripts/verify_v04e.py,15729,8040d968aeeaf3f9d5e724e38876850860986749a1ae1798075a8bbfc127172f,S3,高,,,验证,需进一步验证,Git
patches/v05M-R_异常中断恢复模板乱码与全站回归修复_完整覆盖补丁_staging/scripts/verify_v04f.py,12588,b090e78627dd56084acc9281e5a44862efa1af456d50d033f95360970fe50a16,S3,高,,,验证,需进一步验证,Git
patches/v05M-R_异常中断恢复模板乱码与全站回归修复_完整覆盖补丁_staging/scripts/verify_v04g.py,10367,e33f37b46f29c34d7cf221c8399cfe4d07acb842f4ebd5194cba6150a1c6fffb,S3,高,,,验证,需进一步验证,Git
patches/v05M-R_异常中断恢复模板乱码与全站回归修复_完整覆盖补丁_staging/scripts/verify_v04h.py,10037,14db72592b1c0b98722c9fc85fd993a7661e0cca1a3a6e4e49063fbd3493530b,S3,高,,,验证,需进一步验证,Git
patches/v05M-R_异常中断恢复模板乱码与全站回归修复_完整覆盖补丁_staging/scripts/verify_v05a.py,7276,db7df7b67d5e15546e80300d3ff639b18c4c82e5cfbf341253e7da55ab92424c,S3,高,,,验证,需进一步验证,Git
patches/v05M-R_异常中断恢复模板乱码与全站回归修复_完整覆盖补丁_staging/scripts/verify_v05b.py,8692,c97434449462ca8af734d8047d935dc6abefb8add1c708267858b551fd064269,S3,高,,,验证,需进一步验证,Git
patches/v05M-R_异常中断恢复模板乱码与全站回归修复_完整覆盖补丁_staging/scripts/verify_v05c.py,9485,f17d11aa4fdd3e5bdd6c14e6ba65f5c463138ca43bee42965b58d28882f79b1d,S3,高,,,验证,需进一步验证,Git
patches/v05M-R_异常中断恢复模板乱码与全站回归修复_完整覆盖补丁_staging/scripts/verify_v05d.py,17886,99cd4a5dd9eb0c95bc2400bfaf20186b79fd0bd18fc78e9fbb9c2fff3053a53f,S3,高,,,验证,需进一步验证,Git
patches/v05M-R_异常中断恢复模板乱码与全站回归修复_完整覆盖补丁_staging/scripts/verify_v05e.py,10242,65d123be6532facc778613be7336651573eb63f05727c4997b43e993175b305e,S3,高,,,验证,需进一步验证,Git
patches/v05M-R_异常中断恢复模板乱码与全站回归修复_完整覆盖补丁_staging/scripts/verify_v05f.py,8759,5f4b4fdc73bbb42bf0096eedcdf2efbfc1cdd8b5b4bf714e74e00ca46f75fe2b,S3,高,,,验证,需进一步验证,Git
patches/v05M-R_异常中断恢复模板乱码与全站回归修复_完整覆盖补丁_staging/scripts/verify_v05g.py,11822,4099bd51c76186a93c060820b6430d4c4ff3c3f5494d5b3db96edb3d464a89cc,S3,高,,,验证,需进一步验证,Git
patches/v05M-R_异常中断恢复模板乱码与全站回归修复_完整覆盖补丁_staging/scripts/verify_v05h.py,7841,44495c427710b872729442023fdf906e746d34c38bca990a4d8bcd9f6bd2830a,S3,高,,,验证,需进一步验证,Git
patches/v05M-R_异常中断恢复模板乱码与全站回归修复_完整覆盖补丁_staging/scripts/verify_v05i.py,5305,66f13fba1a283b94f95139292a8bdaeeff747fb74557653af0e63a84e27d318c,S3,高,,,验证,需进一步验证,Git
patches/v05M-R_异常中断恢复模板乱码与全站回归修复_完整覆盖补丁_staging/scripts/verify_v05j.py,8832,6e33fc6512ad205baf6415c1109de1846e3dd0b7d5b8c46dc28dce44f615f1be,S3,高,,,验证,需进一步验证,Git
patches/v05M-R_异常中断恢复模板乱码与全站回归修复_完整覆盖补丁_staging/scripts/verify_v05kl.py,7298,54eacca47c3b38cd9878a6a3a95335ed3428ea97679050aaf5fe810d24f71e9a,S3,高,,,验证,需进一步验证,Git
patches/v05M-R_异常中断恢复模板乱码与全站回归修复_完整覆盖补丁_staging/scripts/verify_v05m.py,5394,4f2d72353ddf00f11f3e9509cbb917fcb813037e04276c8ec61c51b11232b732,S3,高,,,验证,需进一步验证,Git
patches/v05M-R_异常中断恢复模板乱码与全站回归修复_完整覆盖补丁_staging/docs/archive/01_手动替换步骤.md,1822,b812dc0d33d5a6922fa39bb9d2e8dd4c723fbb59de6e132a8b38d25fe9603e68,S3,高,,,验证,需进一步验证,Git
patches/v05M-R_异常中断恢复模板乱码与全站回归修复_完整覆盖补丁_staging/docs/archive/02_JSON数据格式.md,2561,e57a0e2c250a3f9c793cf6e684f011c0b41d68edb3151440aa3998b9b93d49b7,S3,高,,,验证,需进一步验证,Git
patches/v05M-R_异常中断恢复模板乱码与全站回归修复_完整覆盖补丁_staging/docs/archive/02_功能验收清单.md,1689,559bcbca42926f3b9ad3810095831a5639868d4ddd6416ec6ee8a44b0c856376,S3,高,,,验证,需进一步验证,Git
patches/v05M-R_异常中断恢复模板乱码与全站回归修复_完整覆盖补丁_staging/docs/archive/03_故障排查.md,1685,d415e3fa205eda63437db991651fe8147bfec55e2cce25dfafc290a7ba7bc661,S3,高,,,验证,需进一步验证,Git
patches/v05M-R_异常中断恢复模板乱码与全站回归修复_完整覆盖补丁_staging/docs/archive/03_正式同步与业务表映射.md,1519,518ebbda66f0ef51358ed725f73606c6e48148edc084b562e5cb6c2a4fae1d53,S3,高,,,验证,需进一步验证,Git
patches/v05M-R_异常中断恢复模板乱码与全站回归修复_完整覆盖补丁_staging/docs/archive/04_验收清单.md,1158,96a4f38a78ab3d6fc7cee8876e0c8f4da371c0819b429a2c6c1a27ea41b81622,S3,高,,,验证,需进一步验证,Git
patches/v05M-R_异常中断恢复模板乱码与全站回归修复_完整覆盖补丁_staging/docs/archive/05_故障排查.md,1565,e22719301d2a2bd70c0fc2400fca1d89c050a88285795142c1c069e8bbb612b5,S3,高,,,验证,需进一步验证,Git
patches/v05M-R_异常中断恢复模板乱码与全站回归修复_完整覆盖补丁_staging/app/api/__init__.py,1,01ba4719c80b6fe911b091a7c05124b64eeece964e09c058ef8f9805daca546b,S3,高,,,验证,需进一步验证,Git
patches/v05M-R_异常中断恢复模板乱码与全站回归修复_完整覆盖补丁_staging/app/core/config.py,4435,f20022f247261ed21c43f268cb7d24e3673411092bf605d12388cfd0bafefb8e,S3,高,,,验证,需进一步验证,Git
patches/v05M-R_异常中断恢复模板乱码与全站回归修复_完整覆盖补丁_staging/app/core/database_compat.py,1703,c37dbac107be37ec9e2d4ad8bfbed82a5653b3894f101d638f6ae5eff9c53f1e,S3,高,,,验证,需进一步验证,Git
patches/v05M-R_异常中断恢复模板乱码与全站回归修复_完整覆盖补丁_staging/app/core/__init__.py,83,2061d762fb4ff0fa36734d80935ad95cc12251e0ac1f7043ffa460553e860d6d,S3,高,,,验证,需进一步验证,Git
patches/v05M-R_异常中断恢复模板乱码与全站回归修复_完整覆盖补丁_staging/app/i18n/helpers.py,4400,6dbfb24ba347d39b3828afa4efe59be4c2db6c84130fc84fdf4bd5ee6671e025,S3,高,,,验证,需进一步验证,Git
patches/v05M-R_异常中断恢复模板乱码与全站回归修复_完整覆盖补丁_staging/app/i18n/zh_cn.py,6214,0bf1cdfbf0802af4a35c718e968faea36ea2a93e940ede50f6b90b4bd49c698d,S3,高,,,验证,需进一步验证,Git
patches/v05M-R_异常中断恢复模板乱码与全站回归修复_完整覆盖补丁_staging/app/i18n/__init__.py,390,dde6fa21ccbc21bb8e2df4893a3f48c83e4ab8fee5a183fb1ca4256d63040c02,S3,高,,,验证,需进一步验证,Git
patches/v05M-R_异常中断恢复模板乱码与全站回归修复_完整覆盖补丁_staging/app/services/api_common.py,2940,73400a30f54dfeabb343c37aef3853a792c52b5baec9bb28c4086dcbf2d83f80,S3,高,,,验证,需进一步验证,Git
patches/v05M-R_异常中断恢复模板乱码与全站回归修复_完整覆盖补丁_staging/app/services/api_subject_service.py,10647,e2228d5e3015cf9b115570c77b37bfea53af9e812b91638198b8b24b9c0d4a2c,S3,高,,,验证,需进一步验证,Git
patches/v05M-R_异常中断恢复模板乱码与全站回归修复_完整覆盖补丁_staging/app/services/club_matching_service.py,2167,9d0bc84e3465a8845050aaf43c80c95b41665fda3c8348e5d6985bb807f9f3fe,S3,高,,,验证,需进一步验证,Git
patches/v05M-R_异常中断恢复模板乱码与全站回归修复_完整覆盖补丁_staging/app/services/collection_service.py,42593,da9343f3b4c1c888fe2c1d4435d8bfad6ede978c7cf47cc1421b2f467abdabff,S3,高,,,验证,需进一步验证,Git
patches/v05M-R_异常中断恢复模板乱码与全站回归修复_完整覆盖补丁_staging/app/services/dashboard_service.py,4917,a71d0f275b2dddf5866b92c9034a54b0c7399c37b5fea94ace9ddcf0cd4fc653,S3,高,,,验证,需进一步验证,Git
patches/v05M-R_异常中断恢复模板乱码与全站回归修复_完整覆盖补丁_staging/app/services/data_quality.py,3800,73faaf5b37986d1d169506aa3d77cacf02f8a576eb9a5297ccbbbcc851ceb62b,S3,高,,,验证,需进一步验证,Git
patches/v05M-R_异常中断恢复模板乱码与全站回归修复_完整覆盖补丁_staging/app/services/id_generator.py,1311,949187b0ab854288ed04d5257710c87003124e0ed01c5937a69dede96779f2fe,S3,高,,,验证,需进一步验证,Git
patches/v05M-R_异常中断恢复模板乱码与全站回归修复_完整覆盖补丁_staging/app/services/lead_recommendation_service.py,1928,0d7a3b89d61369d8550ae0fc110026ebc3a3b386f9ec640e756578db648fa4dd,S3,高,,,验证,需进一步验证,Git
patches/v05M-R_异常中断恢复模板乱码与全站回归修复_完整覆盖补丁_staging/app/services/lead_scoring_service.py,3518,57fb771cac0b0061e82914ce199b7381dac0401afe108513c77e97834e6081ac,S3,高,,,验证,需进一步验证,Git
patches/v05M-R_异常中断恢复模板乱码与全站回归修复_完整覆盖补丁_staging/app/services/manual_ingestion.py,12654,ae9375777b3a31d4023a9b3a94793e649a0e6d1b40bacd1744ef25c97f771ce1,S3,高,,,验证,需进一步验证,Git
patches/v05M-R_异常中断恢复模板乱码与全站回归修复_完整覆盖补丁_staging/app/services/member_field_classifier.py,3736,175094669cab7ab08fa8f9f4c8e24a77cb07cfcda0eb1a55c0845d5c9f4d1695,S3,高,,,验证,需进一步验证,Git
patches/v05M-R_异常中断恢复模板乱码与全站回归修复_完整覆盖补丁_staging/app/services/member_import_normalizer.py,6996,d80c8572de42cef551d325e634a1aa47de1a8f0a20537b1c9e9198db5fd5c7fa,S3,高,,,验证,需进一步验证,Git
patches/v05M-R_异常中断恢复模板乱码与全站回归修复_完整覆盖补丁_staging/app/services/member_import_parser.py,12523,1877f5d4a47b99f3770e6a280c0ce88db58b76d124cd4170d87d7df3a4c7c999,S3,高,,,验证,需进一步验证,Git
patches/v05M-R_异常中断恢复模板乱码与全站回归修复_完整覆盖补丁_staging/app/services/member_import_service.py,24781,3c85a962a5f4478e18fd3fd0201201fc2c4a812a962596b2576f98d8d244f5c3,S3,高,,,验证,需进一步验证,Git
patches/v05M-R_异常中断恢复模板乱码与全站回归修复_完整覆盖补丁_staging/app/services/member_import_validator.py,2159,f146e2d35a3365d8f30d2e31205e451d8ab35564e2986f02a31ca9fa6a6dceff,S3,高,,,验证,需进一步验证,Git
patches/v05M-R_异常中断恢复模板乱码与全站回归修复_完整覆盖补丁_staging/app/services/monitoring_service.py,25527,31c81d0c145e49f541081712a3abc1dd91d7f4fe4a7a0c9180903f6b45fd0db8,S3,高,,,验证,需进一步验证,Git
patches/v05M-R_异常中断恢复模板乱码与全站回归修复_完整覆盖补丁_staging/app/services/recommendation_service.py,37249,114ca69e8546eee190df03cab19e3f5fa06c02db501512582cf3179ace5d0821,S3,高,,,验证,需进一步验证,Git
patches/v05M-R_异常中断恢复模板乱码与全站回归修复_完整覆盖补丁_staging/app/services/relationship_path_service.py,9200,92754e8b1cc4dd20fb2b28f93d1e04fd428c052f7256bd1c9845de4cec677144,S3,高,,,验证,需进一步验证,Git
patches/v05M-R_异常中断恢复模板乱码与全站回归修复_完整覆盖补丁_staging/app/services/search_service.py,6325,8a495c69fe31d957a1cd9eeef4300111877dab37a2706af3e5d5848fb98ee0d6,S3,高,,,验证,需进一步验证,Git
patches/v05M-R_异常中断恢复模板乱码与全站回归修复_完整覆盖补丁_staging/app/services/signal_service.py,9249,f0a9f8be5f8276061091a574d1ea9139079b70a3f2c400f12ad4a587b02148fd,S3,高,,,验证,需进一步验证,Git
patches/v05M-R_异常中断恢复模板乱码与全站回归修复_完整覆盖补丁_staging/app/services/subject_links.py,6798,0ebd5720516c18d843f9ee61076c72fe01de871a55cf7bab0f98ab4c61fa2e2a,S3,高,,,验证,需进一步验证,Git
patches/v05M-R_异常中断恢复模板乱码与全站回归修复_完整覆盖补丁_staging/app/services/subject_profile_service.py,24068,7c907e7545810247ebbe0e1735bf1896d4540bf19e8d9056e98b8895a640790e,S3,高,,,验证,需进一步验证,Git
patches/v05M-R_异常中断恢复模板乱码与全站回归修复_完整覆盖补丁_staging/app/services/suspicious_review.py,6252,b14b6b7a589fe3fa7c328ea1f76b42b584b4321b8bd0867fbbfac11a4b093143,S3,高,,,验证,需进一步验证,Git
patches/v05M-R_异常中断恢复模板乱码与全站回归修复_完整覆盖补丁_staging/app/services/watchlist_service.py,6113,d6a330b4ea32a1f50d2edcb24a2675a5ad9dfc096cb245c9068aa1a20dddc58c,S3,高,,,验证,需进一步验证,Git
patches/v05M-R_异常中断恢复模板乱码与全站回归修复_完整覆盖补丁_staging/app/services/__init__.py,1,01ba4719c80b6fe911b091a7c05124b64eeece964e09c058ef8f9805daca546b,S3,高,,,验证,需进一步验证,Git
patches/v05M-R_异常中断恢复模板乱码与全站回归修复_完整覆盖补丁_staging/app/static/entity_smart_paste.js,35936,fcc5647da2968a4b415896a42be5e2a7dc003c36da55dc95f61b589dded7eac1,S3,高,,,验证,需进一步验证,Git
patches/v05M-R_异常中断恢复模板乱码与全站回归修复_完整覆盖补丁_staging/app/static/style.css,25314,04994861868be4a7496b263491649e5096eb8b74724b4c35516952c81469bb68,S3,高,,,验证,需进一步验证,Git
patches/v05M-R_异常中断恢复模板乱码与全站回归修复_完整覆盖补丁_staging/app/static/v03a_additions.css,411,e7ef93bf3bb8bd77afda1301b74ce8f3f5fa0224763267827cfe7fb4e4be960f,S3,高,,,验证,需进一步验证,Git
patches/v05M-R_异常中断恢复模板乱码与全站回归修复_完整覆盖补丁_staging/app/static/v03b_additions.css,1596,0358c4c6c273f2be45fc6b3a87c07b26e712883c548fe38e3bc1660b128e76af,S3,高,,,验证,需进一步验证,Git
patches/v05M-R_异常中断恢复模板乱码与全站回归修复_完整覆盖补丁_staging/app/static/v03c_additions.css,1024,41231207449cf124b21ae5fdd62240918f1481fdc5676365b6321d5dfacab247,S3,高,,,验证,需进一步验证,Git
patches/v05M-R_异常中断恢复模板乱码与全站回归修复_完整覆盖补丁_staging/app/static/v04a_additions.css,10912,bc9496fcc3714e8ba63560882ea9905d9acc8793d4545024fb5ffba44e4e32b4,S3,高,,,验证,需进一步验证,Git
patches/v05M-R_异常中断恢复模板乱码与全站回归修复_完整覆盖补丁_staging/app/templates/actions.html,1778,c5118bc98c6ba9de17b9eb39dbcc60aa78e24c7f91c45f99d0cce5e0442d67b9,S3,高,,,验证,需进一步验证,Git
patches/v05M-R_异常中断恢复模板乱码与全站回归修复_完整覆盖补丁_staging/app/templates/base.html,4005,0ddc12b69669ea3df0a6ad9d87d4e5934e41b8dc079883eb86b1a1c5f64a4891,S3,高,,,验证,需进一步验证,Git
patches/v05M-R_异常中断恢复模板乱码与全站回归修复_完整覆盖补丁_staging/app/templates/dashboard.html,4342,225997cac44947c3f652489da668d0c7ca38ac8062d4df685406bac6b13c08a6,S3,高,,,验证,需进一步验证,Git
patches/v05M-R_异常中断恢复模板乱码与全站回归修复_完整覆盖补丁_staging/app/templates/events.html,1079,731c7e82e28462e97c1fe3445aa43b4ab49cc4420dc8de8bf09b6c9f50f9e5b3,S3,高,,,验证,需进一步验证,Git
patches/v05M-R_异常中断恢复模板乱码与全站回归修复_完整覆盖补丁_staging/app/templates/event_detail.html,814,52cc624148155983f246025f0e50b4f1c6c8ea915a84f99bd86a42ed1ab31a33,S3,高,,,验证,需进一步验证,Git
patches/v05M-R_异常中断恢复模板乱码与全站回归修复_完整覆盖补丁_staging/app/templates/generic_form.html,4099,60b54ef1b3d5fc5c14db8a46efd6859fd3e14be320fc1eed303caf3bbcf0357c,S3,高,,,验证,需进一步验证,Git
patches/v05M-R_异常中断恢复模板乱码与全站回归修复_完整覆盖补丁_staging/app/templates/imports.html,616,2ad5610129184ac180768feb76e4f5d7b365a71a0232094c5f98551c4422294d,S3,高,,,验证,需进一步验证,Git
patches/v05M-R_异常中断恢复模板乱码与全站回归修复_完整覆盖补丁_staging/app/templates/intelligence_detail.html,1031,46c2fbf17786e6efeffa39f1314b7846c62e348ccd80f25f08166dd3e991e74c,S3,高,,,验证,需进一步验证,Git
patches/v05M-R_异常中断恢复模板乱码与全站回归修复_完整覆盖补丁_staging/app/templates/intelligence_list.html,1020,90471e3758cd2cf5bce1e23edbe74cbbf33c4b2b62b89cdaecd7dd76c0a52bb4,S3,高,,,验证,需进一步验证,Git
patches/v05M-R_异常中断恢复模板乱码与全站回归修复_完整覆盖补丁_staging/app/templates/new_intelligence.html,950,4dac55ef69420320870d8ab5bdd358e514f244f77da5634d9ff73a889753ce23,S3,高,,,验证,需进一步验证,Git
patches/v05M-R_异常中断恢复模板乱码与全站回归修复_完整覆盖补丁_staging/app/templates/organizations.html,1539,e9ab85136d40e24faff2de6f0adbd6ce34b920b5fa882525c73d114cc923750d,S3,高,,,验证,需进一步验证,Git
patches/v05M-R_异常中断恢复模板乱码与全站回归修复_完整覆盖补丁_staging/app/templates/organization_detail.html,1335,883c918f50cdf34db9ce7f03ec02017fdfde829fa1c9c38db4fde827ecacfaa9,S3,高,,,验证,需进一步验证,Git
patches/v05M-R_异常中断恢复模板乱码与全站回归修复_完整覆盖补丁_staging/app/templates/paste_analyze.html,1232,47fb17a3fc5a3bc26ca56d51b679fe5cecfc2e6ee330d999e843fbaf016bac4c,S3,高,,,验证,需进一步验证,Git
patches/v05M-R_异常中断恢复模板乱码与全站回归修复_完整覆盖补丁_staging/app/templates/paste_preview.html,1424,df296c8f654d80ff0549d85a8992efafb888abe8f01737f67de0ef16082c4047,S3,高,,,验证,需进一步验证,Git
patches/v05M-R_异常中断恢复模板乱码与全站回归修复_完整覆盖补丁_staging/app/templates/people.html,1537,9b7690249aa2e595a4fc82716bfea58edfc7d7ec9a5b962d70ca5b79eafee7ad,S3,高,,,验证,需进一步验证,Git
patches/v05M-R_异常中断恢复模板乱码与全站回归修复_完整覆盖补丁_staging/app/templates/person_detail.html,1490,e117d8e5ea16cb73d8cd18021061729475dcc3868a3c8df2f4d34064679e1c31,S3,高,,,验证,需进一步验证,Git
patches/v05M-R_异常中断恢复模板乱码与全站回归修复_完整覆盖补丁_staging/app/templates/projects.html,1079,31b4d9544fc9989932456bf8caa6ecc64377e5d65c607d135d18777812e847e5,S3,高,,,验证,需进一步验证,Git
patches/v05M-R_异常中断恢复模板乱码与全站回归修复_完整覆盖补丁_staging/app/templates/project_detail.html,1148,1fc45086979da11b6e89723c4f8376f8b1e93ad3e8acd75d28a349cbd87ee910,S3,高,,,验证,需进一步验证,Git
patches/v05M-R_异常中断恢复模板乱码与全站回归修复_完整覆盖补丁_staging/app/templates/relations.html,1041,cb38a84251485172843f3d0607ab7a7a13e42ad8564e6e47b0e5f4fbaea09498,S3,高,,,验证,需进一步验证,Git
patches/v05M-R_异常中断恢复模板乱码与全站回归修复_完整覆盖补丁_staging/app/templates/resources.html,1096,b39bed335bb245b6ee20b365f30df4577b6ce71c5b3dcc8fc338d5da11e80988,S3,高,,,验证,需进一步验证,Git
patches/v05M-R_异常中断恢复模板乱码与全站回归修复_完整覆盖补丁_staging/app/templates/resource_detail.html,642,d55bd94650cfb6980ce10d2754aee3d7aba4069deee964b66b1330679c57a47b,S3,高,,,验证,需进一步验证,Git
patches/v05M-R_异常中断恢复模板乱码与全站回归修复_完整覆盖补丁_staging/app/templates/search_results.html,955,f1bc7817fee4558b7983f7578c41954a7a17f6388ace046bf47c8cceddf0c6bb,S3,高,,,验证,需进一步验证,Git
patches/v05M-R_异常中断恢复模板乱码与全站回归修复_完整覆盖补丁_staging/app/templates/subject_center.html,3881,41cb11d101cab33ccd1c3f7a4b599a09bcb9f4d37c26fd804dadaa75114edfd6,S3,高,,,验证,需进一步验证,Git
patches/v05M-R_异常中断恢复模板乱码与全站回归修复_完整覆盖补丁_staging/app/templates/subject_profile.html,2174,9382776c833b8dab628b1a4ae48e554420c3c81c4874c16859ddd3d325c77e23,S3,高,,,验证,需进一步验证,Git
patches/v05M-R_异常中断恢复模板乱码与全站回归修复_完整覆盖补丁_staging/app/templates/suspicious_entities.html,1741,9a3756c08186b83fe661d79051d1da6d583809ab7e6316952673c14abf59c1ff,S3,高,,,验证,需进一步验证,Git
patches/v05M-R_异常中断恢复模板乱码与全站回归修复_完整覆盖补丁_staging/app/templates/v04c1_ingestion.html,2027,56da4dcd7c742fe893b8a0464779bcf5aff13dd3c809ad0f84e66a5fc375483e,S3,高,,,验证,需进一步验证,Git
patches/v05M-R_异常中断恢复模板乱码与全站回归修复_完整覆盖补丁_staging/app/templates/v04c_review_queue.html,4184,3c0f74393694d93fc2d19e4129013cabc7c5c33369bca54a4ebfdc641dd96ea8,S3,高,,,验证,需进一步验证,Git
patches/v05M-R_异常中断恢复模板乱码与全站回归修复_完整覆盖补丁_staging/app/templates/v04db_prestructure.html,1026,f699effc60a120d0dd241f1fb680b8c2926c8f2169052c392696f5e039b5f8d5,S3,高,,,验证,需进一步验证,Git
patches/v05M-R_异常中断恢复模板乱码与全站回归修复_完整覆盖补丁_staging/app/templates/v04d_structuring.html,1129,5cda568c3fe7436021842b88ea0c791b9858a5f7fc3c8c84107a87692f93dd53,S3,高,,,验证,需进一步验证,Git
patches/v05M-R_异常中断恢复模板乱码与全站回归修复_完整覆盖补丁_staging/app/templates/v04e_entity_resolution.html,1167,ce400b57e33338b6e357ce3ed16a0f51cce712a0620a9ba641bd499615aa336a,S3,高,,,验证,需进一步验证,Git
patches/v05M-R_异常中断恢复模板乱码与全站回归修复_完整覆盖补丁_staging/app/templates/v04f_club.html,14949,2c4dc55126786b6b71a8695ae701b00beb5f98c7c3a867c1c59100b333197757,S3,高,,,验证,需进一步验证,Git
patches/v05M-R_异常中断恢复模板乱码与全站回归修复_完整覆盖补丁_staging/app/templates/v04f_club_apply.html,2017,3ecc5369f4d76ece163ebad967fa7ffaececbc0fcd4a24ad7790aff404ed34f2,S3,高,,,验证,需进一步验证,Git
patches/v05M-R_异常中断恢复模板乱码与全站回归修复_完整覆盖补丁_staging/app/templates/v04f_leads.html,2342,06c0adf80b1cc9cf91d8695e76f7953f8f4125762805e316a7377cabf4e769ca,S3,高,,,验证,需进一步验证,Git
patches/v05M-R_异常中断恢复模板乱码与全站回归修复_完整覆盖补丁_staging/app/templates/v04g_monitoring.html,1801,e708847e3dd54da005afdcdde600b4dfb383bc326cc7bf54a011b03e5eaa83bc,S3,高,,,验证,需进一步验证,Git
patches/v05M-R_异常中断恢复模板乱码与全站回归修复_完整覆盖补丁_staging/app/templates/v04h_recommendations.html,3140,d1b8564310b39c30c483468132d0dad60c2a070b5371c44d3a640a6e788a731b,S3,高,,,验证,需进一步验证,Git
patches/v05M-R_异常中断恢复模板乱码与全站回归修复_完整覆盖补丁_staging/app/templates/v05a_security.html,10278,042a58218286a8b734ec240e2ba74d1c421977c6521b1ebf0b8802795360b48a,S3,高,,,验证,需进一步验证,Git
patches/v05M-R_异常中断恢复模板乱码与全站回归修复_完整覆盖补丁_staging/app/templates/v05b_member_import.html,5702,ffc793fe22e56bd55cb957b263d4123327f0c9339998cf2f6c9389865057d092,S3,高,,,验证,需进一步验证,Git
patches/v05M-R_异常中断恢复模板乱码与全站回归修复_完整覆盖补丁_staging/app/templates/v05c_club_events.html,7745,c47d148cbf13701cfeb412ddb761d51d4ca4e4b5e74f183bdeab62b9ca3315a3,S3,高,,,验证,需进一步验证,Git
patches/v05M-R_异常中断恢复模板乱码与全站回归修复_完整覆盖补丁_staging/app/templates/v05d_member_admin.html,2386,b2d764482cfff178d16a71642f81d4bcbe95b0397bffe24958de5b72379b7f33,S3,高,,,验证,需进一步验证,Git
patches/v05M-R_异常中断恢复模板乱码与全站回归修复_完整覆盖补丁_staging/app/templates/v05d_member_portal.html,6016,16764c7cd09f325538c7c8c266fef977aad60b9f17d1479b2d4d4c5fdbacf3a6,S3,高,,,验证,需进一步验证,Git
patches/v05M-R_异常中断恢复模板乱码与全站回归修复_完整覆盖补丁_staging/app/templates/v05e_dashboard.html,4882,d05eb0c31080234af94eb98ba46307dae049fe7e38bc94b42414cb9c1297eda7,S3,高,,,验证,需进一步验证,Git
patches/v05M-R_异常中断恢复模板乱码与全站回归修复_完整覆盖补丁_staging/app/templates/v05e_signals.html,7106,854cb1ca671ddf29b1375b78db8c5ac2d43fae088c2b70ccc3a63d92a09105a2,S3,高,,,验证,需进一步验证,Git
patches/v05M-R_异常中断恢复模板乱码与全站回归修复_完整覆盖补丁_staging/app/templates/v05e_watchlists.html,1231,8ccc78b1a23f2a900118f08a27bd53a5b3cac85e0b0a38ee6f8f43b3cd0935d8,S3,高,,,验证,需进一步验证,Git
patches/v05M-R_异常中断恢复模板乱码与全站回归修复_完整覆盖补丁_staging/app/templates/v05f_collection.html,9508,f62369e91f9fb423dbbff31d81b0d2802c2c6c3d04153c00faeccb3f351f2c47,S3,高,,,验证,需进一步验证,Git
patches/v05M-R_异常中断恢复模板乱码与全站回归修复_完整覆盖补丁_staging/app/templates/v05g_processing.html,11196,1e6eaf7b23fe75c8c21c4e3424edab45ca2801a424f754e3a94401af9a37b5ab,S3,高,,,验证,需进一步验证,Git
patches/v05M-R_异常中断恢复模板乱码与全站回归修复_完整覆盖补丁_staging/app/templates/v05h_reports.html,5553,566c47b573456e9b03f8ea415e9e40105ec372c30ef58b64231b13ed227b8edb,S3,高,,,验证,需进一步验证,Git
patches/v05M-R_异常中断恢复模板乱码与全站回归修复_完整覆盖补丁_staging/app/templates/v05i_pipeline.html,8930,7773f56caad548e27617391d684b9d3675410449db4fb836884b6376a53310f6,S3,高,,,验证,需进一步验证,Git
patches/v05M-R_异常中断恢复模板乱码与全站回归修复_完整覆盖补丁_staging/app/templates/v05j_research.html,9238,c2dbad128783be3e0a824a918105b7c6741001626b4fe3d20ed69d16af20510d,S3,高,,,验证,需进一步验证,Git
patches/v05M-R_异常中断恢复模板乱码与全站回归修复_完整覆盖补丁_staging/app/templates/v05kl_operations.html,3008,a3688a9e3560d99308e495e33f687765057096db65174e1be3be6215fbeb1a3c,S3,高,,,验证,需进一步验证,Git
patches/v05M-R_异常中断恢复模板乱码与全站回归修复_完整覆盖补丁_staging/app/templates/_page_head.html,114,f29769b4400d4417b0d7d0c948a2ad9e086a9411b20508d4e1e2ee40d8586ea6,S3,高,,,验证,需进一步验证,Git
patches/v05M-R_异常中断恢复模板乱码与全站回归修复_完整覆盖补丁_staging/app/templates/_record_meta.html,550,575cf9f66ef8849f10bf16f0b5d9fec579b69b9e6f6e806faa48b937bd3224a2,S3,高,,,验证,需进一步验证,Git
patches/v05M-R_异常中断恢复模板乱码与全站回归修复_完整覆盖补丁_staging/app/templates/_review_status.html,275,e555317aece36decdab3bee809ea0424f766cd564309749a3038012be34e0dbc,S3,高,,,验证,需进一步验证,Git
patches/v05M-R_异常中断恢复模板乱码与全站回归修复_完整覆盖补丁_staging/app/services/operations/backup_service.py,3225,937ed53ebf13266f1ff69789251f8ff86a19784b688911a2bc77c846f3eebc99,S3,高,,,验证,需进一步验证,Git
patches/v05M-R_异常中断恢复模板乱码与全站回归修复_完整覆盖补丁_staging/app/services/operations/restore_service.py,3444,dd428ef34d23f083f1a5b7ad57d46f561f3d617e15a109375e5a9818e986e83c,S3,高,,,验证,需进一步验证,Git
patches/v05M-R_异常中断恢复模板乱码与全站回归修复_完整覆盖补丁_staging/app/services/operations/source_quality_service.py,6862,8fcad98ac1a67ae59731f7ea56c04228a39ce94cd152d4865364d577c4b6b5d1,S3,高,,,验证,需进一步验证,Git
patches/v05M-R_异常中断恢复模板乱码与全站回归修复_完整覆盖补丁_staging/app/services/operations/system_health_service.py,3025,dffc6c5f351608eced8608735c65de57d67a9814f2b888b9a32b293d74a1bd8f,S3,高,,,验证,需进一步验证,Git
patches/v05M-R_异常中断恢复模板乱码与全站回归修复_完整覆盖补丁_staging/app/services/operations/__init__.py,567,e00194d282c2d14c5106bf73d8f61ff410067810401a96aeabb4d81d8181a88e,S3,高,,,验证,需进一步验证,Git
patches/v05M-R_异常中断恢复模板乱码与全站回归修复_完整覆盖补丁_staging/app/services/pipeline/pipeline_common.py,3488,694870c9039f3c9dcb1c095c56b65736d6b39b40108ed1a39cdce039d5e1ce68,S3,高,,,验证,需进一步验证,Git
patches/v05M-R_异常中断恢复模板乱码与全站回归修复_完整覆盖补丁_staging/app/services/pipeline/pipeline_metrics_service.py,4094,a5db51ff182b34756914879df1274765c64aad57c28d8ec6842f57ebc043f077,S3,高,,,验证,需进一步验证,Git
patches/v05M-R_异常中断恢复模板乱码与全站回归修复_完整覆盖补丁_staging/app/services/pipeline/pipeline_quality_service.py,3182,8b3556635d309288836167838c1a0c1b9df6cb36f68b2921640e1418a52c39a3,S3,高,,,验证,需进一步验证,Git
patches/v05M-R_异常中断恢复模板乱码与全站回归修复_完整覆盖补丁_staging/app/services/pipeline/pipeline_service.py,15502,bccc6a793fd200edf4417cfa903672133de5c3524596f02cfcbc611ca19d238d,S3,高,,,验证,需进一步验证,Git
patches/v05M-R_异常中断恢复模板乱码与全站回归修复_完整覆盖补丁_staging/app/services/pipeline/pipeline_state_service.py,5783,f43e792799efaf07247fe3f518fa49ff8632a2442107de4e1c4fa7b7cb75142b,S3,高,,,验证,需进一步验证,Git
patches/v05M-R_异常中断恢复模板乱码与全站回归修复_完整覆盖补丁_staging/app/services/pipeline/__init__.py,669,112de3293c527f253a02c7e7e73caa8520ecedb637214a519f31949f76137943,S3,高,,,验证,需进一步验证,Git
patches/v05M-R_异常中断恢复模板乱码与全站回归修复_完整覆盖补丁_staging/app/services/processing/confidence_service.py,1305,756fbeec83061ee5fcc6143f2977a7fdf2e14362be6f7d62eb62a88ee6f81a90,S3,高,,,验证,需进一步验证,Git
patches/v05M-R_异常中断恢复模板乱码与全站回归修复_完整覆盖补丁_staging/app/services/processing/content_block_service.py,3971,731ed9028bbee77e35ce4ec5cb68321400f0271697eebe357449ad37e770127d,S3,高,,,验证,需进一步验证,Git
patches/v05M-R_异常中断恢复模板乱码与全站回归修复_完整覆盖补丁_staging/app/services/processing/document_classifier.py,1995,1ff306bf0568b2fb62cc955261b37862c97a50550c7b46d7b63be6a6dbe6cf8f,S3,高,,,验证,需进一步验证,Git
patches/v05M-R_异常中断恢复模板乱码与全站回归修复_完整覆盖补丁_staging/app/services/processing/entity_extraction_service.py,7206,729bcfbcd462d5f60059db47a0c2c6d7c408594d3e1fb406173da0f99a3a1b6f,S3,高,,,验证,需进一步验证,Git
patches/v05M-R_异常中断恢复模板乱码与全站回归修复_完整覆盖补丁_staging/app/services/processing/processing_job_service.py,30939,ae5097f47a5637a32494ff217a07fc8f034bde984a213b5e5e14e58d3401cc38,S3,高,,,验证,需进一步验证,Git
patches/v05M-R_异常中断恢复模板乱码与全站回归修复_完整覆盖补丁_staging/app/services/processing/subject_matching_service.py,2289,0038d34a5d46d6bdc692ee20350b01840f15501abc17b6549fc0f6e293b7b009,S3,高,,,验证,需进一步验证,Git
patches/v05M-R_异常中断恢复模板乱码与全站回归修复_完整覆盖补丁_staging/app/services/processing/__init__.py,479,fdef1719a786a0af2eb690f3662b568d5aa7f5744ae833bbc53a8e73c6593b52,S3,高,,,验证,需进一步验证,Git
patches/v05M-R_异常中断恢复模板乱码与全站回归修复_完整覆盖补丁_staging/app/services/reports/report_citation_service.py,709,6996c6bb8c84651c37c2c88d70b34343a5c7a507576d903001ed293f7642bb0d,S3,高,,,验证,需进一步验证,Git
patches/v05M-R_异常中断恢复模板乱码与全站回归修复_完整覆盖补丁_staging/app/services/reports/report_generation_service.py,12952,ca2f01d46e4e58fc3a516f6b3ac77a15a73ebbff66fb23ec539f7351833c37c4,S3,高,,,验证,需进一步验证,Git
patches/v05M-R_异常中断恢复模板乱码与全站回归修复_完整覆盖补丁_staging/app/services/reports/report_query_service.py,2661,18926b4f58d5f1fbe18964af8d678e88beca629eb64e87fa1589010d154a36a8,S3,高,,,验证,需进一步验证,Git
patches/v05M-R_异常中断恢复模板乱码与全站回归修复_完整覆盖补丁_staging/app/services/reports/__init__.py,478,24def75a3ec71aa99fc01af584726a0bbf27c1333a746ce92b6e4868ce52d1a5,S3,高,,,验证,需进一步验证,Git
patches/v05M-R_异常中断恢复模板乱码与全站回归修复_完整覆盖补丁_staging/app/services/research/common.py,1988,5496285742270fdd34e187b976e433469b23ecbd69270b8278a3fe7c58c07064,S3,高,,,验证,需进一步验证,Git
patches/v05M-R_异常中断恢复模板乱码与全站回归修复_完整覆盖补丁_staging/app/services/research/investment_assessment_service.py,8410,302bc2404de35fa967a0680367b8d22fd0e8d750f44a52cbc33f307717d479f9,S3,高,,,验证,需进一步验证,Git
patches/v05M-R_异常中断恢复模板乱码与全站回归修复_完整覆盖补丁_staging/app/services/research/research_service.py,22558,3d49ec43c508d0140844aa6ac70c296a4aa3ace1041f528ccf2f5d2a90630181,S3,高,,,验证,需进一步验证,Git
patches/v05M-R_异常中断恢复模板乱码与全站回归修复_完整覆盖补丁_staging/app/services/research/__init__.py,1061,590bd4fa10544f8bc3d0813c0917391e1fce760bcd09e5634da44a7104a56af9,S3,高,,,验证,需进一步验证,Git
patches/v05M-R_异常中断恢复模板乱码与全站回归修复_完整覆盖补丁_staging/app/services/signals/signal_generation_service.py,9320,b86055d47fe71db635bd84a228e993c22ae0c4e60adc94c1046ccb709bfefdd3,S3,高,,,验证,需进一步验证,Git
patches/v05M-R_异常中断恢复模板乱码与全站回归修复_完整覆盖补丁_staging/app/services/signals/signal_rule_service.py,2540,24a80a2b6a60ba1dd3089257dfb42d387c0f1c3e7267f2ee1a41441fd2fa6dbe,S3,高,,,验证,需进一步验证,Git
patches/v05M-R_异常中断恢复模板乱码与全站回归修复_完整覆盖补丁_staging/app/services/signals/__init__.py,222,3af4a4d931d8e2c2df8c89bcbdd29d325058392910f36f87cc4ebdb9939245c6,S3,高,,,验证,需进一步验证,Git
patches/v05M-R_异常中断恢复模板乱码与全站回归修复_完整覆盖补丁_staging/app/services/tasks/task_common.py,1651,c3ba7f50056a76e8a8b9853498beed0e7411c9f53573ebd4eaeabe71f27c9b5d,S3,高,,,验证,需进一步验证,Git
patches/v05M-R_异常中断恢复模板乱码与全站回归修复_完整覆盖补丁_staging/app/services/tasks/task_dispatcher.py,2209,f926b3b6a49fe0c12200cad009f1034811d14f59de668d55c80908942ba176eb,S3,高,,,验证,需进一步验证,Git
patches/v05M-R_异常中断恢复模板乱码与全站回归修复_完整覆盖补丁_staging/app/services/tasks/task_heartbeat_service.py,1158,1551a68c9f5ffe77c90354ce25d6487de5a17f5b714329d9ddcc34c21a9f99b4,S3,高,,,验证,需进一步验证,Git
patches/v05M-R_异常中断恢复模板乱码与全站回归修复_完整覆盖补丁_staging/app/services/tasks/task_metrics_service.py,736,638e93ebe5f36107fc02b00963ea670ce095693d6204a870fd72a06bddf3cc01,S3,高,,,验证,需进一步验证,Git
patches/v05M-R_异常中断恢复模板乱码与全站回归修复_完整覆盖补丁_staging/app/services/tasks/task_registry.py,3101,b7ed06bacc44fb8d0821d3469bc87c1c91d5ec269a8ca18495fd4d74d326704b,S3,高,,,验证,需进一步验证,Git
patches/v05M-R_异常中断恢复模板乱码与全站回归修复_完整覆盖补丁_staging/app/services/tasks/task_retry_service.py,268,5071447950de4cffe66b73923bb0dd6e5f0396f1726bf4ccc9722599452ccd27,S3,高,,,验证,需进一步验证,Git
patches/v05M-R_异常中断恢复模板乱码与全站回归修复_完整覆盖补丁_staging/app/services/tasks/task_runner.py,4472,5f2b1be6925b23c10ab1be38e6fd62bcb0a265f072d49a6ca9098ef9c1b97dcd,S3,高,,,验证,需进一步验证,Git
patches/v05M-R_异常中断恢复模板乱码与全站回归修复_完整覆盖补丁_staging/app/services/tasks/__init__.py,306,c629296184bff2dc277f325c13237ed1e235acf04c9e3c814c424cdd1ba8c162,S3,高,,,验证,需进一步验证,Git
patches/v05M-R_异常中断恢复模板乱码与全站回归修复_完整覆盖补丁_staging/app/api/v1/collection.py,9908,a20d56239a9794598f3f4a030ed96315a5ce43bbfecb16e4b8a8f50b61f01875,S3,高,,,验证,需进一步验证,Git
patches/v05M-R_异常中断恢复模板乱码与全站回归修复_完整覆盖补丁_staging/app/api/v1/dashboard.py,658,018edde3e4340c17d429edc52804bbab2be086da30205dbca3618d09a9f5e01c,S3,高,,,验证,需进一步验证,Git
patches/v05M-R_异常中断恢复模板乱码与全站回归修复_完整覆盖补丁_staging/app/api/v1/events.py,2042,49511f344fb4375dc7496d0c13c5152c3295701349885e3e75f1317ae94209bb,S3,高,,,验证,需进一步验证,Git
patches/v05M-R_异常中断恢复模板乱码与全站回归修复_完整覆盖补丁_staging/app/api/v1/intelligence.py,5610,e9ff95f0545ab4c13017ff60556e24f9fc06393a498aa82d5a33f72d3d9fa771,S3,高,,,验证,需进一步验证,Git
patches/v05M-R_异常中断恢复模板乱码与全站回归修复_完整覆盖补丁_staging/app/api/v1/investment_assessments.py,3092,a735440a2ba9321f1c02910b99a052ba30c2b33151f8c5ec1c312b7cf3d76088,S3,高,,,验证,需进一步验证,Git
patches/v05M-R_异常中断恢复模板乱码与全站回归修复_完整覆盖补丁_staging/app/api/v1/navigation.py,454,750da87e3cca3a01058f37fea614c6abf6d8e1c38616923496386eef8facdaea,S3,高,,,验证,需进一步验证,Git
patches/v05M-R_异常中断恢复模板乱码与全站回归修复_完整覆盖补丁_staging/app/api/v1/pipeline.py,4566,cd974357c21e2a31dc90ca6f62cbce77751bce642a8dc828e1a634df5161a34c,S3,高,,,验证,需进一步验证,Git
patches/v05M-R_异常中断恢复模板乱码与全站回归修复_完整覆盖补丁_staging/app/api/v1/processing.py,5575,eec666fa817d07a03e19cc4c38898a7e7ae133817b88b38c48b3e347912a485d,S3,高,,,验证,需进一步验证,Git
patches/v05M-R_异常中断恢复模板乱码与全站回归修复_完整覆盖补丁_staging/app/api/v1/relationships.py,2661,00ef2d56ddf8416d77ec99977249055534c995533421d5f11d748094a86c56c9,S3,高,,,验证,需进一步验证,Git
patches/v05M-R_异常中断恢复模板乱码与全站回归修复_完整覆盖补丁_staging/app/api/v1/reports.py,4030,e0979b8c961aeb2b449c04461f367d2d2909e2b991735e5901cd39ba45899294,S3,高,,,验证,需进一步验证,Git
patches/v05M-R_异常中断恢复模板乱码与全站回归修复_完整覆盖补丁_staging/app/api/v1/research.py,6164,303e3fb28a92d04d041d0044ff68d1080745ddc7365a3001afaf83e8e29b7d88,S3,高,,,验证,需进一步验证,Git
patches/v05M-R_异常中断恢复模板乱码与全站回归修复_完整覆盖补丁_staging/app/api/v1/router.py,2429,0f373d2707fb07595df2db1bee70cbb7582b842deda5c006c21e2a2e6508834c,S3,高,,,验证,需进一步验证,Git
patches/v05M-R_异常中断恢复模板乱码与全站回归修复_完整覆盖补丁_staging/app/api/v1/search.py,589,f731913692e91cde2df0a07348f65f6af19ef083bc1e6284f47329757795f7bb,S3,高,,,验证,需进一步验证,Git
patches/v05M-R_异常中断恢复模板乱码与全站回归修复_完整覆盖补丁_staging/app/api/v1/signals.py,4148,b1137c4cb6ac8ee22d2c167e2846eaeea48d41fccadb081abda502d676e2c766,S3,高,,,验证,需进一步验证,Git
patches/v05M-R_异常中断恢复模板乱码与全站回归修复_完整覆盖补丁_staging/app/api/v1/subjects.py,3971,da9f3ae2ce92344ac99c850b71f42043b1e5937250b436163f51f21958a7dab7,S3,高,,,验证,需进一步验证,Git
patches/v05M-R_异常中断恢复模板乱码与全站回归修复_完整覆盖补丁_staging/app/api/v1/system.py,1108,bed4119aeea37b98827188146976ebbb950f8008ebfbdeb6c3d8e60c97cb9e4a,S3,高,,,验证,需进一步验证,Git
patches/v05M-R_异常中断恢复模板乱码与全站回归修复_完整覆盖补丁_staging/app/api/v1/watchlists.py,3688,08f7d40ca3b6e06f09244d188b24816d683544a1bd345dc9e1bbbee1fbf5e5ac,S3,高,,,验证,需进一步验证,Git
patches/v05M-R_异常中断恢复模板乱码与全站回归修复_完整覆盖补丁_staging/app/api/v1/__init__.py,1,01ba4719c80b6fe911b091a7c05124b64eeece964e09c058ef8f9805daca546b,S3,高,,,验证,需进一步验证,Git
patches/v05G_semantic_processing_patch_20260701_113851/app/main.py,67402,00addb06fc1c8836601561f75738f2def1b0d3b91b1250108558851791b63d93,S3,高,,,验证,需进一步验证,Git
patches/v05G_semantic_processing_patch_20260701_113851/app/security.py,25789,080721fafededc1b3e62549b495860541a2ad6ce23b30b2b1097929c2603ed79,S3,高,,,验证,需进一步验证,Git
patches/v05G_semantic_processing_patch_20260701_113851/app/v05g_processing.py,5419,20e4309098f3f78cfb25509e71940291ad11170e197060563d855d4f1ce801dd,S3,高,,,验证,需进一步验证,Git
patches/v05G_semantic_processing_patch_20260701_113851/docs/API_V1_GUIDE.md,5648,d39a96b4a68698693cd0827bd62de38603836160189db76ad1901114c2735586,S3,高,,,验证,需进一步验证,Git
patches/v05G_semantic_processing_patch_20260701_113851/docs/V05G_PATCH_INSTALL.md,892,7ce6ff91777c11f0435a0cdb22290b614a146b019c2b62054a176504fff7fc6f,S3,高,,,验证,需进一步验证,Git
patches/v05G_semantic_processing_patch_20260701_113851/docs/V05G_PATCH_MANIFEST.txt,1119,b6346958291b528ba06ebc7a5615dea88aa8b0c3b4ff271256fa0d0574338d4e,S3,高,,,验证,需进一步验证,Git
patches/v05G_semantic_processing_patch_20260701_113851/docs/V05G_PROCESSING.md,2200,24866cc7b9908757395c771689e92c053ccecca97cb0751ccca6aed628074a19,S3,高,,,验证,需进一步验证,Git
patches/v05G_semantic_processing_patch_20260701_113851/scripts/migrate_all.py,3966,782cceeb42f91d5eaf354f442091ea34afceefb622b266f02296b3d287f5727b,S3,高,,,验证,需进一步验证,Git
patches/v05G_semantic_processing_patch_20260701_113851/scripts/migrate_v05g.py,8939,0fd602fbafd136672effdb1e1e263c8bad3ffaaf7435dda9c8347d0cc66ce2ac,S3,高,,,验证,需进一步验证,Git
patches/v05G_semantic_processing_patch_20260701_113851/scripts/queue_historical_processing.py,1916,a6591bae009d81a31bbf11b5805297806f2fefdc5da90be4a9a484bdd57ad690,S3,高,,,验证,需进一步验证,Git
patches/v05G_semantic_processing_patch_20260701_113851/scripts/run_processing_worker.py,2252,bc8a6701c299c4daf1fea700c478a0d7df26db59cdea69efb711ae344a58a89c,S3,高,,,验证,需进一步验证,Git
patches/v05G_semantic_processing_patch_20260701_113851/scripts/verify_all.py,5911,583978e4f687cd7bd9a1bd1b37f5326772c05a18d685ecb00de0af02ae6768fc,S3,高,,,验证,需进一步验证,Git
patches/v05G_semantic_processing_patch_20260701_113851/scripts/verify_v05g.py,11822,4099bd51c76186a93c060820b6430d4c4ff3c3f5494d5b3db96edb3d464a89cc,S3,高,,,验证,需进一步验证,Git
patches/v05G_semantic_processing_patch_20260701_113851/app/templates/v05f_collection.html,8671,4963ef0abf26b2d23b9a7e6b3212754fcb86aabbae21fcb35506350ea027e728,S3,高,,,验证,需进一步验证,Git
patches/v05G_semantic_processing_patch_20260701_113851/app/templates/v05g_processing.html,9803,63e1d49a2d1a20be063cb791147fab4562a5e935f2d2a809dab7b42eee094347,S3,高,,,验证,需进一步验证,Git
patches/v05G_semantic_processing_patch_20260701_113851/app/services/processing/confidence_service.py,1305,756fbeec83061ee5fcc6143f2977a7fdf2e14362be6f7d62eb62a88ee6f81a90,S3,高,,,验证,需进一步验证,Git
patches/v05G_semantic_processing_patch_20260701_113851/app/services/processing/content_block_service.py,3971,731ed9028bbee77e35ce4ec5cb68321400f0271697eebe357449ad37e770127d,S3,高,,,验证,需进一步验证,Git
patches/v05G_semantic_processing_patch_20260701_113851/app/services/processing/document_classifier.py,1995,1ff306bf0568b2fb62cc955261b37862c97a50550c7b46d7b63be6a6dbe6cf8f,S3,高,,,验证,需进一步验证,Git
patches/v05G_semantic_processing_patch_20260701_113851/app/services/processing/entity_extraction_service.py,7206,729bcfbcd462d5f60059db47a0c2c6d7c408594d3e1fb406173da0f99a3a1b6f,S3,高,,,验证,需进一步验证,Git
patches/v05G_semantic_processing_patch_20260701_113851/app/services/processing/processing_job_service.py,30939,ae5097f47a5637a32494ff217a07fc8f034bde984a213b5e5e14e58d3401cc38,S3,高,,,验证,需进一步验证,Git
patches/v05G_semantic_processing_patch_20260701_113851/app/services/processing/subject_matching_service.py,2289,0038d34a5d46d6bdc692ee20350b01840f15501abc17b6549fc0f6e293b7b009,S3,高,,,验证,需进一步验证,Git
patches/v05G_semantic_processing_patch_20260701_113851/app/services/processing/__init__.py,479,fdef1719a786a0af2eb690f3662b568d5aa7f5744ae833bbc53a8e73c6593b52,S3,高,,,验证,需进一步验证,Git
patches/v05G_semantic_processing_patch_20260701_113851/app/api/v1/processing.py,5395,a5d185c9914479668fd053313454f8b3fd764547426dca3c4ad7b9ccf6cb8bd6,S3,高,,,验证,需进一步验证,Git
patches/v05G_semantic_processing_patch_20260701_113851/app/api/v1/router.py,2105,5f674799f665d189f77a07e22c72100a1a3a72b2c20790d62c7e40e9c05bd911,S3,高,,,验证,需进一步验证,Git
patches/v05F_multisource_collection_patch_20260701_093910/app/main.py,67294,803330b706a57da522ab6495be93600a3b33d5de050e4c5ea0fadf88ddd0e0dd,S3,高,,,验证,需进一步验证,Git
patches/v05F_multisource_collection_patch_20260701_093910/app/security.py,25597,6f17d0a9e64795a78d3efe5b95b336c3d8adc9d8d2bfee0dfa53c87809422347,S3,高,,,验证,需进一步验证,Git
patches/v05F_multisource_collection_patch_20260701_093910/app/v05f_collection.py,6638,771ac7a9e2b28d724e48daac83b5d9e0eb1adf27e2a263d838f7bc3dab8ae527,S3,高,,,验证,需进一步验证,Git
patches/v05F_multisource_collection_patch_20260701_093910/docs/API_V1_GUIDE.md,4963,e7e690448a7703de713e1a445449830b18ca6811fe755fc9aab99859e188605f,S3,高,,,验证,需进一步验证,Git
patches/v05F_multisource_collection_patch_20260701_093910/docs/COLLECTION_SCHEDULER_WINDOWS.md,1529,7b80bcd21997654ed0b87f84f62ca68579268c60d11475dbf9d028406cbf6fcc,S3,高,,,验证,需进一步验证,Git
patches/v05F_multisource_collection_patch_20260701_093910/docs/V05F_COLLECTION.md,1915,6cb24d9fdd58c45e1600a4b60b548268f9098a6f0b6accc563ee18e343430b07,S3,高,,,验证,需进一步验证,Git
patches/v05F_multisource_collection_patch_20260701_093910/docs/V05F_PATCH_INSTALL.md,978,6c65b469ff615bf6b5974a3c8decb0ed5d22f01678a3764f0015bbed5740e9dd,S3,高,,,验证,需进一步验证,Git
patches/v05F_multisource_collection_patch_20260701_093910/docs/V05F_PATCH_MANIFEST.txt,1696,9f46f63373dc34788df0d8c6a510593bff5a590bdd0b1bfaaf9b6186c54ea80d,S3,高,,,验证,需进一步验证,Git
patches/v05F_multisource_collection_patch_20260701_093910/scripts/migrate_all.py,3835,026c0e4b2d5d8e3a656d9d4cf685aeb51fd1d32ea8812a4c1ac0c5ee14028bad,S3,高,,,验证,需进一步验证,Git
patches/v05F_multisource_collection_patch_20260701_093910/scripts/migrate_v05f.py,10187,555b25bc6d21375b88c62691b98473756cb0d23850a6726fc9784a50800880c9,S3,高,,,验证,需进一步验证,Git
patches/v05F_multisource_collection_patch_20260701_093910/scripts/run_collection_worker.py,1723,fb9b8a1d6555c29c665d9da6f93d231f9c59e500728079e425e3b64c1f7d65a1,S3,高,,,验证,需进一步验证,Git
patches/v05F_multisource_collection_patch_20260701_093910/scripts/verify_all.py,5561,dd063a4025c4d0a459917baf481c24ef3ee67df83efb1f712f2002bc2ea2d732,S3,高,,,验证,需进一步验证,Git
patches/v05F_multisource_collection_patch_20260701_093910/scripts/verify_v05f.py,8759,5f4b4fdc73bbb42bf0096eedcdf2efbfc1cdd8b5b4bf714e74e00ca46f75fe2b,S3,高,,,验证,需进一步验证,Git
patches/v05F_multisource_collection_patch_20260701_093910/app/services/collection_service.py,42593,da9343f3b4c1c888fe2c1d4435d8bfad6ede978c7cf47cc1421b2f467abdabff,S3,高,,,验证,需进一步验证,Git
patches/v05F_multisource_collection_patch_20260701_093910/app/templates/base.html,5773,708fe2cd7a57900ab8bef6460a6c68ba01c50bd971b0c6b87c0d58a2a4a1059b,S3,高,,,验证,需进一步验证,Git
patches/v05F_multisource_collection_patch_20260701_093910/app/templates/v05f_collection.html,8632,a222a06480661dbdb03be4023ac67fb5fdbf6379b8668e493a16b0aa4fe30742,S3,高,,,验证,需进一步验证,Git
patches/v05F_multisource_collection_patch_20260701_093910/app/api/v1/collection.py,9730,6cd26e3df8e801d1acf4a689f00cd6d728c540b6c2b4b460d1a9f2551159d560,S3,高,,,验证,需进一步验证,Git
patches/v05F_multisource_collection_patch_20260701_093910/app/api/v1/router.py,2052,fe43852120dc98b572b9a9a70354e333dd2c72ccbd55e967a097d43e3a3a61bf,S3,高,,,验证,需进一步验证,Git
docs/archive/01_手动替换步骤.md,1822,b812dc0d33d5a6922fa39bb9d2e8dd4c723fbb59de6e132a8b38d25fe9603e68,S2,中,,,归档,旧文档,Git
docs/archive/02_JSON数据格式.md,2561,e57a0e2c250a3f9c793cf6e684f011c0b41d68edb3151440aa3998b9b93d49b7,S2,中,,,归档,旧文档,Git
docs/archive/02_功能验收清单.md,1689,559bcbca42926f3b9ad3810095831a5639868d4ddd6416ec6ee8a44b0c856376,S2,中,,,归档,旧文档,Git
docs/archive/03_故障排查.md,1685,d415e3fa205eda63437db991651fe8147bfec55e2cce25dfafc290a7ba7bc661,S2,中,,,归档,旧文档,Git
docs/archive/03_正式同步与业务表映射.md,1519,518ebbda66f0ef51358ed725f73606c6e48148edc084b562e5cb6c2a4fae1d53,S2,中,,,归档,旧文档,Git
docs/archive/04_验收清单.md,1158,96a4f38a78ab3d6fc7cee8876e0c8f4da371c0819b429a2c6c1a27ea41b81622,S2,中,,,归档,旧文档,Git
docs/archive/05_故障排查.md,1565,e22719301d2a2bd70c0fc2400fca1d89c050a88285795142c1c069e8bbb612b5,S2,中,,,归档,旧文档,Git
docs/audit/P1_2_BACKUP_PATCH_AUDIT.md,629,eee7d7109696d9504443b99a259258b1c546d9b079a8ffe78bc414c67c4b047f,S4,低,,,保留,正式文档,Git
docs/audit/P1_2_DELETION_CANDIDATES.csv,452154,32d9179c7f918f56803ea7b3ef4a9ef3770f2d1d5397163bf7f08aadb042d712,S4,低,,,保留,正式文档,Git
docs/audit/P1_2_DUAL_WRITE_RISK.md,792,55c4167080ceed3036d011f4620c5e81458fa843c9afc9e14c1b5d0dd08e7118,S4,低,,,保留,正式文档,Git
docs/audit/P1_2_DUPLICATE_FILE_AUDIT.csv,199814,905e729413da6cb64dc84d9f99b6c6d8809f4ee6f4a9c22a6a480578b10f324e,S4,低,,,保留,正式文档,Git
docs/audit/P1_2_DUPLICATE_SUMMARY.md,255170,9fac5d067371d70aebd06cf4a620357a3b7b55b9743e28112ca58a6acd8beff6,S4,低,,,保留,正式文档,Git
docs/audit/P1_2_OFFICIAL_ENTRYPOINTS.md,844,c3a186518ab862238e20a18c422ee9a63909f1bb0bd725d4eda721baa6a756e6,S4,低,,,保留,正式文档,Git
docs/audit/P1_2_PYTHON_MODULE_AUDIT.csv,176286,b0c6e4b088ef13dfaca331974e95acc116b74b4657da7245d976bb2a44038e63,S4,低,,,保留,正式文档,Git
docs/audit/P1_2_RECOMMENDATION.md,690,33c866fdc98be2c4eb272330eb800008f4f4a4238107bc6ad595bb57f4124696,S4,低,,,保留,正式文档,Git
docs/audit/P1_2_ROUTE_AUDIT.md,167771,7ab361fc6ebe1f7b761d8293c87f157d9a3f69143372c69be03e6a7c30d1f982,S4,低,,,保留,正式文档,Git
docs/audit/p1_2_route_inventory.csv,163995,f1bae261b05efc3edd66f1ba62b7722409d09ea702e2d5817b44d5b33fd932d6,S4,低,,,保留,正式文档,Git
docs/audit/P1_2_STATIC_ASSET_AUDIT.csv,267,29323282ed41c05dbdec3eac9d9e59e3c2d50a3e795e71fbaf146eca64a67232,S4,低,,,保留,正式文档,Git
docs/audit/P1_2_TEMPLATE_AUDIT.md,3544,35a67cdcf4a135d924c1af9c16a96bc60048bd1b44a5cdae0eb9060697358047,S4,低,,,保留,正式文档,Git
docs/audit/p1_2_template_inventory.csv,5168,23b11c979de024cce169b18fc2dd8da0618c5883a891a0caba08b0a2acfdb8a6,S4,低,,,保留,正式文档,Git
docs/manual_review/p1_resource_conflict_review.csv,493,4975050d08de572a1423f1a2d6fcc4c924893ef8afb8bfab98d4749a608b2c7b,S4,低,,,保留,正式文档,Git
docs/manual_review/P1_RESOURCE_CONFLICT_REVIEW.md,2144,2618f40e0cc770b8ee9dd87b5c737a47d3f7ab432ecd10909876a83d8c4fb98f,S4,低,,,保留,正式文档,Git
docs/tasks/TASK-P0-P1-STABILITY-DOMAIN-UNIFICATION.md,1754,bc154c2511ab9ecda4af7a1f4d370a6ecd8666850bc8ef9ac9f9ae57943aa6a7,S4,低,,,保留,正式文档,Git
docs/tasks/TASK-P1-1-DATA-INTEGRITY-TESTS.md,3853,968b924231679ccc591130be139bf028ec9ebf3234fb523c01bf759b266840e3,S4,低,,,保留,正式文档,Git
backup_before_v05m_recovery_20260702_091828/app/analyzer.py,10616,c5dca7fd8bba5df94d079ed2a14e70d924f2c78fc66a7b16aa19e355fc2e0c08,S3,高,,,验证,需进一步验证,Git
backup_before_v05m_recovery_20260702_091828/app/crud_config.py,9928,60b7383e523c264bf6e91a8b0ce15b547ca5be0e661f804a3d584d4e50b13b6c,S3,高,,,验证,需进一步验证,Git
backup_before_v05m_recovery_20260702_091828/app/database.py,488,c33bc826538b7196523481c3af62efd69be7f06f27da2e46f5f17f2eedee93da,S3,高,,,验证,需进一步验证,Git
backup_before_v05m_recovery_20260702_091828/app/entity_analyzer.py,11109,a3db5f980ad3ab71a2aae03ea7b3cb3473698c5f69feb3c4e9533dab11db7a57,S3,高,,,验证,需进一步验证,Git
backup_before_v05m_recovery_20260702_091828/app/main.py,69046,cc785e4385eafac08c2855b74d202d3a16fc0d93c1e291eee4357e85b90f6962,S3,高,,,验证,需进一步验证,Git
backup_before_v05m_recovery_20260702_091828/app/models.py,16526,99d3e3aa5e735de71ef74db0605e76bd2c4298f7e8e22e0e8fcd754fae6ed1d3,S3,高,,,验证,需进一步验证,Git
backup_before_v05m_recovery_20260702_091828/app/navigation.py,5961,e3d54eea732399f2fedcdcc8877763da9612423788fa7a8057a97222e4b2503c,S3,高,,,验证,需进一步验证,Git
backup_before_v05m_recovery_20260702_091828/app/paste_router.py,5651,907371afd69c4ca643f315bd75164d15c1d0390e746d27029393283cdf76c8d2,S3,高,,,验证,需进一步验证,Git
backup_before_v05m_recovery_20260702_091828/app/security.py,27079,a426f1d5a667ea85f01f00b01a64de23bfc1c4aae62344cf074b3af4fc35b023,S3,高,,,验证,需进一步验证,Git
backup_before_v05m_recovery_20260702_091828/app/v04c1_ingestion.py,65181,98a528c4110ea4f0b73da0f4edb320d3f306ba103a74361650b6b2aa694b48b8,S3,高,,,验证,需进一步验证,Git
backup_before_v05m_recovery_20260702_091828/app/v04c_review.py,38959,ff6e26dc1581e1cd817cccf88b88b717b7e67f8e031982b10dbac3ecaab18205,S3,高,,,验证,需进一步验证,Git
backup_before_v05m_recovery_20260702_091828/app/v04db_prestructure.py,47228,eb8f47c11ec5fa23aedf0c1446c6842854bb1d7392fc285f9a0096db99a025fc,S3,高,,,验证,需进一步验证,Git
backup_before_v05m_recovery_20260702_091828/app/v04d_structuring.py,48161,3a790eafc11cca740b4ce20f85fc57d24b49852a82b2f61f047c2ce6c0d6728e,S3,高,,,验证,需进一步验证,Git
backup_before_v05m_recovery_20260702_091828/app/v04e_entity_resolution.py,36311,5fdd84ca20a24e1ab295711265267f7350379248ccb10a7ff8ba242a9be16ea1,S3,高,,,验证,需进一步验证,Git
backup_before_v05m_recovery_20260702_091828/app/v04f_operations.py,38188,244afff8e655e351a659e5a8af4869895d02b0dd25c8fd0efde8852111d10397,S3,高,,,验证,需进一步验证,Git
backup_before_v05m_recovery_20260702_091828/app/v04g_monitoring.py,5741,341d2bd59356b7b9d7cf897800e66bab5c6c35e0de491b0e399dc63d82b46344,S3,高,,,验证,需进一步验证,Git
backup_before_v05m_recovery_20260702_091828/app/v04h_recommendations.py,5135,70891a8799ed9608a7ea842199668f574fcc5c47cbd0f45427cebc0ee960fa0e,S3,高,,,验证,需进一步验证,Git
backup_before_v05m_recovery_20260702_091828/app/v05a_security.py,12584,8101dcbe94a3fdf4913d2fbd29eacca3db6ae58f332af3b4f98d8fc354e16503,S3,高,,,验证,需进一步验证,Git
backup_before_v05m_recovery_20260702_091828/app/v05b_member_import.py,42822,6759528f1eb83444be1dfeb14a00093136f3b274269b63e35e6e322524be2eec,S3,高,,,验证,需进一步验证,Git
backup_before_v05m_recovery_20260702_091828/app/v05c_club_events.py,27706,7e074416f2d1be7127e06bb5d530d427e7f67bf6d01775bc2c79b5fd2478ed37,S3,高,,,验证,需进一步验证,Git
backup_before_v05m_recovery_20260702_091828/app/v05d_member_portal.py,52931,664b8eb11f2bfce06246ebb021adf431db64e328998636fc9767d98c70f0dc7c,S3,高,,,验证,需进一步验证,Git
backup_before_v05m_recovery_20260702_091828/app/v05e_intelligence.py,5890,3a2bbe0021e9cac0a0c35f29b642b77422d40dee40f98e33e7aa857c55f588d6,S3,高,,,验证,需进一步验证,Git
backup_before_v05m_recovery_20260702_091828/app/v05f_collection.py,6649,8ba2933e516e980dda6945f4b03fbdc3d40222fd31458bd936741c7b59cf27b8,S3,高,,,验证,需进一步验证,Git
backup_before_v05m_recovery_20260702_091828/app/v05g_processing.py,5434,5f538b6e6982add027d91fd78357527986b320fb6e60db5ca364999985646d89,S3,高,,,验证,需进一步验证,Git
backup_before_v05m_recovery_20260702_091828/app/v05h_reports.py,3896,1792dbd264d0c67ff191abc949d7fe15a2c2860ab3251f8289957dee886e5a5d,S3,高,,,验证,需进一步验证,Git
backup_before_v05m_recovery_20260702_091828/app/v05i_pipeline.py,4492,bf77c805fa80db7b3b3529d8682acbd037315c66943b151f49285d0f1c5be654,S3,高,,,验证,需进一步验证,Git
backup_before_v05m_recovery_20260702_091828/app/v05j_research.py,9261,3a4354ac132aebcfc49a97dfde0c10649421a8da3b5db65afe80380b7817b297,S3,高,,,验证,需进一步验证,Git
backup_before_v05m_recovery_20260702_091828/app/v05kl_operations.py,3382,d990b4285178d83a39c12b9730df61b9ace28575d0b674078edacd8dab30f703,S3,高,,,验证,需进一步验证,Git
backup_before_v05m_recovery_20260702_091828/app/web_extractor.py,6815,57f630575d0cd62b32a1ad6e27b1e7e0795e74a39fd3c7c9f1129a7f014bba7b,S3,高,,,验证,需进一步验证,Git
backup_before_v05m_recovery_20260702_091828/app/__init__.py,0,e3b0c44298fc1c149afbf4c8996fb92427ae41e4649b934ca495991b7852b855,S1,低,,,删除,空文件,Git
backup_before_v05m_recovery_20260702_091828/docs/01_INSTALLATION.md,1099,452847e9bd5925b0d10fb475c27350ba05f74a743d8239b1454311551945874d,S3,高,,,验证,需进一步验证,Git
backup_before_v05m_recovery_20260702_091828/docs/01_手动替换步骤.md,2627,eaaa6353469cd333639a13aa179994f361ca287eda6bd2acbb7d0aae8d2fa511,S3,高,,,验证,需进一步验证,Git
backup_before_v05m_recovery_20260702_091828/docs/02_QUICK_START.md,845,40ace06649d7516f17893f6de2d89e0e041a700b18204e2da0538a464eec4388,S3,高,,,验证,需进一步验证,Git
backup_before_v05m_recovery_20260702_091828/docs/02_功能与验收清单.md,2074,be5fba3ef560175d4534671b10dd0b5dfb09a77a1b605fe8c633377c8a4dfc1f,S3,高,,,验证,需进一步验证,Git
backup_before_v05m_recovery_20260702_091828/docs/02_功能验收清单.md,2609,07e7ff8fbe5977725534429de8aca6349ef96fd03af4743e84c93eb105907a9c,S3,高,,,验证,需进一步验证,Git
backup_before_v05m_recovery_20260702_091828/docs/03_USER_GUIDE.md,1253,ef8fbf84be29a98ce875e9ec35011c9c3bb13c605cc291e90c8be755bae03cae,S3,高,,,验证,需进一步验证,Git
backup_before_v05m_recovery_20260702_091828/docs/03_故障排查.md,2336,ea25625abf64c7453215e0eafe3dc3a3052783534077fc590f2eb0c8628ed024,S3,高,,,验证,需进一步验证,Git
backup_before_v05m_recovery_20260702_091828/docs/03_离线提取规则说明.md,1514,bcd516dc23b7641636a738dd85b8f3c4790abdf9109c43290db1ab3c45f4bfaf,S3,高,,,验证,需进一步验证,Git
backup_before_v05m_recovery_20260702_091828/docs/03_算法与安全边界.md,1292,34132b1f4feb36936ed8a7353eac82d4e6cb5ec0fa4bfd131c8cb5cc682819e3,S3,高,,,验证,需进一步验证,Git
backup_before_v05m_recovery_20260702_091828/docs/04_DATA_MODEL.md,1428,8ea6c72515a52c7ca7bfb61508db139641cad8813427fc705617b7129576dac3,S3,高,,,验证,需进一步验证,Git
backup_before_v05m_recovery_20260702_091828/docs/04_故障排查.md,1581,c6d452f63ce22b33e2e39876b736f0300a6c80fe07fa5fcb4dc47be322382c65,S3,高,,,验证,需进一步验证,Git
backup_before_v05m_recovery_20260702_091828/docs/05_REVIEW_WORKFLOW.md,1280,8f6252999adf2d7a85fc753ef1b6f4924deacde97858607834cc6d877f8d29c8,S3,高,,,验证,需进一步验证,Git
backup_before_v05m_recovery_20260702_091828/docs/06_DATA_INGESTION.md,1660,295d21c8c6048db5fcaa952df8742e1b478cb73d6f945d1903721c2a70e78a70,S3,高,,,验证,需进一步验证,Git
backup_before_v05m_recovery_20260702_091828/docs/07_DEVELOPMENT.md,1384,53a81f6814bae34d25db3d15debe79f667f64c5336eb161b9ca300a75168cfcd,S3,高,,,验证,需进一步验证,Git
backup_before_v05m_recovery_20260702_091828/docs/08_TROUBLESHOOTING.md,1666,20f2379fed6a895ca60ea0f3faa62747b7c78170f4650d9731306cc06f4b3e1c,S3,高,,,验证,需进一步验证,Git
backup_before_v05m_recovery_20260702_091828/docs/09_CHANGELOG.md,1053,760fa87295376e9fe84eff0d1ea1e9d2209f0a210575445e670807c31988c13b,S3,高,,,验证,需进一步验证,Git
backup_before_v05m_recovery_20260702_091828/docs/10_V04D_STRUCTURING.md,1638,e98d29ca27e13f1ce8ae1c6e3bac694aad0d27ae5e6554998df5af82fb80d365,S3,高,,,验证,需进一步验证,Git
backup_before_v05m_recovery_20260702_091828/docs/11_V04H_RECOMMENDATIONS.md,2491,0da1e5d537a19dbd51cb26a33992f90e6f74ac8b1c18b088183b31a9e2a7a1ff,S3,高,,,验证,需进一步验证,Git
backup_before_v05m_recovery_20260702_091828/docs/12_V05A_SECURITY.md,3207,d923f5c1bb5e43fb3b558ae9079ad1612c12eb65553929949ca003ea2176b616,S3,高,,,验证,需进一步验证,Git
backup_before_v05m_recovery_20260702_091828/docs/13_V05A_PATCH_INSTALL.md,1865,56f3f3324c879128c404b5e9f5a18bf638b3e47c4555aa34c69930dfd776b09e,S3,高,,,验证,需进一步验证,Git
backup_before_v05m_recovery_20260702_091828/docs/14_V05B_MEMBER_IMPORT.md,3311,b165c8e11b1e0bcd7b40744c4c604380332b6095da8dfe8711d3694c37051a30,S3,高,,,验证,需进一步验证,Git
backup_before_v05m_recovery_20260702_091828/docs/15_V05B_PATCH_INSTALL.md,2012,5d116ab1ef7aea92ac4daf54dcfb9730495ef8ee29c42272a068defa67a55d15,S3,高,,,验证,需进一步验证,Git
backup_before_v05m_recovery_20260702_091828/docs/16_V05B_QUICK_ACCEPTANCE.md,646,ceeb2f2c3b6c22fe698552899cb0af473bff2b720fbdc94cef2ef3b6dae7f005,S3,高,,,验证,需进一步验证,Git
backup_before_v05m_recovery_20260702_091828/docs/API_V1_GUIDE.md,9556,586a4c9931c5a7787704277787be4ab28301df1313870d3c19af0ab1e8d25751,S3,高,,,验证,需进一步验证,Git
backup_before_v05m_recovery_20260702_091828/docs/COLLECTION_SCHEDULER_WINDOWS.md,1529,7b80bcd21997654ed0b87f84f62ca68579268c60d11475dbf9d028406cbf6fcc,S3,高,,,验证,需进一步验证,Git
backup_before_v05m_recovery_20260702_091828/docs/DOCUMENT_CLEANUP_REPORT.md,4241,64ec2daff317784bb0ba6280b261e5e9367ddd0684c8194d873dc208ad5a1a05,S3,高,,,验证,需进一步验证,Git
backup_before_v05m_recovery_20260702_091828/docs/DOCUMENT_INDEX.md,1863,4792bd430030f4a839db895eb526a9530b98b843eb8b9ccd1db285cdea98ab8f,S3,高,,,验证,需进一步验证,Git
backup_before_v05m_recovery_20260702_091828/docs/SKILLS_GUIDE.md,4047,b4440203a901c7883438fefdd685f4dc9f2064fca4ede16fcd79f1e43d40a632,S3,高,,,验证,需进一步验证,Git
backup_before_v05m_recovery_20260702_091828/docs/V04H_PATCH_MANIFEST.txt,464,2bb231bcde5c7d127428e82dddcb26b4b6e55757cc35223656203feddbe2a407,S3,高,,,验证,需进一步验证,Git
backup_before_v05m_recovery_20260702_091828/docs/V05A_PATCH_MANIFEST.txt,876,dee31e7f3da714a0c169f9a9ca4954885615d20d203abf80880804b32ad4b577,S3,高,,,验证,需进一步验证,Git
backup_before_v05m_recovery_20260702_091828/docs/V05B_PATCH_MANIFEST.txt,709,83b6cb8794c99291aa4f537767242c4ff88684f00baec75bd71d944bb9b47ddb,S3,高,,,验证,需进一步验证,Git
backup_before_v05m_recovery_20260702_091828/docs/V05F_COLLECTION.md,1915,6cb24d9fdd58c45e1600a4b60b548268f9098a6f0b6accc563ee18e343430b07,S3,高,,,验证,需进一步验证,Git
backup_before_v05m_recovery_20260702_091828/docs/V05F_PATCH_INSTALL.md,978,6c65b469ff615bf6b5974a3c8decb0ed5d22f01678a3764f0015bbed5740e9dd,S3,高,,,验证,需进一步验证,Git
backup_before_v05m_recovery_20260702_091828/docs/V05F_PATCH_MANIFEST.txt,1696,9f46f63373dc34788df0d8c6a510593bff5a590bdd0b1bfaaf9b6186c54ea80d,S3,高,,,验证,需进一步验证,Git
backup_before_v05m_recovery_20260702_091828/docs/V05G_PATCH_INSTALL.md,892,7ce6ff91777c11f0435a0cdb22290b614a146b019c2b62054a176504fff7fc6f,S3,高,,,验证,需进一步验证,Git
backup_before_v05m_recovery_20260702_091828/docs/V05G_PATCH_MANIFEST.txt,1119,b6346958291b528ba06ebc7a5615dea88aa8b0c3b4ff271256fa0d0574338d4e,S3,高,,,验证,需进一步验证,Git
backup_before_v05m_recovery_20260702_091828/docs/V05G_PROCESSING.md,2200,24866cc7b9908757395c771689e92c053ccecca97cb0751ccca6aed628074a19,S3,高,,,验证,需进一步验证,Git
backup_before_v05m_recovery_20260702_091828/docs/V05H_PATCH_INSTALL.md,866,725e621d51b7066e46f1ef6a97470d502954e279b3e2000d604e262363d2494d,S3,高,,,验证,需进一步验证,Git
backup_before_v05m_recovery_20260702_091828/docs/V05H_PATCH_MANIFEST.txt,1066,7c345aef9ac2b28dc08e80e83f6fdad8a9fcfbde00a0c9306f7590e8501398c3,S3,高,,,验证,需进一步验证,Git
backup_before_v05m_recovery_20260702_091828/docs/V05H_REPORTS_SIGNALS_NAVIGATION.md,2517,5020d3d9cfbf4e438726e1e3cd700c321273ced7572aa340bb8c59f9e274e376,S3,高,,,验证,需进一步验证,Git
backup_before_v05m_recovery_20260702_091828/docs/V05I_PATCH_INSTALL.md,982,f7bde40b2fb18a67871c7ced4de83e9e1fa4e217a6e2254147fd3ba9f93a503e,S3,高,,,验证,需进一步验证,Git
backup_before_v05m_recovery_20260702_091828/docs/V05I_PATCH_MANIFEST.txt,924,c84960ab88200370c480e5b86f9427b35d61be60494915237a94cde605164838,S3,高,,,验证,需进一步验证,Git
backup_before_v05m_recovery_20260702_091828/docs/V05I_PIPELINE_QUALITY_CENTER.md,3187,00b8ead86cf927a98c65c599bbd967406789e327a7cf86122f17726cb157cb77,S3,高,,,验证,需进一步验证,Git
backup_before_v05m_recovery_20260702_091828/docs/V05I_REAL_SOURCE_ACCEPTANCE.md,1069,11d5cef90280adb2eb49b30bacbde70c730a7affddc54e66a5cccffbda3a1c5e,S3,高,,,验证,需进一步验证,Git
backup_before_v05m_recovery_20260702_091828/docs/V05J_PATCH_INSTALL.md,2031,85e3609de22f6b635479bc3adc0dcea9b3f184df41d2b77f7ea8eaa2f0a94f5f,S3,高,,,验证,需进一步验证,Git
backup_before_v05m_recovery_20260702_091828/docs/V05J_PATCH_MANIFEST.txt,1211,9722c34d01613f25ed33a37fea7aa0f3ed34ac95696cbcec3160076f950613d0,S3,高,,,验证,需进一步验证,Git
backup_before_v05m_recovery_20260702_091828/docs/V05J_RESEARCH_I18N_INVESTMENT.md,3677,1358a98de92b63f049fb223c30466d0675e45c4683742ee19a45f1188f3db209,S3,高,,,验证,需进一步验证,Git
backup_before_v05m_recovery_20260702_091828/docs/V05KL_PATCH_INSTALL.md,1249,9f7992e119c1df2de589e377f9cdc607959f23fef99ddbc9cb3c6b646020e2bb,S3,高,,,验证,需进一步验证,Git
backup_before_v05m_recovery_20260702_091828/docs/V05KL_PATCH_MANIFEST.txt,930,b39969c813c05de5967c6213bf09e359308eda46a3eba629723209c9bf6d11dc,S3,高,,,验证,需进一步验证,Git
backup_before_v05m_recovery_20260702_091828/docs/V05KL_PRODUCTION_OPERATIONS.md,2319,600801c83f66b06e0b0b8c5bc103a3b870cfd31aeb0308c5e5f193c4c969d73b,S3,高,,,验证,需进一步验证,Git
backup_before_v05m_recovery_20260702_091828/docs/v05M_人工验收与回滚说明.md,1938,f5faad04e617d66590f7bad4a5a3db64fcb50e0b41c3c6efc5b912962a4c9d49,S3,高,,,验证,需进一步验证,Git
backup_before_v05m_recovery_20260702_091828/scripts/apply_direct_route_fix.py,6927,8c2706a1a2fee897eebf4e2ca9299ccd83faf4cc513e1cb9fcff1b389a0f89c6,S3,高,,,验证,需进一步验证,Git
backup_before_v05m_recovery_20260702_091828/scripts/apply_v03b.py,3341,045d3068e401c6c5cdbcd36d142a84de123416f3228b8cb75c4ad234f1c22d20,S3,高,,,验证,需进一步验证,Git
backup_before_v05m_recovery_20260702_091828/scripts/apply_v03c.py,1883,f04db1cd26157fe8f4852511303e5e89f3dc37fd239b785f160368dc66360eab,S3,高,,,验证,需进一步验证,Git
backup_before_v05m_recovery_20260702_091828/scripts/apply_v04a.py,2324,bf2bcd1da07fa0025a7fea8833317c26ce7440b8ebbf089f9387ce79fe6cf47b,S3,高,,,验证,需进一步验证,Git
backup_before_v05m_recovery_20260702_091828/scripts/apply_v04b.py,4843,612588fe994e208ecbda53fc6e88ae2ba0b9f6c41d39a9341176a5950a10f4eb,S3,高,,,验证,需进一步验证,Git
backup_before_v05m_recovery_20260702_091828/scripts/audit_suspicious_entities.py,2874,47574779f9700e822fc07af6adf8de1c93959fa84036c7959b0110f67f6e7481,S3,高,,,验证,需进一步验证,Git
backup_before_v05m_recovery_20260702_091828/scripts/backup_database.py,441,7d4c4a96ad99a23218cf6b6423d222cb9d6f09bd9b6e9aa0a870f2cc68051d6f,S3,高,,,验证,需进一步验证,Git
backup_before_v05m_recovery_20260702_091828/scripts/check_seed_data.py,722,d4658dfbe28f8ecfa9ad0e74ad582245845de9834246bc2cc9cd16369cf0c748,S3,高,,,验证,需进一步验证,Git
backup_before_v05m_recovery_20260702_091828/scripts/check_user_visible_english.py,4166,53a5240bee5347a6dba1e1ad0961513579d6352cc33465789ae2869fd72dca7e,S3,高,,,验证,需进一步验证,Git
backup_before_v05m_recovery_20260702_091828/scripts/collect_v04d_context.py,8342,906b95e168dacfe40a4469bdda0e21c38fc4ffe7b0eadaed47f4a1b22c1be3ef,S3,高,,,验证,需进一步验证,Git
backup_before_v05m_recovery_20260702_091828/scripts/export_database.py,1109,42760ca5317c752dc84a0a0daefb8976faf4f3abc9855b36ea65d4da9dde37b0,S3,高,,,验证,需进一步验证,Git
backup_before_v05m_recovery_20260702_091828/scripts/generate_historical_signals.py,852,4a4247bdcbeacb9911a7af036f637ed1964d96f6fdacb22074a87352d3d3dafb,S3,高,,,验证,需进一步验证,Git
backup_before_v05m_recovery_20260702_091828/scripts/import_seed_data.py,6323,812c4b7a736c5e6f98d601d076613ed74cba8d15ae1db7df73d2e0e4f9770997,S3,高,,,验证,需进一步验证,Git
backup_before_v05m_recovery_20260702_091828/scripts/init_database.py,359,d2045ce6cbe032f4973be34a33a3d51a913856230e05e5ce6231fee44488f692,S3,高,,,验证,需进一步验证,Git
backup_before_v05m_recovery_20260702_091828/scripts/migrate_all.py,4586,927dfac6659f912e9ee8db47e590e2883c79c9d4c4d53ac0c57f6c21e6e18f79,S3,高,,,验证,需进一步验证,Git
backup_before_v05m_recovery_20260702_091828/scripts/migrate_sqlite_to_postgres.py,1713,b1d93a719ba0340e3af2d169dab61024da916ab02a0524b5f763ec3dca094a1d,S3,高,,,验证,需进一步验证,Git
backup_before_v05m_recovery_20260702_091828/scripts/migrate_v04c.py,1245,17484c68022e0bf0280a719775fffe0118f8ea73aa8dfaef359ea794024fc55b,S3,高,,,验证,需进一步验证,Git
backup_before_v05m_recovery_20260702_091828/scripts/migrate_v04c1.py,1080,451005888ea0bb76037904f731fac1f22b190d29ca429f97962321a3d7daffcf,S3,高,,,验证,需进一步验证,Git
backup_before_v05m_recovery_20260702_091828/scripts/migrate_v04d.py,1582,7410b1e7493a38219aa4ddb6d7f098912caedf8895d9e44abe0a73fe088fb655,S3,高,,,验证,需进一步验证,Git
backup_before_v05m_recovery_20260702_091828/scripts/migrate_v04db.py,1856,d9c575895e1169adc33b2aa625c6f0fbfe4736f173c827e6faf0682768ad5c0c,S3,高,,,验证,需进一步验证,Git
backup_before_v05m_recovery_20260702_091828/scripts/migrate_v04e.py,1449,86c70a86881b63bd9a34025a9f92b85442006098c415e52b33ae2458e73df512,S3,高,,,验证,需进一步验证,Git
backup_before_v05m_recovery_20260702_091828/scripts/migrate_v04f.py,7005,18c91add67823da57b6994b6bfec93f0f7ba8115c6338766bb4fea745d990e24,S3,高,,,验证,需进一步验证,Git
backup_before_v05m_recovery_20260702_091828/scripts/migrate_v04g.py,6236,3ab4725d3238270e4b9c2619f8934aa789e7949040661aafbc4cedc372cf5bef,S3,高,,,验证,需进一步验证,Git
backup_before_v05m_recovery_20260702_091828/scripts/migrate_v04h.py,3218,ee9032d5952fab81c3ff551a13a49959cc784a947422a2d4a82a40283f42b182,S3,高,,,验证,需进一步验证,Git
backup_before_v05m_recovery_20260702_091828/scripts/migrate_v05a.py,1168,6da22f8c9cd4ada1d0998e40f9e7a917acbbf34a1703569847464d278b800ffc,S3,高,,,验证,需进一步验证,Git
backup_before_v05m_recovery_20260702_091828/scripts/migrate_v05b.py,5642,d069a28da06f029a124a868fc62bf44a2110441ecfd7172de4aa012187243e74,S3,高,,,验证,需进一步验证,Git
backup_before_v05m_recovery_20260702_091828/scripts/migrate_v05c.py,6234,0b47020bbdc482cb3e274202b0883864c58fdb444e6db4f6b397ded47f03bacb,S3,高,,,验证,需进一步验证,Git
backup_before_v05m_recovery_20260702_091828/scripts/migrate_v05d.py,8933,197a2138dbc4a3635c072e604adba31887c5a45e9ab3cd216cbf5d989812f4c7,S3,高,,,验证,需进一步验证,Git
backup_before_v05m_recovery_20260702_091828/scripts/migrate_v05e.py,4323,852a4f980db4d986a6bc164204130ef4238f70fe64f72fe1f13994a87a4038cf,S3,高,,,验证,需进一步验证,Git
backup_before_v05m_recovery_20260702_091828/scripts/migrate_v05f.py,10187,555b25bc6d21375b88c62691b98473756cb0d23850a6726fc9784a50800880c9,S3,高,,,验证,需进一步验证,Git
backup_before_v05m_recovery_20260702_091828/scripts/migrate_v05g.py,8939,0fd602fbafd136672effdb1e1e263c8bad3ffaaf7435dda9c8347d0cc66ce2ac,S3,高,,,验证,需进一步验证,Git
backup_before_v05m_recovery_20260702_091828/scripts/migrate_v05h.py,8575,bed8aeefb3e498aa866dda7645b85b42ef7bd39b827f3d0459ae75aefaf1b155,S3,高,,,验证,需进一步验证,Git
backup_before_v05m_recovery_20260702_091828/scripts/migrate_v05i.py,5812,f0680c68f888d1d23fdf1d1a26d1789253d8041647932b8b4b9fcb0302cc54b4,S3,高,,,验证,需进一步验证,Git
backup_before_v05m_recovery_20260702_091828/scripts/migrate_v05j.py,5605,d60c68d4d7e69c4067df207e8b5915bb349dc6f7fed3c1b3e6b2c563dd23a090,S3,高,,,验证,需进一步验证,Git
backup_before_v05m_recovery_20260702_091828/scripts/migrate_v05kl.py,9273,c7bb9ac60fd0bd0c16a65edb7ad42db877d020140c95b92e092835459c4a699e,S3,高,,,验证,需进一步验证,Git
backup_before_v05m_recovery_20260702_091828/scripts/pilot_real_sources.py,4955,9a8eff704c666d52c2628fd072cf18b449bdfa2bf2fdefd6993ffd42cb050aea,S3,高,,,验证,需进一步验证,Git
backup_before_v05m_recovery_20260702_091828/scripts/queue_historical_processing.py,1916,a6591bae009d81a31bbf11b5805297806f2fefdc5da90be4a9a484bdd57ad690,S3,高,,,验证,需进一步验证,Git
backup_before_v05m_recovery_20260702_091828/scripts/refresh_v04h_recommendations.py,829,d418280295ddea172197eb8c5c62717001d5be1602cef815086f3ae6345aa65d,S3,高,,,验证,需进一步验证,Git
backup_before_v05m_recovery_20260702_091828/scripts/restore_backup.py,1496,5d6cf330bb19c7167b65378b1a2b18de4485371b4eefc2d8f157aa6c15dd969b,S3,高,,,验证,需进一步验证,Git
backup_before_v05m_recovery_20260702_091828/scripts/run_collection_worker.py,1723,fb9b8a1d6555c29c665d9da6f93d231f9c59e500728079e425e3b64c1f7d65a1,S3,高,,,验证,需进一步验证,Git
backup_before_v05m_recovery_20260702_091828/scripts/run_monitoring_once.py,1350,a716d0c31ed3268d95a64085f6226ec233944539a7fe9737f62226eda6e4fb1f,S3,高,,,验证,需进一步验证,Git
backup_before_v05m_recovery_20260702_091828/scripts/run_operational_pilot.py,1792,6087fda987e729f1678c48e9af580c545e34af92131229008b8c33d96da3aa44,S3,高,,,验证,需进一步验证,Git
backup_before_v05m_recovery_20260702_091828/scripts/run_pipeline_worker.py,2131,d91045d6bdb9e82ac9535b5ca700e9a53c6719c624bf46a2a25c73f59c943687,S3,高,,,验证,需进一步验证,Git
backup_before_v05m_recovery_20260702_091828/scripts/run_processing_worker.py,2252,bc8a6701c299c4daf1fea700c478a0d7df26db59cdea69efb711ae344a58a89c,S3,高,,,验证,需进一步验证,Git
backup_before_v05m_recovery_20260702_091828/scripts/run_report_worker.py,1236,9548b98bbad4ed08d80d4a8fe6405c9df7cc947fdfa350899ab12f1cbdbb2902,S3,高,,,验证,需进一步验证,Git
backup_before_v05m_recovery_20260702_091828/scripts/run_scheduler.py,2230,c96e3d829e796c291d877d1d779e8650a3301dc5ba2a625b95c0c5d0cca6c94d,S3,高,,,验证,需进一步验证,Git
backup_before_v05m_recovery_20260702_091828/scripts/run_signal_worker.py,785,ebdd12d15424e67a758ab0428c5dcef602d771daa0fc80dca02578596c268178,S3,高,,,验证,需进一步验证,Git
backup_before_v05m_recovery_20260702_091828/scripts/run_worker.py,2410,e7397aac33256f707fe65c40693260347b42bd54931f7e09d2fe270d4bc906b9,S3,高,,,验证,需进一步验证,Git
backup_before_v05m_recovery_20260702_091828/scripts/seed_v04c1_demo.py,3780,749aed26faecbea236db2576415d63e0a041321a159d9925a7aeb48b2e833805,S3,高,,,验证,需进一步验证,Git
backup_before_v05m_recovery_20260702_091828/scripts/seed_v04c_demo.py,2513,513b4bba0c1873afb7a388fcfc020d34284da24c9f5fe568971a53899bb0e41e,S3,高,,,验证,需进一步验证,Git
backup_before_v05m_recovery_20260702_091828/scripts/seed_v04db_demo.py,1356,8ebaa1661e9a43e7c68b434bce7661c9bcd006f7fc2484b56c4f13fa106f773c,S3,高,,,验证,需进一步验证,Git
backup_before_v05m_recovery_20260702_091828/scripts/seed_v04d_demo.py,4100,c52b61c1c17484cd4f00057b955d57e3a09dbaabdda29264c8e0a1d51e81da8e,S3,高,,,验证,需进一步验证,Git
backup_before_v05m_recovery_20260702_091828/scripts/seed_v04e_demo.py,2055,97585d81631e8eba3926fee88245719eafe165b9833d58333cfdc574eb6c6c0e,S3,高,,,验证,需进一步验证,Git
backup_before_v05m_recovery_20260702_091828/scripts/self_check.py,2368,e0015ba9c6b3624f8c147d27e3c11d1f9958b23aff71bedce267c933ac274c8d,S3,高,,,验证,需进一步验证,Git
backup_before_v05m_recovery_20260702_091828/scripts/self_check_v03c.py,450,b06561ab60308650378353da1a751b9c2bb8f4310109a6001674290933b06dd7,S3,高,,,验证,需进一步验证,Git
backup_before_v05m_recovery_20260702_091828/scripts/self_check_v04a.py,1066,9edd27fcaabe4dfb3b3b55647cfb43ef59d6b263e97c2a019c923ed48f81f04a,S3,高,,,验证,需进一步验证,Git
backup_before_v05m_recovery_20260702_091828/scripts/test_entity_analyzer.py,974,2aaf9fee49d98a588731ab3dc2be20d0cd536abfdf47d0a4dd8670f8eddb3307,S3,高,,,验证,需进一步验证,Git
backup_before_v05m_recovery_20260702_091828/scripts/test_paste_analyzer.py,1023,4e6d90b709089376fc1c35af23cbf6a2459af12efd914380b2179b4f13a73f8f,S3,高,,,验证,需进一步验证,Git
backup_before_v05m_recovery_20260702_091828/scripts/test_web_extractor.py,627,95863733c0cb1c7afdd4c595c1a29af898422bc670d038128085838662a14387,S3,高,,,验证,需进一步验证,Git
backup_before_v05m_recovery_20260702_091828/scripts/verify_all.py,8722,bac6f3aca1a45c63961c7ac8e829aa1f86ca99604858f5e3b595230bf952f72a,S3,高,,,验证,需进一步验证,Git
backup_before_v05m_recovery_20260702_091828/scripts/verify_backup_restore.py,1618,661d5c4c3322e8a104f4ad111567c8624b5d12f176c2014450010ce3fe51593b,S3,高,,,验证,需进一步验证,Git
backup_before_v05m_recovery_20260702_091828/scripts/verify_manual_ingestion.py,3184,38aac056ae65ac04f09e286c601f76b04760c2b9aae8734c43050ccde5e07295,S3,高,,,验证,需进一步验证,Git
backup_before_v05m_recovery_20260702_091828/scripts/verify_v04c.py,4234,9286f29f1c462c9af68a5a001c7b2c5cf57e08a995c066576ece1151f9623d85,S3,高,,,验证,需进一步验证,Git
backup_before_v05m_recovery_20260702_091828/scripts/verify_v04c1.py,10670,03883f776ca34036c0cd58148d5d6934a01ce05cad6f027026d1fc0c6191ae52,S3,高,,,验证,需进一步验证,Git
backup_before_v05m_recovery_20260702_091828/scripts/verify_v04d.py,9470,108f31d2907a054a4e37b8f3f32e5d682653c8a783a4da50d050b5d62ed830f1,S3,高,,,验证,需进一步验证,Git
backup_before_v05m_recovery_20260702_091828/scripts/verify_v04d3_batch_people.py,6260,ef09600d00a33ac3b8e1267787bbcc591f2dd5cb8c1b452b6dcdf4e6c8da3a1e,S3,高,,,验证,需进一步验证,Git
backup_before_v05m_recovery_20260702_091828/scripts/verify_v04d4_links_and_review.py,9177,0c3391b50e87abe1ad0842d3de28618aa88c1105a49b0003b213e027b1335645,S3,高,,,验证,需进一步验证,Git
backup_before_v05m_recovery_20260702_091828/scripts/verify_v04db.py,7222,3e73937a36a3c6e3473a31478ad2be621d83a2a9b392cf5a835c456e168d6a7e,S3,高,,,验证,需进一步验证,Git
backup_before_v05m_recovery_20260702_091828/scripts/verify_v04d_search.py,2456,8e7988e39fdf2ad3b4eb8675a371ee6adf0dc9da4cc556a1713a58a530bb58ff,S3,高,,,验证,需进一步验证,Git
backup_before_v05m_recovery_20260702_091828/scripts/verify_v04e.py,15729,8040d968aeeaf3f9d5e724e38876850860986749a1ae1798075a8bbfc127172f,S3,高,,,验证,需进一步验证,Git
backup_before_v05m_recovery_20260702_091828/scripts/verify_v04f.py,12588,b090e78627dd56084acc9281e5a44862efa1af456d50d033f95360970fe50a16,S3,高,,,验证,需进一步验证,Git
backup_before_v05m_recovery_20260702_091828/scripts/verify_v04g.py,10367,e33f37b46f29c34d7cf221c8399cfe4d07acb842f4ebd5194cba6150a1c6fffb,S3,高,,,验证,需进一步验证,Git
backup_before_v05m_recovery_20260702_091828/scripts/verify_v04h.py,10037,14db72592b1c0b98722c9fc85fd993a7661e0cca1a3a6e4e49063fbd3493530b,S3,高,,,验证,需进一步验证,Git
backup_before_v05m_recovery_20260702_091828/scripts/verify_v05a.py,7276,db7df7b67d5e15546e80300d3ff639b18c4c82e5cfbf341253e7da55ab92424c,S3,高,,,验证,需进一步验证,Git
backup_before_v05m_recovery_20260702_091828/scripts/verify_v05b.py,8692,c97434449462ca8af734d8047d935dc6abefb8add1c708267858b551fd064269,S3,高,,,验证,需进一步验证,Git
backup_before_v05m_recovery_20260702_091828/scripts/verify_v05c.py,9485,f17d11aa4fdd3e5bdd6c14e6ba65f5c463138ca43bee42965b58d28882f79b1d,S3,高,,,验证,需进一步验证,Git
backup_before_v05m_recovery_20260702_091828/scripts/verify_v05d.py,17838,e67f14b9c0933e594b0a3a722f36f209c333ac642e27d421943a984768d5b175,S3,高,,,验证,需进一步验证,Git
backup_before_v05m_recovery_20260702_091828/scripts/verify_v05e.py,10242,65d123be6532facc778613be7336651573eb63f05727c4997b43e993175b305e,S3,高,,,验证,需进一步验证,Git
backup_before_v05m_recovery_20260702_091828/scripts/verify_v05f.py,8759,5f4b4fdc73bbb42bf0096eedcdf2efbfc1cdd8b5b4bf714e74e00ca46f75fe2b,S3,高,,,验证,需进一步验证,Git
backup_before_v05m_recovery_20260702_091828/scripts/verify_v05g.py,11822,4099bd51c76186a93c060820b6430d4c4ff3c3f5494d5b3db96edb3d464a89cc,S3,高,,,验证,需进一步验证,Git
backup_before_v05m_recovery_20260702_091828/scripts/verify_v05h.py,7841,44495c427710b872729442023fdf906e746d34c38bca990a4d8bcd9f6bd2830a,S3,高,,,验证,需进一步验证,Git
backup_before_v05m_recovery_20260702_091828/scripts/verify_v05i.py,5305,66f13fba1a283b94f95139292a8bdaeeff747fb74557653af0e63a84e27d318c,S3,高,,,验证,需进一步验证,Git
backup_before_v05m_recovery_20260702_091828/scripts/verify_v05j.py,8832,6e33fc6512ad205baf6415c1109de1846e3dd0b7d5b8c46dc28dce44f615f1be,S3,高,,,验证,需进一步验证,Git
backup_before_v05m_recovery_20260702_091828/scripts/verify_v05kl.py,7298,54eacca47c3b38cd9878a6a3a95335ed3428ea97679050aaf5fe810d24f71e9a,S3,高,,,验证,需进一步验证,Git
backup_before_v05m_recovery_20260702_091828/scripts/verify_v05m.py,5394,4f2d72353ddf00f11f3e9509cbb917fcb813037e04276c8ec61c51b11232b732,S3,高,,,验证,需进一步验证,Git
backup_before_v05m_recovery_20260702_091828/tools/windows/demo/seed_v04c1_demo_windows.cmd,2327,3864e010668f9ba6cfc36843f8129b276183f94534e152465fe7e83dcc45bcd4,S3,高,,,验证,需进一步验证,Git
backup_before_v05m_recovery_20260702_091828/tools/windows/demo/seed_v04c_demo_windows.bat,117,06d04473fe8d122a628180abdd8b03d69126a8f0551c84069d8a5a7c41d713c6,S3,高,,,验证,需进一步验证,Git
backup_before_v05m_recovery_20260702_091828/tools/windows/demo/seed_v04db_demo_windows.cmd,1750,74f832ed81bfdd2b925a71156101cbd19c13e594ad88fe4e814f4153a7c2f27f,S3,高,,,验证,需进一步验证,Git
backup_before_v05m_recovery_20260702_091828/tools/windows/demo/seed_v04d_demo_windows.cmd,1741,cd38d51f6689880aa5a5823121acff4c33988dea5226499b1e9dacf1cb17bbc6,S3,高,,,验证,需进一步验证,Git
backup_before_v05m_recovery_20260702_091828/tools/windows/demo/seed_v04e_demo_windows.cmd,1743,5ca4d3fe43fdc67cc4ffda4d6708767589870fe9b1f63a1c1fabb337b2450316,S3,高,,,验证,需进一步验证,Git
backup_before_v05m_recovery_20260702_091828/tools/windows/diagnostics/self_check_windows.bat,241,1dcc00a5a4b4153927ab41b9cc2783487b5d6d9cee0a3f29a5386e1e1433b881,S3,高,,,验证,需进一步验证,Git
backup_before_v05m_recovery_20260702_091828/tools/windows/diagnostics/v04c_diagnose_windows.cmd,1858,714f740f2582a5928a8ab115d3f7ace38de0dcdeaeaae9a732553f2b5013106c,S3,高,,,验证,需进一步验证,Git
backup_before_v05m_recovery_20260702_091828/tools/windows/maintenance/export_windows.bat,124,f7580a8376ac834fe75f575971dfa8ce37a10b4b3125a3dbcc637f8516fd0602,S3,高,,,验证,需进一步验证,Git
backup_before_v05m_recovery_20260702_091828/tools/windows/maintenance/import_seed_windows.bat,488,92fdbf081eee5d9457c37ee1877c83905e646f4cddca292a66c2e75f82743786,S3,高,,,验证,需进一步验证,Git
backup_before_v05m_recovery_20260702_091828/tools/windows/maintenance/refresh_recommendations_windows.bat,347,17f3f258bb11cc9e3416350c81a497ee3d78421b04244907c042e31b825a146b,S3,高,,,验证,需进一步验证,Git
backup_before_v05m_recovery_20260702_091828/tools/windows/reports/README_FIRST.txt,760,07377491179513c21f8ef6150e74c6a3b9a8b577f1a7789a313610eb049c8eb1,S3,高,,,验证,需进一步验证,Git
backup_before_v05m_recovery_20260702_091828/tools/windows/reports/VALIDATION_REPORT.txt,1117,fb2afd24428760936c4f38c9a06bd74edda8490c6f69772fce411f9ec1e7906e,S3,高,,,验证,需进一步验证,Git
backup_before_v05m_recovery_20260702_091828/tools/windows/archive/v04b/apply_v04b_windows.bat,244,47c7723ba54b188a6a4267d0f25e1c4fa10f8cfca6436549b8bb198daf5dd41a,S3,高,,,验证,需进一步验证,Git
backup_before_v05m_recovery_20260702_091828/tools/windows/archive/v04c/migrate_v04c1_windows.cmd,2320,dc7957c8a5f0d4f350b267a59b764c029461372b1fdad37e911d172b745bc726,S3,高,,,验证,需进一步验证,Git
backup_before_v05m_recovery_20260702_091828/tools/windows/archive/v04c/migrate_v04c_windows.cmd,2301,6db41fdbf46e4d9571b5defbfd7d0960df6f719853ad5c49a028b1784d08418f,S3,高,,,验证,需进一步验证,Git
backup_before_v05m_recovery_20260702_091828/tools/windows/archive/v04c/verify_v04c1_windows.cmd,2314,6cc1a66ac7a8d72e6d4ea9004b1fb43666b14aedf739688c94622ba37021b5ed,S3,高,,,验证,需进一步验证,Git
backup_before_v05m_recovery_20260702_091828/tools/windows/archive/v04c/verify_v04c_windows.cmd,2293,f5bcbbfa5ae0f8cceb38f74421f11a4ca7850e5c85968c9ca7a0ea8162516d7e,S3,高,,,验证,需进一步验证,Git
backup_before_v05m_recovery_20260702_091828/tools/windows/archive/v04d/collect_v04d_context_windows.cmd,1844,59ac31c133ed72feb2fbab696d6aa0e3e71b8799e8c77610eb46e49f6fddcb84,S3,高,,,验证,需进一步验证,Git
backup_before_v05m_recovery_20260702_091828/tools/windows/archive/v04d/migrate_v04db_windows.cmd,1748,85fb333028de5b87f1cda70e68e372e8663196415c17b690770ddfb6f9bf982c,S3,高,,,验证,需进一步验证,Git
backup_before_v05m_recovery_20260702_091828/tools/windows/archive/v04d/migrate_v04d_windows.cmd,1739,3710a0147b3790c0362116bb3abb3c5f4a14ce8f5b7fa9cb16f0f12880bd3906,S3,高,,,验证,需进一步验证,Git
backup_before_v05m_recovery_20260702_091828/tools/windows/archive/v04d/verify_v04d2_windows.bat,3108,d2b8c04b1ba6ebb9965c9587f80b6b6686c5bb4c54bca151be2ea6f922a91f2d,S3,高,,,验证,需进一步验证,Git
backup_before_v05m_recovery_20260702_091828/tools/windows/archive/v04d/verify_v04d3_windows.bat,1447,2ec2a7b0345f260cd4635dbd64bda8aea459091146ec9d0abd2faac5075e3628,S3,高,,,验证,需进一步验证,Git
backup_before_v05m_recovery_20260702_091828/tools/windows/archive/v04d/verify_v04d4_windows.bat,1688,20cb5eb89668d500796b0b6002595069f8094ef8fdd3ad24f6cd72a0df2a5461,S3,高,,,验证,需进一步验证,Git
backup_before_v05m_recovery_20260702_091828/tools/windows/archive/v04d/verify_v04db_windows.cmd,1735,f58af9351182abfa2d1331f653d1d0f029f0c2f8cc9b878aced05407d2e7116f,S3,高,,,验证,需进一步验证,Git
backup_before_v05m_recovery_20260702_091828/tools/windows/archive/v04d/verify_v04d_windows.cmd,1726,39f166074d6c34412d60f650bbc8cb1b4d36f5424c858159f46f941a353af0c0,S3,高,,,验证,需进一步验证,Git
backup_before_v05m_recovery_20260702_091828/tools/windows/archive/v04e/migrate_v04e_windows.cmd,1741,4d37125766b3559aedad0801145b79ff2a4e967d65acec028313618674676111,S3,高,,,验证,需进一步验证,Git
backup_before_v05m_recovery_20260702_091828/tools/windows/archive/v04e/verify_v04e_windows.cmd,1726,06940d0c71747b1accc99730de60fa0a6a481df61387d6cb878c054bd917a465,S3,高,,,验证,需进一步验证,Git
backup_before_v05m_recovery_20260702_091828/tools/windows/archive/v04f/migrate_v04f_windows.bat,729,63f8646572e14a1d2bb759e7c0cde46edf2ce1583c62ae3367638aa40553f844,S3,高,,,验证,需进一步验证,Git
backup_before_v05m_recovery_20260702_091828/tools/windows/archive/v04f/verify_v04f_windows.bat,736,7ddd375146766799db6b3980260717419c9c50712dca23b1a40cb9c772a64bcb,S3,高,,,验证,需进一步验证,Git
backup_before_v05m_recovery_20260702_091828/tools/windows/archive/v04g/migrate_v04g_windows.bat,561,b540718c37e43f528121f14831d7c8d68eb64182a5dbc3b549fc23245baa294e,S3,高,,,验证,需进一步验证,Git
backup_before_v05m_recovery_20260702_091828/tools/windows/archive/v04g/verify_v04g_windows.bat,568,12a3bcbadef54632d7e2a7792f6943dedd112f07755d7659b8eccd4f229eb670,S3,高,,,验证,需进一步验证,Git
backup_before_v05m_recovery_20260702_091828/tools/windows/archive/v04h/migrate_v04h_windows.bat,336,cc72b73b2571e9f8730b3da9deccf4e2f84d8d6b01771a5df81a563311d08962,S3,高,,,验证,需进一步验证,Git
backup_before_v05m_recovery_20260702_091828/tools/windows/archive/v04h/verify_v04h_windows.bat,438,72be4a973593418be00ad93e7f9d1925cc2bbc425573db8192932ac74771f094,S3,高,,,验证,需进一步验证,Git
backup_before_v05m_recovery_20260702_091828/tools/windows/archive/v05a/migrate_v05a_windows.bat,336,8fa0b64bd0cccf1159c8dc1c7c7478f87215dbaec10d4c5c90605dcda8bdbea4,S3,高,,,验证,需进一步验证,Git
backup_before_v05m_recovery_20260702_091828/tools/windows/archive/v05a/verify_v05a_windows.bat,464,180095544ebf09e446cfefd6d2d55226d692417abb56a60635785926d275a654,S3,高,,,验证,需进一步验证,Git
backup_before_v05m_recovery_20260702_091828/tools/patches/archive/base_html_导航追加.txt,297,3dfb462842024b19c75d5718fd82df52a2a49e2b0453f3f778497446abaac20c,S3,高,,,验证,需进一步验证,Git
backup_before_v05m_recovery_20260702_091828/tools/patches/archive/intelligence_detail_可选追加.txt,548,1953271ef8dccb266fb3a9e38d2b30fd2bef70b28d2b9f0061b4b0e2efaf0aab,S3,高,,,验证,需进一步验证,Git
backup_before_v05m_recovery_20260702_091828/tools/patches/archive/main_py_必须追加.txt,826,5375b339f48555defbdeec07f94aa6ae1d2301ebdf9fc270220d43d1b301c2e3,S3,高,,,验证,需进一步验证,Git
backup_before_v05m_recovery_20260702_091828/tools/patches/archive/v04c1页面入口_可选追加.txt,290,1d555522abb1579485577f2ae024fc54e13ae73856f0ff9e682965ab61856e1e,S3,高,,,验证,需进一步验证,Git
backup_before_v05m_recovery_20260702_091828/tools/patches/archive/v04db_别名匹配集成_可选.txt,1322,d1ee4dd2d4b7ae983d12c71c3503f641fb89bf6314d15b01e617032df883ee4d,S3,高,,,验证,需进一步验证,Git
backup_before_v05m_recovery_20260702_091828/tools/patches/archive/v04d_别名搜索集成_可选.txt,1267,27f9ff344883de9ccc27350cfe4d23c7d8053f6fa70fbb85dcd4354779b076d2,S3,高,,,验证,需进一步验证,Git
backup_before_v05m_recovery_20260702_091828/tools/patches/archive/v04d页面增加入口_可选.txt,233,c083ff720f1bb00cdfbe583997ec4eb148d82dcce3b2b6224991cb002d0720d7,S3,高,,,验证,需进一步验证,Git
backup_before_v05m_recovery_20260702_091828/docs/archive/01_手动替换步骤.md,1822,b812dc0d33d5a6922fa39bb9d2e8dd4c723fbb59de6e132a8b38d25fe9603e68,S3,高,,,验证,需进一步验证,Git
backup_before_v05m_recovery_20260702_091828/docs/archive/02_JSON数据格式.md,2561,e57a0e2c250a3f9c793cf6e684f011c0b41d68edb3151440aa3998b9b93d49b7,S3,高,,,验证,需进一步验证,Git
backup_before_v05m_recovery_20260702_091828/docs/archive/02_功能验收清单.md,1689,559bcbca42926f3b9ad3810095831a5639868d4ddd6416ec6ee8a44b0c856376,S3,高,,,验证,需进一步验证,Git
backup_before_v05m_recovery_20260702_091828/docs/archive/03_故障排查.md,1685,d415e3fa205eda63437db991651fe8147bfec55e2cce25dfafc290a7ba7bc661,S3,高,,,验证,需进一步验证,Git
backup_before_v05m_recovery_20260702_091828/docs/archive/03_正式同步与业务表映射.md,1519,518ebbda66f0ef51358ed725f73606c6e48148edc084b562e5cb6c2a4fae1d53,S3,高,,,验证,需进一步验证,Git
backup_before_v05m_recovery_20260702_091828/docs/archive/04_验收清单.md,1158,96a4f38a78ab3d6fc7cee8876e0c8f4da371c0819b429a2c6c1a27ea41b81622,S3,高,,,验证,需进一步验证,Git
backup_before_v05m_recovery_20260702_091828/docs/archive/05_故障排查.md,1565,e22719301d2a2bd70c0fc2400fca1d89c050a88285795142c1c069e8bbb612b5,S3,高,,,验证,需进一步验证,Git
backup_before_v05m_recovery_20260702_091828/app/api/__init__.py,1,01ba4719c80b6fe911b091a7c05124b64eeece964e09c058ef8f9805daca546b,S3,高,,,验证,需进一步验证,Git
backup_before_v05m_recovery_20260702_091828/app/core/config.py,4435,f20022f247261ed21c43f268cb7d24e3673411092bf605d12388cfd0bafefb8e,S3,高,,,验证,需进一步验证,Git
backup_before_v05m_recovery_20260702_091828/app/core/database_compat.py,1703,c37dbac107be37ec9e2d4ad8bfbed82a5653b3894f101d638f6ae5eff9c53f1e,S3,高,,,验证,需进一步验证,Git
backup_before_v05m_recovery_20260702_091828/app/core/__init__.py,83,2061d762fb4ff0fa36734d80935ad95cc12251e0ac1f7043ffa460553e860d6d,S3,高,,,验证,需进一步验证,Git
backup_before_v05m_recovery_20260702_091828/app/i18n/helpers.py,4400,6dbfb24ba347d39b3828afa4efe59be4c2db6c84130fc84fdf4bd5ee6671e025,S3,高,,,验证,需进一步验证,Git
backup_before_v05m_recovery_20260702_091828/app/i18n/zh_cn.py,6214,0bf1cdfbf0802af4a35c718e968faea36ea2a93e940ede50f6b90b4bd49c698d,S3,高,,,验证,需进一步验证,Git
backup_before_v05m_recovery_20260702_091828/app/i18n/__init__.py,390,dde6fa21ccbc21bb8e2df4893a3f48c83e4ab8fee5a183fb1ca4256d63040c02,S3,高,,,验证,需进一步验证,Git
backup_before_v05m_recovery_20260702_091828/app/services/api_common.py,2940,73400a30f54dfeabb343c37aef3853a792c52b5baec9bb28c4086dcbf2d83f80,S3,高,,,验证,需进一步验证,Git
backup_before_v05m_recovery_20260702_091828/app/services/api_subject_service.py,10647,e2228d5e3015cf9b115570c77b37bfea53af9e812b91638198b8b24b9c0d4a2c,S3,高,,,验证,需进一步验证,Git
backup_before_v05m_recovery_20260702_091828/app/services/club_matching_service.py,2167,9d0bc84e3465a8845050aaf43c80c95b41665fda3c8348e5d6985bb807f9f3fe,S3,高,,,验证,需进一步验证,Git
backup_before_v05m_recovery_20260702_091828/app/services/collection_service.py,42593,da9343f3b4c1c888fe2c1d4435d8bfad6ede978c7cf47cc1421b2f467abdabff,S3,高,,,验证,需进一步验证,Git
backup_before_v05m_recovery_20260702_091828/app/services/dashboard_service.py,4917,a71d0f275b2dddf5866b92c9034a54b0c7399c37b5fea94ace9ddcf0cd4fc653,S3,高,,,验证,需进一步验证,Git
backup_before_v05m_recovery_20260702_091828/app/services/data_quality.py,3800,73faaf5b37986d1d169506aa3d77cacf02f8a576eb9a5297ccbbbcc851ceb62b,S3,高,,,验证,需进一步验证,Git
backup_before_v05m_recovery_20260702_091828/app/services/id_generator.py,1311,949187b0ab854288ed04d5257710c87003124e0ed01c5937a69dede96779f2fe,S3,高,,,验证,需进一步验证,Git
backup_before_v05m_recovery_20260702_091828/app/services/lead_recommendation_service.py,1928,0d7a3b89d61369d8550ae0fc110026ebc3a3b386f9ec640e756578db648fa4dd,S3,高,,,验证,需进一步验证,Git
backup_before_v05m_recovery_20260702_091828/app/services/lead_scoring_service.py,3518,57fb771cac0b0061e82914ce199b7381dac0401afe108513c77e97834e6081ac,S3,高,,,验证,需进一步验证,Git
backup_before_v05m_recovery_20260702_091828/app/services/manual_ingestion.py,12654,ae9375777b3a31d4023a9b3a94793e649a0e6d1b40bacd1744ef25c97f771ce1,S3,高,,,验证,需进一步验证,Git
backup_before_v05m_recovery_20260702_091828/app/services/member_field_classifier.py,3736,175094669cab7ab08fa8f9f4c8e24a77cb07cfcda0eb1a55c0845d5c9f4d1695,S3,高,,,验证,需进一步验证,Git
backup_before_v05m_recovery_20260702_091828/app/services/member_import_normalizer.py,6996,d80c8572de42cef551d325e634a1aa47de1a8f0a20537b1c9e9198db5fd5c7fa,S3,高,,,验证,需进一步验证,Git
backup_before_v05m_recovery_20260702_091828/app/services/member_import_parser.py,12523,1877f5d4a47b99f3770e6a280c0ce88db58b76d124cd4170d87d7df3a4c7c999,S3,高,,,验证,需进一步验证,Git
backup_before_v05m_recovery_20260702_091828/app/services/member_import_service.py,24781,3c85a962a5f4478e18fd3fd0201201fc2c4a812a962596b2576f98d8d244f5c3,S3,高,,,验证,需进一步验证,Git
backup_before_v05m_recovery_20260702_091828/app/services/member_import_validator.py,2159,f146e2d35a3365d8f30d2e31205e451d8ab35564e2986f02a31ca9fa6a6dceff,S3,高,,,验证,需进一步验证,Git
backup_before_v05m_recovery_20260702_091828/app/services/monitoring_service.py,25527,31c81d0c145e49f541081712a3abc1dd91d7f4fe4a7a0c9180903f6b45fd0db8,S3,高,,,验证,需进一步验证,Git
backup_before_v05m_recovery_20260702_091828/app/services/recommendation_service.py,37249,114ca69e8546eee190df03cab19e3f5fa06c02db501512582cf3179ace5d0821,S3,高,,,验证,需进一步验证,Git
backup_before_v05m_recovery_20260702_091828/app/services/relationship_path_service.py,9200,92754e8b1cc4dd20fb2b28f93d1e04fd428c052f7256bd1c9845de4cec677144,S3,高,,,验证,需进一步验证,Git
backup_before_v05m_recovery_20260702_091828/app/services/search_service.py,6320,944feaa4521e71d0ab9e4cc947964adfb47cf40c6b450f261b78a0e3238b5331,S3,高,,,验证,需进一步验证,Git
backup_before_v05m_recovery_20260702_091828/app/services/signal_service.py,9249,f0a9f8be5f8276061091a574d1ea9139079b70a3f2c400f12ad4a587b02148fd,S3,高,,,验证,需进一步验证,Git
backup_before_v05m_recovery_20260702_091828/app/services/subject_links.py,6798,0ebd5720516c18d843f9ee61076c72fe01de871a55cf7bab0f98ab4c61fa2e2a,S3,高,,,验证,需进一步验证,Git
backup_before_v05m_recovery_20260702_091828/app/services/subject_profile_service.py,24068,7c907e7545810247ebbe0e1735bf1896d4540bf19e8d9056e98b8895a640790e,S3,高,,,验证,需进一步验证,Git
backup_before_v05m_recovery_20260702_091828/app/services/suspicious_review.py,6252,b14b6b7a589fe3fa7c328ea1f76b42b584b4321b8bd0867fbbfac11a4b093143,S3,高,,,验证,需进一步验证,Git
backup_before_v05m_recovery_20260702_091828/app/services/watchlist_service.py,6113,d6a330b4ea32a1f50d2edcb24a2675a5ad9dfc096cb245c9068aa1a20dddc58c,S3,高,,,验证,需进一步验证,Git
backup_before_v05m_recovery_20260702_091828/app/services/__init__.py,1,01ba4719c80b6fe911b091a7c05124b64eeece964e09c058ef8f9805daca546b,S3,高,,,验证,需进一步验证,Git
backup_before_v05m_recovery_20260702_091828/app/static/entity_smart_paste.js,35936,fcc5647da2968a4b415896a42be5e2a7dc003c36da55dc95f61b589dded7eac1,S3,高,,,验证,需进一步验证,Git
backup_before_v05m_recovery_20260702_091828/app/static/style.css,25314,04994861868be4a7496b263491649e5096eb8b74724b4c35516952c81469bb68,S3,高,,,验证,需进一步验证,Git
backup_before_v05m_recovery_20260702_091828/app/static/v03a_additions.css,411,e7ef93bf3bb8bd77afda1301b74ce8f3f5fa0224763267827cfe7fb4e4be960f,S3,高,,,验证,需进一步验证,Git
backup_before_v05m_recovery_20260702_091828/app/static/v03b_additions.css,1596,0358c4c6c273f2be45fc6b3a87c07b26e712883c548fe38e3bc1660b128e76af,S3,高,,,验证,需进一步验证,Git
backup_before_v05m_recovery_20260702_091828/app/static/v03c_additions.css,1024,41231207449cf124b21ae5fdd62240918f1481fdc5676365b6321d5dfacab247,S3,高,,,验证,需进一步验证,Git
backup_before_v05m_recovery_20260702_091828/app/static/v04a_additions.css,10912,bc9496fcc3714e8ba63560882ea9905d9acc8793d4545024fb5ffba44e4e32b4,S3,高,,,验证,需进一步验证,Git
backup_before_v05m_recovery_20260702_091828/app/templates/actions.html,1778,c5118bc98c6ba9de17b9eb39dbcc60aa78e24c7f91c45f99d0cce5e0442d67b9,S3,高,,,验证,需进一步验证,Git
backup_before_v05m_recovery_20260702_091828/app/templates/base.html,4005,0ddc12b69669ea3df0a6ad9d87d4e5934e41b8dc079883eb86b1a1c5f64a4891,S3,高,,,验证,需进一步验证,Git
backup_before_v05m_recovery_20260702_091828/app/templates/dashboard.html,4342,225997cac44947c3f652489da668d0c7ca38ac8062d4df685406bac6b13c08a6,S3,高,,,验证,需进一步验证,Git
backup_before_v05m_recovery_20260702_091828/app/templates/events.html,1079,731c7e82e28462e97c1fe3445aa43b4ab49cc4420dc8de8bf09b6c9f50f9e5b3,S3,高,,,验证,需进一步验证,Git
backup_before_v05m_recovery_20260702_091828/app/templates/event_detail.html,782,b9659fc85f52bf7212bfc1e41da4f455d44bd55903eb407c7e8abba96762bfc0,S3,高,,,验证,需进一步验证,Git
backup_before_v05m_recovery_20260702_091828/app/templates/generic_form.html,12720,0ff631c7b0aa51a516f1c66cc8a133ef2496b64aa9f1911748e44e6d90973563,S3,高,,,验证,需进一步验证,Git
backup_before_v05m_recovery_20260702_091828/app/templates/imports.html,700,d4507db74f45d35c3cadbccddbf27bfc410f1d1bb75199f7c21a9ed1cbd32081,S3,高,,,验证,需进一步验证,Git
backup_before_v05m_recovery_20260702_091828/app/templates/intelligence_detail.html,1333,8cbb4b101b76ea924503e59f7dfb1b32b15bf51af574117fbceaca879de3786f,S3,高,,,验证,需进一步验证,Git
backup_before_v05m_recovery_20260702_091828/app/templates/intelligence_list.html,1009,826d881463e8544c09f0c5a67f8fc36e91f36ca43b80f6196d152be84049f40e,S3,高,,,验证,需进一步验证,Git
backup_before_v05m_recovery_20260702_091828/app/templates/new_intelligence.html,1345,3127109c1efc064d2133538f95c6f1424f75045cf40054e494653d962aa49487,S3,高,,,验证,需进一步验证,Git
backup_before_v05m_recovery_20260702_091828/app/templates/organizations.html,1539,e9ab85136d40e24faff2de6f0adbd6ce34b920b5fa882525c73d114cc923750d,S3,高,,,验证,需进一步验证,Git
backup_before_v05m_recovery_20260702_091828/app/templates/organization_detail.html,3940,9fe6f6faa6d86d8156669984a360e23c081692bcc54fd610464dd5557809380a,S3,高,,,验证,需进一步验证,Git
backup_before_v05m_recovery_20260702_091828/app/templates/paste_analyze.html,2955,ac43df4a55e0996b7f61c43c5b2f69bb725b28ac3d52eb439e4db44b2e1e9046,S3,高,,,验证,需进一步验证,Git
backup_before_v05m_recovery_20260702_091828/app/templates/paste_preview.html,4514,3b0cfb57a127fa6f2e89963762ba45beb5b82764d36266d3f1297a6344371505,S3,高,,,验证,需进一步验证,Git
backup_before_v05m_recovery_20260702_091828/app/templates/people.html,1537,9b7690249aa2e595a4fc82716bfea58edfc7d7ec9a5b962d70ca5b79eafee7ad,S3,高,,,验证,需进一步验证,Git
backup_before_v05m_recovery_20260702_091828/app/templates/person_detail.html,3205,f55ff251a03f0846325aa06c0069ba5d1ccd7b5addbf2dea55f07a7092032321,S3,高,,,验证,需进一步验证,Git
backup_before_v05m_recovery_20260702_091828/app/templates/projects.html,1079,31b4d9544fc9989932456bf8caa6ecc64377e5d65c607d135d18777812e847e5,S3,高,,,验证,需进一步验证,Git
backup_before_v05m_recovery_20260702_091828/app/templates/project_detail.html,1148,1fc45086979da11b6e89723c4f8376f8b1e93ad3e8acd75d28a349cbd87ee910,S3,高,,,验证,需进一步验证,Git
backup_before_v05m_recovery_20260702_091828/app/templates/relations.html,1041,cb38a84251485172843f3d0607ab7a7a13e42ad8564e6e47b0e5f4fbaea09498,S3,高,,,验证,需进一步验证,Git
backup_before_v05m_recovery_20260702_091828/app/templates/resources.html,1096,b39bed335bb245b6ee20b365f30df4577b6ce71c5b3dcc8fc338d5da11e80988,S3,高,,,验证,需进一步验证,Git
backup_before_v05m_recovery_20260702_091828/app/templates/resource_detail.html,752,9d2f9004bf612d1a41953b1df245ee3e6a9f4cc1fbc40e2c7442fc965c79e786,S3,高,,,验证,需进一步验证,Git
backup_before_v05m_recovery_20260702_091828/app/templates/search_results.html,1762,36dddba1b58739c41ddb12758b2bf413dfc47d6d6723c21f60cb281222bc9681,S3,高,,,验证,需进一步验证,Git
backup_before_v05m_recovery_20260702_091828/app/templates/subject_center.html,3881,41cb11d101cab33ccd1c3f7a4b599a09bcb9f4d37c26fd804dadaa75114edfd6,S3,高,,,验证,需进一步验证,Git
backup_before_v05m_recovery_20260702_091828/app/templates/subject_profile.html,9194,09daf8ce2dccf89e32f75bad02da598abb6c2cdaa39211bc865fa0193bddbbdc,S3,高,,,验证,需进一步验证,Git
backup_before_v05m_recovery_20260702_091828/app/templates/suspicious_entities.html,4297,ac0c9f613382834b63a7efa5319ecfb956b0443e5df682e78e3cb6a6a4133c01,S3,高,,,验证,需进一步验证,Git
backup_before_v05m_recovery_20260702_091828/app/templates/v04c1_ingestion.html,2027,56da4dcd7c742fe893b8a0464779bcf5aff13dd3c809ad0f84e66a5fc375483e,S3,高,,,验证,需进一步验证,Git
backup_before_v05m_recovery_20260702_091828/app/templates/v04c_review_queue.html,4184,3c0f74393694d93fc2d19e4129013cabc7c5c33369bca54a4ebfdc641dd96ea8,S3,高,,,验证,需进一步验证,Git
backup_before_v05m_recovery_20260702_091828/app/templates/v04db_prestructure.html,17570,3ecd49c4c6d72a36295be69dcfb7bac56541da19381d12116ecaff7691be187a,S3,高,,,验证,需进一步验证,Git
backup_before_v05m_recovery_20260702_091828/app/templates/v04d_structuring.html,35767,f58e4f57f77621aef8ff75ae6ef2f56d33b511fbd222fc3dadfd4e0e27f2114f,S3,高,,,验证,需进一步验证,Git
backup_before_v05m_recovery_20260702_091828/app/templates/v04e_entity_resolution.html,17575,c0fb145b0b7c978c62fbca783e69dede010a2bdf374dcbaa6578a439a6b7039e,S3,高,,,验证,需进一步验证,Git
backup_before_v05m_recovery_20260702_091828/app/templates/v04f_club.html,14949,2c4dc55126786b6b71a8695ae701b00beb5f98c7c3a867c1c59100b333197757,S3,高,,,验证,需进一步验证,Git
backup_before_v05m_recovery_20260702_091828/app/templates/v04f_club_apply.html,2017,3ecc5369f4d76ece163ebad967fa7ffaececbc0fcd4a24ad7790aff404ed34f2,S3,高,,,验证,需进一步验证,Git
backup_before_v05m_recovery_20260702_091828/app/templates/v04f_leads.html,2342,06c0adf80b1cc9cf91d8695e76f7953f8f4125762805e316a7377cabf4e769ca,S3,高,,,验证,需进一步验证,Git
backup_before_v05m_recovery_20260702_091828/app/templates/v04g_monitoring.html,9835,3f6d374b10f5aa51fe5fae0bf816cf64714b67bb1f140bc6530c0c4738a66d3b,S3,高,,,验证,需进一步验证,Git
backup_before_v05m_recovery_20260702_091828/app/templates/v04h_recommendations.html,3140,d1b8564310b39c30c483468132d0dad60c2a070b5371c44d3a640a6e788a731b,S3,高,,,验证,需进一步验证,Git
backup_before_v05m_recovery_20260702_091828/app/templates/v05a_security.html,10278,042a58218286a8b734ec240e2ba74d1c421977c6521b1ebf0b8802795360b48a,S3,高,,,验证,需进一步验证,Git
backup_before_v05m_recovery_20260702_091828/app/templates/v05b_member_import.html,5477,33108c975c538ae359a21ca25a81698529ab4f1b0da41111fe6078ce4c4011f6,S3,高,,,验证,需进一步验证,Git
backup_before_v05m_recovery_20260702_091828/app/templates/v05c_club_events.html,7745,c47d148cbf13701cfeb412ddb761d51d4ca4e4b5e74f183bdeab62b9ca3315a3,S3,高,,,验证,需进一步验证,Git
backup_before_v05m_recovery_20260702_091828/app/templates/v05d_member_admin.html,6482,a21eeb26761777a7e1b616e081504cc8cd277dedf459d6e52c2913f3812b503c,S3,高,,,验证,需进一步验证,Git
backup_before_v05m_recovery_20260702_091828/app/templates/v05d_member_portal.html,16255,11ce54b3a6241c5013557f09ff937e152bd52cf2b5a794d5fd8e919a49e3cf06,S3,高,,,验证,需进一步验证,Git
backup_before_v05m_recovery_20260702_091828/app/templates/v05e_dashboard.html,4882,d05eb0c31080234af94eb98ba46307dae049fe7e38bc94b42414cb9c1297eda7,S3,高,,,验证,需进一步验证,Git
backup_before_v05m_recovery_20260702_091828/app/templates/v05e_signals.html,7106,854cb1ca671ddf29b1375b78db8c5ac2d43fae088c2b70ccc3a63d92a09105a2,S3,高,,,验证,需进一步验证,Git
backup_before_v05m_recovery_20260702_091828/app/templates/v05e_watchlists.html,3196,ef6da7214c3f84c8cb8c8b21627603746d0a94a36f5f0413267303970a3e63e1,S3,高,,,验证,需进一步验证,Git
backup_before_v05m_recovery_20260702_091828/app/templates/v05f_collection.html,9508,f62369e91f9fb423dbbff31d81b0d2802c2c6c3d04153c00faeccb3f351f2c47,S3,高,,,验证,需进一步验证,Git
backup_before_v05m_recovery_20260702_091828/app/templates/v05g_processing.html,11196,1e6eaf7b23fe75c8c21c4e3424edab45ca2801a424f754e3a94401af9a37b5ab,S3,高,,,验证,需进一步验证,Git
backup_before_v05m_recovery_20260702_091828/app/templates/v05h_reports.html,5553,566c47b573456e9b03f8ea415e9e40105ec372c30ef58b64231b13ed227b8edb,S3,高,,,验证,需进一步验证,Git
backup_before_v05m_recovery_20260702_091828/app/templates/v05i_pipeline.html,8930,7773f56caad548e27617391d684b9d3675410449db4fb836884b6376a53310f6,S3,高,,,验证,需进一步验证,Git
backup_before_v05m_recovery_20260702_091828/app/templates/v05j_research.html,9238,c2dbad128783be3e0a824a918105b7c6741001626b4fe3d20ed69d16af20510d,S3,高,,,验证,需进一步验证,Git
backup_before_v05m_recovery_20260702_091828/app/templates/v05kl_operations.html,4861,c1978cde2b51063c172239d94c6a646cb6e02341aa71d2aea2e214f7cae27d70,S3,高,,,验证,需进一步验证,Git
backup_before_v05m_recovery_20260702_091828/app/templates/_page_head.html,114,f29769b4400d4417b0d7d0c948a2ad9e086a9411b20508d4e1e2ee40d8586ea6,S3,高,,,验证,需进一步验证,Git
backup_before_v05m_recovery_20260702_091828/app/templates/_record_meta.html,1131,204dae8e16e24a41e154e5400867fea0eb12d258c8fd5cc39b2f883028f7fcba,S3,高,,,验证,需进一步验证,Git
backup_before_v05m_recovery_20260702_091828/app/templates/_review_status.html,520,20aa93d58722e89612f2978f5f152c15ce291aea1cbff6aef95011b55955e3e7,S3,高,,,验证,需进一步验证,Git
backup_before_v05m_recovery_20260702_091828/app/services/operations/backup_service.py,3225,937ed53ebf13266f1ff69789251f8ff86a19784b688911a2bc77c846f3eebc99,S3,高,,,验证,需进一步验证,Git
backup_before_v05m_recovery_20260702_091828/app/services/operations/restore_service.py,3444,dd428ef34d23f083f1a5b7ad57d46f561f3d617e15a109375e5a9818e986e83c,S3,高,,,验证,需进一步验证,Git
backup_before_v05m_recovery_20260702_091828/app/services/operations/source_quality_service.py,6862,8fcad98ac1a67ae59731f7ea56c04228a39ce94cd152d4865364d577c4b6b5d1,S3,高,,,验证,需进一步验证,Git
backup_before_v05m_recovery_20260702_091828/app/services/operations/system_health_service.py,3025,dffc6c5f351608eced8608735c65de57d67a9814f2b888b9a32b293d74a1bd8f,S3,高,,,验证,需进一步验证,Git
backup_before_v05m_recovery_20260702_091828/app/services/operations/__init__.py,567,e00194d282c2d14c5106bf73d8f61ff410067810401a96aeabb4d81d8181a88e,S3,高,,,验证,需进一步验证,Git
backup_before_v05m_recovery_20260702_091828/app/services/pipeline/pipeline_common.py,3488,694870c9039f3c9dcb1c095c56b65736d6b39b40108ed1a39cdce039d5e1ce68,S3,高,,,验证,需进一步验证,Git
backup_before_v05m_recovery_20260702_091828/app/services/pipeline/pipeline_metrics_service.py,4094,a5db51ff182b34756914879df1274765c64aad57c28d8ec6842f57ebc043f077,S3,高,,,验证,需进一步验证,Git
backup_before_v05m_recovery_20260702_091828/app/services/pipeline/pipeline_quality_service.py,3182,8b3556635d309288836167838c1a0c1b9df6cb36f68b2921640e1418a52c39a3,S3,高,,,验证,需进一步验证,Git
backup_before_v05m_recovery_20260702_091828/app/services/pipeline/pipeline_service.py,15502,bccc6a793fd200edf4417cfa903672133de5c3524596f02cfcbc611ca19d238d,S3,高,,,验证,需进一步验证,Git
backup_before_v05m_recovery_20260702_091828/app/services/pipeline/pipeline_state_service.py,5783,f43e792799efaf07247fe3f518fa49ff8632a2442107de4e1c4fa7b7cb75142b,S3,高,,,验证,需进一步验证,Git
backup_before_v05m_recovery_20260702_091828/app/services/pipeline/__init__.py,669,112de3293c527f253a02c7e7e73caa8520ecedb637214a519f31949f76137943,S3,高,,,验证,需进一步验证,Git
backup_before_v05m_recovery_20260702_091828/app/services/processing/confidence_service.py,1305,756fbeec83061ee5fcc6143f2977a7fdf2e14362be6f7d62eb62a88ee6f81a90,S3,高,,,验证,需进一步验证,Git
backup_before_v05m_recovery_20260702_091828/app/services/processing/content_block_service.py,3971,731ed9028bbee77e35ce4ec5cb68321400f0271697eebe357449ad37e770127d,S3,高,,,验证,需进一步验证,Git
backup_before_v05m_recovery_20260702_091828/app/services/processing/document_classifier.py,1995,1ff306bf0568b2fb62cc955261b37862c97a50550c7b46d7b63be6a6dbe6cf8f,S3,高,,,验证,需进一步验证,Git
backup_before_v05m_recovery_20260702_091828/app/services/processing/entity_extraction_service.py,7206,729bcfbcd462d5f60059db47a0c2c6d7c408594d3e1fb406173da0f99a3a1b6f,S3,高,,,验证,需进一步验证,Git
backup_before_v05m_recovery_20260702_091828/app/services/processing/processing_job_service.py,30939,ae5097f47a5637a32494ff217a07fc8f034bde984a213b5e5e14e58d3401cc38,S3,高,,,验证,需进一步验证,Git
backup_before_v05m_recovery_20260702_091828/app/services/processing/subject_matching_service.py,2289,0038d34a5d46d6bdc692ee20350b01840f15501abc17b6549fc0f6e293b7b009,S3,高,,,验证,需进一步验证,Git
backup_before_v05m_recovery_20260702_091828/app/services/processing/__init__.py,479,fdef1719a786a0af2eb690f3662b568d5aa7f5744ae833bbc53a8e73c6593b52,S3,高,,,验证,需进一步验证,Git
backup_before_v05m_recovery_20260702_091828/app/services/reports/report_citation_service.py,709,6996c6bb8c84651c37c2c88d70b34343a5c7a507576d903001ed293f7642bb0d,S3,高,,,验证,需进一步验证,Git
backup_before_v05m_recovery_20260702_091828/app/services/reports/report_generation_service.py,12952,ca2f01d46e4e58fc3a516f6b3ac77a15a73ebbff66fb23ec539f7351833c37c4,S3,高,,,验证,需进一步验证,Git
backup_before_v05m_recovery_20260702_091828/app/services/reports/report_query_service.py,2661,18926b4f58d5f1fbe18964af8d678e88beca629eb64e87fa1589010d154a36a8,S3,高,,,验证,需进一步验证,Git
backup_before_v05m_recovery_20260702_091828/app/services/reports/__init__.py,478,24def75a3ec71aa99fc01af584726a0bbf27c1333a746ce92b6e4868ce52d1a5,S3,高,,,验证,需进一步验证,Git
backup_before_v05m_recovery_20260702_091828/app/services/research/common.py,1988,5496285742270fdd34e187b976e433469b23ecbd69270b8278a3fe7c58c07064,S3,高,,,验证,需进一步验证,Git
backup_before_v05m_recovery_20260702_091828/app/services/research/investment_assessment_service.py,8410,302bc2404de35fa967a0680367b8d22fd0e8d750f44a52cbc33f307717d479f9,S3,高,,,验证,需进一步验证,Git
backup_before_v05m_recovery_20260702_091828/app/services/research/research_service.py,22558,3d49ec43c508d0140844aa6ac70c296a4aa3ace1041f528ccf2f5d2a90630181,S3,高,,,验证,需进一步验证,Git
backup_before_v05m_recovery_20260702_091828/app/services/research/__init__.py,1061,590bd4fa10544f8bc3d0813c0917391e1fce760bcd09e5634da44a7104a56af9,S3,高,,,验证,需进一步验证,Git
backup_before_v05m_recovery_20260702_091828/app/services/signals/signal_generation_service.py,9320,b86055d47fe71db635bd84a228e993c22ae0c4e60adc94c1046ccb709bfefdd3,S3,高,,,验证,需进一步验证,Git
backup_before_v05m_recovery_20260702_091828/app/services/signals/signal_rule_service.py,2540,24a80a2b6a60ba1dd3089257dfb42d387c0f1c3e7267f2ee1a41441fd2fa6dbe,S3,高,,,验证,需进一步验证,Git
backup_before_v05m_recovery_20260702_091828/app/services/signals/__init__.py,222,3af4a4d931d8e2c2df8c89bcbdd29d325058392910f36f87cc4ebdb9939245c6,S3,高,,,验证,需进一步验证,Git
backup_before_v05m_recovery_20260702_091828/app/services/tasks/task_common.py,1651,c3ba7f50056a76e8a8b9853498beed0e7411c9f53573ebd4eaeabe71f27c9b5d,S3,高,,,验证,需进一步验证,Git
backup_before_v05m_recovery_20260702_091828/app/services/tasks/task_dispatcher.py,2209,f926b3b6a49fe0c12200cad009f1034811d14f59de668d55c80908942ba176eb,S3,高,,,验证,需进一步验证,Git
backup_before_v05m_recovery_20260702_091828/app/services/tasks/task_heartbeat_service.py,1158,1551a68c9f5ffe77c90354ce25d6487de5a17f5b714329d9ddcc34c21a9f99b4,S3,高,,,验证,需进一步验证,Git
backup_before_v05m_recovery_20260702_091828/app/services/tasks/task_metrics_service.py,736,638e93ebe5f36107fc02b00963ea670ce095693d6204a870fd72a06bddf3cc01,S3,高,,,验证,需进一步验证,Git
backup_before_v05m_recovery_20260702_091828/app/services/tasks/task_registry.py,3101,b7ed06bacc44fb8d0821d3469bc87c1c91d5ec269a8ca18495fd4d74d326704b,S3,高,,,验证,需进一步验证,Git
backup_before_v05m_recovery_20260702_091828/app/services/tasks/task_retry_service.py,268,5071447950de4cffe66b73923bb0dd6e5f0396f1726bf4ccc9722599452ccd27,S3,高,,,验证,需进一步验证,Git
backup_before_v05m_recovery_20260702_091828/app/services/tasks/task_runner.py,4472,5f2b1be6925b23c10ab1be38e6fd62bcb0a265f072d49a6ca9098ef9c1b97dcd,S3,高,,,验证,需进一步验证,Git
backup_before_v05m_recovery_20260702_091828/app/services/tasks/__init__.py,306,c629296184bff2dc277f325c13237ed1e235acf04c9e3c814c424cdd1ba8c162,S3,高,,,验证,需进一步验证,Git
backup_before_v05m_recovery_20260702_091828/app/api/v1/collection.py,9908,a20d56239a9794598f3f4a030ed96315a5ce43bbfecb16e4b8a8f50b61f01875,S3,高,,,验证,需进一步验证,Git
backup_before_v05m_recovery_20260702_091828/app/api/v1/dashboard.py,658,018edde3e4340c17d429edc52804bbab2be086da30205dbca3618d09a9f5e01c,S3,高,,,验证,需进一步验证,Git
backup_before_v05m_recovery_20260702_091828/app/api/v1/events.py,2042,49511f344fb4375dc7496d0c13c5152c3295701349885e3e75f1317ae94209bb,S3,高,,,验证,需进一步验证,Git
backup_before_v05m_recovery_20260702_091828/app/api/v1/intelligence.py,5610,e9ff95f0545ab4c13017ff60556e24f9fc06393a498aa82d5a33f72d3d9fa771,S3,高,,,验证,需进一步验证,Git
backup_before_v05m_recovery_20260702_091828/app/api/v1/investment_assessments.py,3092,a735440a2ba9321f1c02910b99a052ba30c2b33151f8c5ec1c312b7cf3d76088,S3,高,,,验证,需进一步验证,Git
backup_before_v05m_recovery_20260702_091828/app/api/v1/navigation.py,454,750da87e3cca3a01058f37fea614c6abf6d8e1c38616923496386eef8facdaea,S3,高,,,验证,需进一步验证,Git
backup_before_v05m_recovery_20260702_091828/app/api/v1/pipeline.py,4566,cd974357c21e2a31dc90ca6f62cbce77751bce642a8dc828e1a634df5161a34c,S3,高,,,验证,需进一步验证,Git
backup_before_v05m_recovery_20260702_091828/app/api/v1/processing.py,5575,eec666fa817d07a03e19cc4c38898a7e7ae133817b88b38c48b3e347912a485d,S3,高,,,验证,需进一步验证,Git
backup_before_v05m_recovery_20260702_091828/app/api/v1/relationships.py,2661,00ef2d56ddf8416d77ec99977249055534c995533421d5f11d748094a86c56c9,S3,高,,,验证,需进一步验证,Git
backup_before_v05m_recovery_20260702_091828/app/api/v1/reports.py,4030,e0979b8c961aeb2b449c04461f367d2d2909e2b991735e5901cd39ba45899294,S3,高,,,验证,需进一步验证,Git
backup_before_v05m_recovery_20260702_091828/app/api/v1/research.py,6164,303e3fb28a92d04d041d0044ff68d1080745ddc7365a3001afaf83e8e29b7d88,S3,高,,,验证,需进一步验证,Git
backup_before_v05m_recovery_20260702_091828/app/api/v1/router.py,2429,0f373d2707fb07595df2db1bee70cbb7582b842deda5c006c21e2a2e6508834c,S3,高,,,验证,需进一步验证,Git
backup_before_v05m_recovery_20260702_091828/app/api/v1/search.py,589,f731913692e91cde2df0a07348f65f6af19ef083bc1e6284f47329757795f7bb,S3,高,,,验证,需进一步验证,Git
backup_before_v05m_recovery_20260702_091828/app/api/v1/signals.py,4148,b1137c4cb6ac8ee22d2c167e2846eaeea48d41fccadb081abda502d676e2c766,S3,高,,,验证,需进一步验证,Git
backup_before_v05m_recovery_20260702_091828/app/api/v1/subjects.py,3971,da9f3ae2ce92344ac99c850b71f42043b1e5937250b436163f51f21958a7dab7,S3,高,,,验证,需进一步验证,Git
backup_before_v05m_recovery_20260702_091828/app/api/v1/system.py,1108,bed4119aeea37b98827188146976ebbb950f8008ebfbdeb6c3d8e60c97cb9e4a,S3,高,,,验证,需进一步验证,Git
backup_before_v05m_recovery_20260702_091828/app/api/v1/watchlists.py,3688,08f7d40ca3b6e06f09244d188b24816d683544a1bd345dc9e1bbbee1fbf5e5ac,S3,高,,,验证,需进一步验证,Git
backup_before_v05m_recovery_20260702_091828/app/api/v1/__init__.py,1,01ba4719c80b6fe911b091a7c05124b64eeece964e09c058ef8f9805daca546b,S3,高,,,验证,需进一步验证,Git
backups/code_before_v06e_20260706_115352/backup_windows.bat,455,b87c67233b71a33cbe3d8c59895ba745b146a7c64c3c7ee67ff1bd81b4ecb5d5,S3,高,,,验证,需进一步验证,Git
backups/code_before_v06e_20260706_115352/check_account_windows.bat,251,24db6c36d17dfb817e22411f11f8bac082f902994e222cf95c63a0211c0dc656,S3,高,,,验证,需进一步验证,Git
backups/code_before_v06e_20260706_115352/migrate_all_windows.bat,491,c40ac47da9162036997f1017fac40b97aba554677e2b23c22a203189e84a2ce5,S3,高,,,验证,需进一步验证,Git
backups/code_before_v06e_20260706_115352/migrate_platform_mvp_v1.bat,599,e2cbf3fa2d55e711ad0d3ea69149d291c2ce335e482ca68e7311502c83a31f1e,S3,高,,,验证,需进一步验证,Git
backups/code_before_v06e_20260706_115352/migrate_v05c_windows.bat,547,15804ed952932fabe918a6f3394bd9bccd5dc54b805612a7a1921ae1066b89a3,S3,高,,,验证,需进一步验证,Git
backups/code_before_v06e_20260706_115352/migrate_v05d_windows.bat,431,a6c3da3a6ffcf80ccff6c3066a7a19831614e60894ac775f0031c1c528dcbd48,S3,高,,,验证,需进一步验证,Git
backups/code_before_v06e_20260706_115352/migrate_v05e_windows.bat,612,1d065a0e95e93c09eb4452095eff9eb054de80c1db81bbc2bac1372ddb78aeeb,S3,高,,,验证,需进一步验证,Git
backups/code_before_v06e_20260706_115352/migrate_v05f_windows.bat,589,b1173fecffc1cceacea951846acdf0f209c7f637de62e1369e458e1e72c6a042,S3,高,,,验证,需进一步验证,Git
backups/code_before_v06e_20260706_115352/migrate_v05g_windows.bat,311,c97098f9c6da532ccac135d4bcb1f3ae2724f4387f3a6431a2f4d69b4aa6be87,S3,高,,,验证,需进一步验证,Git
backups/code_before_v06e_20260706_115352/migrate_v05h_windows.bat,240,1d9872613ca0d202ebed4314e0a264a8716db4e4f6cdde6a6d84456a7cbcc91c,S3,高,,,验证,需进一步验证,Git
backups/code_before_v06e_20260706_115352/migrate_v05i_windows.bat,81,200b003264ea89c233ff38c7084e067e2aec0a2f77c7b6ac06f153c5aa1d6661,S3,高,,,验证,需进一步验证,Git
backups/code_before_v06e_20260706_115352/migrate_v05j_windows.bat,81,638920419767eab22e12f5d080a9953624c2b2292e1daaeb6223b2a394e7e2af,S3,高,,,验证,需进一步验证,Git
backups/code_before_v06e_20260706_115352/migrate_v05kl_windows.bat,82,ca928f60d925726985a06a7cb2a525b6fa4c3a3be09456bbbf7d9c08c8d4db50,S3,高,,,验证,需进一步验证,Git
backups/code_before_v06e_20260706_115352/project_tools_windows.bat,4311,8eb9c088a778a64c2a7d32a3f66330c594f16e7106ecd5d331743bd613d69127,S3,高,,,验证,需进一步验证,Git
backups/code_before_v06e_20260706_115352/requirements.txt,262,3b8c82bc848499334c6c0871ae4198696056c13a6284beda7cbc7480732acf52,S3,高,,,验证,需进一步验证,Git
backups/code_before_v06e_20260706_115352/run_collection_once_windows.bat,648,32a96364a1a20ea9e5060bcb528c8589ce3a835eb0ba6fedef5482e1eddf3c98,S3,高,,,验证,需进一步验证,Git
backups/code_before_v06e_20260706_115352/run_collection_worker_windows.bat,643,c12351f64341cd2db9d153674b7997aee6b298a8d9513b27c54923ab78e8872b,S3,高,,,验证,需进一步验证,Git
backups/code_before_v06e_20260706_115352/run_monitoring_once_windows.bat,565,6a9ecfd979ecadd1435cf7c53f2e9df52dd541a82718a88af37f103c928beca3,S3,高,,,验证,需进一步验证,Git
backups/code_before_v06e_20260706_115352/run_pipeline_once_windows.bat,103,bb1698ddbc096b0467e2fc89e4a7779a35ddc33bab90530eb2fbc94c1a063e3b,S3,高,,,验证,需进一步验证,Git
backups/code_before_v06e_20260706_115352/run_pipeline_worker_windows.bat,118,eb6ed6f24c6a85042d95097fc0ab292dbc2a6856521d41ee839bb5c47f21107f,S3,高,,,验证,需进一步验证,Git
backups/code_before_v06e_20260706_115352/run_processing_once_windows.bat,422,920170abbbca451d5a63244fb58ff040761525b644f0ce5681e92a40ab556ccc,S3,高,,,验证,需进一步验证,Git
backups/code_before_v06e_20260706_115352/run_processing_worker_windows.bat,330,baa83570c7c96d0cc95f647629ed1b9788263abd2cb78e43391c3fa516e01c62,S3,高,,,验证,需进一步验证,Git
backups/code_before_v06e_20260706_115352/run_report_once_windows.bat,275,d24cd4db6574b32ba7464596ef2e235bc77514f1deb9cf683e4e80100c6329bf,S3,高,,,验证,需进一步验证,Git
backups/code_before_v06e_20260706_115352/run_signal_once_windows.bat,311,254dbc67b0d9d3e7e4c65e50a0d0f206780f9811bfd5a241e82cfe86e6d3771d,S3,高,,,验证,需进一步验证,Git
backups/code_before_v06e_20260706_115352/run_windows.bat,40,03c41713ded6a85fda697b9f5b9009cab6445fcb8fbacd949f663c81a2b4bdb1,S3,高,,,验证,需进一步验证,Git
backups/code_before_v06e_20260706_115352/seed_demo_platform_v1.bat,929,97fcbf489c1056d934814824f205edbb9f04951ce6024b8f4952629b9f6066a7,S3,高,,,验证,需进一步验证,Git
backups/code_before_v06e_20260706_115352/setup_windows.bat,1282,68355aa916c1371e797db1403ef77a93db329a3e4ed04991c06595c11dfac88e,S3,高,,,验证,需进一步验证,Git
backups/code_before_v06e_20260706_115352/start_all_windows.bat,147,7e3d0ebcf85b562d85b56892e2b72e27b87428de5dd24db34c4749ec5396d473,S3,高,,,验证,需进一步验证,Git
backups/code_before_v06e_20260706_115352/start_scheduler_windows.bat,506,32ea924c19be32733c926169d4efee8a44050fff9f6d557e579c6d1eb170a9d2,S3,高,,,验证,需进一步验证,Git
backups/code_before_v06e_20260706_115352/start_web_windows.bat,1221,7653ca6fda06278643ef2eb7067e04c8b0dbeef87308b6d242026e86c6be11e2,S3,高,,,验证,需进一步验证,Git
backups/code_before_v06e_20260706_115352/start_windows.bat,1337,4332896eda85b642770e035a429efc07dfaf5298a150b7661116f85bb186560c,S3,高,,,验证,需进一步验证,Git
backups/code_before_v06e_20260706_115352/start_worker_windows.bat,510,87393f3096707f4061c431caae7b5354bb7b20c42a6679bd107e55cb14a4e1c8,S3,高,,,验证,需进一步验证,Git
backups/code_before_v06e_20260706_115352/status_windows.bat,562,c928e4a253621b1810b5ef859f3907579e834aa496b84b778a788a8cba0ca856,S3,高,,,验证,需进一步验证,Git
backups/code_before_v06e_20260706_115352/stop_all_windows.bat,591,7964dd450cad60d002dc3d2c79fc2362585cc11b0b1d1b0d52dc1b4f24b67b0c,S3,高,,,验证,需进一步验证,Git
backups/code_before_v06e_20260706_115352/verify_all_windows.bat,501,b97dff5d0520daf1467a06cb4361f795c2f4858b852ac0533b47a6fbd07bbbfa,S3,高,,,验证,需进一步验证,Git
backups/code_before_v06e_20260706_115352/verify_intelligence_full_chain_windows.bat,547,955efdff34e2586e65a51ed05a8574d1b13e4b41fe2fa8d5b6d3f9dab1f700fa,S3,高,,,验证,需进一步验证,Git
backups/code_before_v06e_20260706_115352/verify_platform_mvp_v1.bat,753,3ca98ef460207f4ed28f22509b42da5bb61224ae01fff728a2f5c59d226de3c8,S3,高,,,验证,需进一步验证,Git
backups/code_before_v06e_20260706_115352/verify_v05c_windows.bat,554,ed58cb39b4128f17b38ccd7f09df2f11d2214b9c11db3255dc520c0c8e0ab3a8,S3,高,,,验证,需进一步验证,Git
backups/code_before_v06e_20260706_115352/verify_v05d_windows.bat,430,5bce2e33333926fd2d0436890f0126ebb6a5a6ea193fe7872b6f8361ebdd58c5,S3,高,,,验证,需进一步验证,Git
backups/code_before_v06e_20260706_115352/verify_v05e_windows.bat,611,3a599fb691ba7eb6e317b038e132a4428bee65f5721aa6b9e3e8f7cc7319c6f5,S3,高,,,验证,需进一步验证,Git
backups/code_before_v06e_20260706_115352/verify_v05f_windows.bat,588,a6f0a68ac0cad770a6910321ca73ab5dc88ec708750cf03ecf56a56827dda7b9,S3,高,,,验证,需进一步验证,Git
backups/code_before_v06e_20260706_115352/verify_v05g_windows.bat,318,82f8c19b940ea6cecc0eaa4ca0fd6f99319f42786431fef28e6cd9a4a0474d59,S3,高,,,验证,需进一步验证,Git
backups/code_before_v06e_20260706_115352/verify_v05h_windows.bat,241,0bb1ee8770efe621ac23d5511ddb4c4f17562649dde3a9967415819a36238182,S3,高,,,验证,需进一步验证,Git
backups/code_before_v06e_20260706_115352/verify_v05i_windows.bat,80,8427c50faa1fa9be73a0fbe11f9242414844f04fd0ca951b2561799886bed1c8,S3,高,,,验证,需进一步验证,Git
backups/code_before_v06e_20260706_115352/verify_v05j_windows.bat,80,c7afc7c934af1c10fb46b620be31728c88e08e97a53dcafe0476e4e8a7a614c3,S3,高,,,验证,需进一步验证,Git
backups/code_before_v06e_20260706_115352/verify_v05kl_windows.bat,184,7611162f2db631454d6acf9a4ed390e83f49ded6892f4721c723d6d40560f2c6,S3,高,,,验证,需进一步验证,Git
backups/code_before_v06e_20260706_115352/verify_v05m_windows.bat,458,8f6c4e4383c3e7ea2091caedb04483a910f1f388d429506d4710a7482031606a,S3,高,,,验证,需进一步验证,Git
backups/code_before_v06h_20260706_145146/platform.css,25742,02591f85b5f90873b67402dc09eabd8312c57e9e84486292ed6d6844f8a3741a,S3,高,,,验证,需进一步验证,Git
backups/code_before_v06h_20260706_145146/routes_platform.py,42883,d242f0dbc126c087c679a5dfbc32d13f9dc40bbad3b4741cccd23816f7e87ed9,S3,高,,,验证,需进一步验证,Git
backups/code_before_v06h_20260706_145146/verify_product_usability_v1.py,4879,cd86ed4f4e0c212f6522e5bab12e624ee59fe2d3258df1464cfd1c6d21cfff6b,S3,高,,,验证,需进一步验证,Git
backups/code_before_v06i_intelligence_20260706_151858/routes_platform.py,44007,0082e6d62c3aa291eb8a23ac6d644a5df86cff4b11c6cd7f5dd3615a09864686,S3,高,,,验证,需进一步验证,Git
backups/code_before_v06i_intelligence_20260706_151858/v04c_review_queue.html,7134,5115a8499cfa44a0bc6b434b512d37235b71e750b98e83036432067e2e2510e0,S3,高,,,验证,需进一步验证,Git
backups/code_before_v06i_intelligence_20260706_151858/v05f_collection.html,9681,4c6e67684b6e36b5d6942de44b1615735b08e0f08d448bfa944e9d342838d7e7,S3,高,,,验证,需进一步验证,Git
backups/code_before_v06i_intelligence_20260706_151858/v05g_processing.html,11465,25a11cffb48721654c4b5712ae35c88c5bfb515a17c5a1b93ec0104367070407,S3,高,,,验证,需进一步验证,Git
backups/code_before_v06i_nav_crawl_20260706_162150/app/navigation.py,272,8f5464c6b4467742824a2a2d5c8db6599e87b25e9457eb273d4571a193bcb86c,S3,高,,,验证,需进一步验证,Git
backups/code_before_v06i_nav_crawl_20260706_162150/app/routes_platform.py,44007,0082e6d62c3aa291eb8a23ac6d644a5df86cff4b11c6cd7f5dd3615a09864686,S3,高,,,验证,需进一步验证,Git
backups/code_before_v06i_nav_crawl_20260706_162150/scripts/apply_direct_route_fix.py,6927,8c2706a1a2fee897eebf4e2ca9299ccd83faf4cc513e1cb9fcff1b389a0f89c6,S3,高,,,验证,需进一步验证,Git
backups/code_before_v06i_nav_crawl_20260706_162150/scripts/apply_v03b.py,3341,045d3068e401c6c5cdbcd36d142a84de123416f3228b8cb75c4ad234f1c22d20,S3,高,,,验证,需进一步验证,Git
backups/code_before_v06i_nav_crawl_20260706_162150/scripts/apply_v03c.py,1883,f04db1cd26157fe8f4852511303e5e89f3dc37fd239b785f160368dc66360eab,S3,高,,,验证,需进一步验证,Git
backups/code_before_v06i_nav_crawl_20260706_162150/scripts/apply_v04a.py,2324,bf2bcd1da07fa0025a7fea8833317c26ce7440b8ebbf089f9387ce79fe6cf47b,S3,高,,,验证,需进一步验证,Git
backups/code_before_v06i_nav_crawl_20260706_162150/scripts/apply_v04b.py,4843,612588fe994e208ecbda53fc6e88ae2ba0b9f6c41d39a9341176a5950a10f4eb,S3,高,,,验证,需进一步验证,Git
backups/code_before_v06i_nav_crawl_20260706_162150/scripts/audit_foreign_keys_v1.py,5000,726f56b62eb9d4b2223578bcdc8b9209e7858609f1492ce593ebad5ed51f214c,S3,高,,,验证,需进一步验证,Git
backups/code_before_v06i_nav_crawl_20260706_162150/scripts/audit_suspicious_entities.py,2874,47574779f9700e822fc07af6adf8de1c93959fa84036c7959b0110f67f6e7481,S3,高,,,验证,需进一步验证,Git
backups/code_before_v06i_nav_crawl_20260706_162150/scripts/backup_database.py,441,7d4c4a96ad99a23218cf6b6423d222cb9d6f09bd9b6e9aa0a870f2cc68051d6f,S3,高,,,验证,需进一步验证,Git
backups/code_before_v06i_nav_crawl_20260706_162150/scripts/build_release_v1.py,2760,8f799bb0f223018c0cd7b75c5814f7f6431fe615ee567d8b88cd5d750d9ccc1a,S3,高,,,验证,需进一步验证,Git
backups/code_before_v06i_nav_crawl_20260706_162150/scripts/check_all_templates.py,1272,3f55df52b07470d85bfb886677cad26e39501d6b65164f1d146a0ef76dec0424,S3,高,,,验证,需进一步验证,Git
backups/code_before_v06i_nav_crawl_20260706_162150/scripts/check_database_config_v1.py,1144,06d16fa0348e7240a1641f8df51406566440dbc4267da2c3c044d74b73aef775,S3,高,,,验证,需进一步验证,Git
backups/code_before_v06i_nav_crawl_20260706_162150/scripts/check_mojibake.py,3547,0518a9d9efe71057405fadd73037e6c078297e4827b014bf77e48339d7974461,S3,高,,,验证,需进一步验证,Git
backups/code_before_v06i_nav_crawl_20260706_162150/scripts/check_seed_data.py,722,d4658dfbe28f8ecfa9ad0e74ad582245845de9834246bc2cc9cd16369cf0c748,S3,高,,,验证,需进一步验证,Git
backups/code_before_v06i_nav_crawl_20260706_162150/scripts/check_user_visible_english.py,4166,53a5240bee5347a6dba1e1ad0961513579d6352cc33465789ae2869fd72dca7e,S3,高,,,验证,需进一步验证,Git
backups/code_before_v06i_nav_crawl_20260706_162150/scripts/cleanup_identity_test_accounts.py,4024,4fe708b0c075ca8d7a096f7b6f3b3bd8de7f6c8a6d90d767dc217c8379312026,S3,高,,,验证,需进一步验证,Git
backups/code_before_v06i_nav_crawl_20260706_162150/scripts/cleanup_test_data.py,751,d77a16161efc8a94d8b277705a9790858b2d843684bb0cd1cf2a973678493a18,S3,高,,,验证,需进一步验证,Git
backups/code_before_v06i_nav_crawl_20260706_162150/scripts/collect_v04d_context.py,8342,906b95e168dacfe40a4469bdda0e21c38fc4ffe7b0eadaed47f4a1b22c1be3ef,S3,高,,,验证,需进一步验证,Git
backups/code_before_v06i_nav_crawl_20260706_162150/scripts/create_identity_test_accounts.py,3790,f9fbe362a6a26ab8203ebb793111e0cc2cbfb035347190e8c016d6ebebc322fa,S3,高,,,验证,需进一步验证,Git
backups/code_before_v06i_nav_crawl_20260706_162150/scripts/export_database.py,1109,42760ca5317c752dc84a0a0daefb8976faf4f3abc9855b36ea65d4da9dde37b0,S3,高,,,验证,需进一步验证,Git
backups/code_before_v06i_nav_crawl_20260706_162150/scripts/generate_historical_signals.py,852,4a4247bdcbeacb9911a7af036f637ed1964d96f6fdacb22074a87352d3d3dafb,S3,高,,,验证,需进一步验证,Git
backups/code_before_v06i_nav_crawl_20260706_162150/scripts/import_seed_data.py,6323,812c4b7a736c5e6f98d601d076613ed74cba8d15ae1db7df73d2e0e4f9770997,S3,高,,,验证,需进一步验证,Git
backups/code_before_v06i_nav_crawl_20260706_162150/scripts/init_database.py,359,d2045ce6cbe032f4973be34a33a3d51a913856230e05e5ce6231fee44488f692,S3,高,,,验证,需进一步验证,Git
backups/code_before_v06i_nav_crawl_20260706_162150/scripts/migrate_all.py,4694,64e3943206f6752f18e395d14d28de3eb817bfe0f03c3f1df62168f072a0e059,S3,高,,,验证,需进一步验证,Git
backups/code_before_v06i_nav_crawl_20260706_162150/scripts/migrate_domain_consolidation_v1.py,4876,ebae20c78798087f0a82ac571e2e8ad58ae754062b74a3446bc6a3f49606ec9e,S3,高,,,验证,需进一步验证,Git
backups/code_before_v06i_nav_crawl_20260706_162150/scripts/migrate_identity_link_v1.py,1194,70bf76059fad3568333cb568e7c72c3936d2cb1484c99e02a8b01135f64b717a,S3,高,,,验证,需进一步验证,Git
backups/code_before_v06i_nav_crawl_20260706_162150/scripts/migrate_membership_person_link_v1.py,6012,c8a18e5ca69927da3aa4385462da086bf1296d9336924025ecbab4b7a51a473f,S3,高,,,验证,需进一步验证,Git
backups/code_before_v06i_nav_crawl_20260706_162150/scripts/migrate_organization_core_v1.py,8891,7bd482e34d3825fc67f3546405f13135818c572955a73b7dd0bd2a1f9f7d7a09,S3,高,,,验证,需进一步验证,Git
backups/code_before_v06i_nav_crawl_20260706_162150/scripts/migrate_platform_mvp_v1.py,12181,1dbd655c21e6d2933c42da94eadb7853a66751e8468336a4309793d058712b6c,S3,高,,,验证,需进一步验证,Git
backups/code_before_v06i_nav_crawl_20260706_162150/scripts/migrate_rbac_core_v1.py,11206,1a938f1af70d7dd3d282b1316e7c78feb25323a122c9d4f7226bdf955d6072b3,S3,高,,,验证,需进一步验证,Git
backups/code_before_v06i_nav_crawl_20260706_162150/scripts/migrate_sqlite_to_postgres.py,1713,b1d93a719ba0340e3af2d169dab61024da916ab02a0524b5f763ec3dca094a1d,S3,高,,,验证,需进一步验证,Git
backups/code_before_v06i_nav_crawl_20260706_162150/scripts/migrate_user_membership_link_v1.py,3826,d51ee2abe7ff9d971c5d9427d6816e97068888eb1baeab8f024360a24710ade2,S3,高,,,验证,需进一步验证,Git
backups/code_before_v06i_nav_crawl_20260706_162150/scripts/migrate_v04c.py,1516,3fa26c94bd0093e2ef6999fe79996190b12599e1e6349ca7eac795bf17e89e0e,S3,高,,,验证,需进一步验证,Git
backups/code_before_v06i_nav_crawl_20260706_162150/scripts/migrate_v04c1.py,1080,451005888ea0bb76037904f731fac1f22b190d29ca429f97962321a3d7daffcf,S3,高,,,验证,需进一步验证,Git
backups/code_before_v06i_nav_crawl_20260706_162150/scripts/migrate_v04d.py,1582,7410b1e7493a38219aa4ddb6d7f098912caedf8895d9e44abe0a73fe088fb655,S3,高,,,验证,需进一步验证,Git
backups/code_before_v06i_nav_crawl_20260706_162150/scripts/migrate_v04db.py,1856,d9c575895e1169adc33b2aa625c6f0fbfe4736f173c827e6faf0682768ad5c0c,S3,高,,,验证,需进一步验证,Git
backups/code_before_v06i_nav_crawl_20260706_162150/scripts/migrate_v04e.py,1449,86c70a86881b63bd9a34025a9f92b85442006098c415e52b33ae2458e73df512,S3,高,,,验证,需进一步验证,Git
backups/code_before_v06i_nav_crawl_20260706_162150/scripts/migrate_v04f.py,7160,4fbeaaab8958b03c6186f40b8ba1b092b5bd848303f6d4854610086cd90bf0d2,S3,高,,,验证,需进一步验证,Git
backups/code_before_v06i_nav_crawl_20260706_162150/scripts/migrate_v04g.py,6453,dd7f55754cdf4829d4aca1239d2bdbe0952bd2ec642322cd06efb58697065e6c,S3,高,,,验证,需进一步验证,Git
backups/code_before_v06i_nav_crawl_20260706_162150/scripts/migrate_v04h.py,3435,a4a1a64ea76d8f438b98e4de7b65a8e64d3935a59d3b725d05eda3fcd7abdedb,S3,高,,,验证,需进一步验证,Git
backups/code_before_v06i_nav_crawl_20260706_162150/scripts/migrate_v05a.py,1306,6a1904b4687125a62e202bfb65b5913cd90184480ab1ef30235f7f96e836f1a6,S3,高,,,验证,需进一步验证,Git
backups/code_before_v06i_nav_crawl_20260706_162150/scripts/migrate_v05b.py,5859,ec7e55205b5d02d9559301d0aed7dfceee71939c05fc366e99c80a58d4863c7b,S3,高,,,验证,需进一步验证,Git
backups/code_before_v06i_nav_crawl_20260706_162150/scripts/migrate_v05c.py,6453,74c75ba44fc76c740184e1413854f16034489cec3a9214e98777c4a77874620c,S3,高,,,验证,需进一步验证,Git
backups/code_before_v06i_nav_crawl_20260706_162150/scripts/migrate_v05d.py,9150,9deec830331122d54e8b8fc3d73f5f835bdde5d4b53ba03d70c2b02235fcd88d,S3,高,,,验证,需进一步验证,Git
backups/code_before_v06i_nav_crawl_20260706_162150/scripts/migrate_v05e.py,4540,886bb21eb004d87080e6f03b3b3c0f236e538dcc633b1512ee2f2393e5af2c10,S3,高,,,验证,需进一步验证,Git
backups/code_before_v06i_nav_crawl_20260706_162150/scripts/migrate_v05f.py,10325,3e6305a3731335ab352bfa87142a9bc5fce3669eeffd2621f4e30f25a6dd1d05,S3,高,,,验证,需进一步验证,Git
backups/code_before_v06i_nav_crawl_20260706_162150/scripts/migrate_v05g.py,9077,bd49e499a9ddf91fd5b9fdc5a7868416a3ad3c879cc8682f7881fafbf2a9e07c,S3,高,,,验证,需进一步验证,Git
backups/code_before_v06i_nav_crawl_20260706_162150/scripts/migrate_v05h.py,9021,16d55292f7f6cf274a5617dd230ec6126e73add4d5a01a3ec4cb48b79a28b0ec,S3,高,,,验证,需进一步验证,Git
backups/code_before_v06i_nav_crawl_20260706_162150/scripts/migrate_v05i.py,5950,8e9528695bd33aedde715bd6b31576fbc771b2a7a8ab3068c410d93ea4f340d5,S3,高,,,验证,需进一步验证,Git
backups/code_before_v06i_nav_crawl_20260706_162150/scripts/migrate_v05j.py,5743,99878f2d157f80163bcfeb22494bca8c99a75a3cfdb20f0c11b9afb3b52f90c9,S3,高,,,验证,需进一步验证,Git
backups/code_before_v06i_nav_crawl_20260706_162150/scripts/migrate_v05kl.py,9825,42a34834a2eece12e751e4604bb00253709e4703f3e61d4f79b165d42edb99e4,S3,高,,,验证,需进一步验证,Git
backups/code_before_v06i_nav_crawl_20260706_162150/scripts/pilot_real_sources.py,4955,9a8eff704c666d52c2628fd072cf18b449bdfa2bf2fdefd6993ffd42cb050aea,S3,高,,,验证,需进一步验证,Git
backups/code_before_v06i_nav_crawl_20260706_162150/scripts/queue_historical_processing.py,1916,a6591bae009d81a31bbf11b5805297806f2fefdc5da90be4a9a484bdd57ad690,S3,高,,,验证,需进一步验证,Git
backups/code_before_v06i_nav_crawl_20260706_162150/scripts/refresh_v04h_recommendations.py,829,d418280295ddea172197eb8c5c62717001d5be1602cef815086f3ae6345aa65d,S3,高,,,验证,需进一步验证,Git
backups/code_before_v06i_nav_crawl_20260706_162150/scripts/repair_remaining_foreign_keys_v1.py,3029,bbeb1ed16b0d98ad7aab3fc92d8b5e2927cfd26f92c61dda0e62edadff746731,S3,高,,,验证,需进一步验证,Git
backups/code_before_v06i_nav_crawl_20260706_162150/scripts/report_membership_person_candidates.py,4177,979ba3ac5eb33c74e8c0d098e90fe0a1e6132e99b57870452e4eb02121b62948,S3,高,,,验证,需进一步验证,Git
backups/code_before_v06i_nav_crawl_20260706_162150/scripts/report_user_membership_candidates.py,4505,79b3f40f73c4ffc5d1909eddc3b64df9abeb2c09b6944ba85c054b6656238590,S3,高,,,验证,需进一步验证,Git
backups/code_before_v06i_nav_crawl_20260706_162150/scripts/restore_backup.py,1496,5d6cf330bb19c7167b65378b1a2b18de4485371b4eefc2d8f157aa6c15dd969b,S3,高,,,验证,需进一步验证,Git
backups/code_before_v06i_nav_crawl_20260706_162150/scripts/run_collection_worker.py,1723,fb9b8a1d6555c29c665d9da6f93d231f9c59e500728079e425e3b64c1f7d65a1,S3,高,,,验证,需进一步验证,Git
backups/code_before_v06i_nav_crawl_20260706_162150/scripts/run_monitoring_once.py,1350,a716d0c31ed3268d95a64085f6226ec233944539a7fe9737f62226eda6e4fb1f,S3,高,,,验证,需进一步验证,Git
backups/code_before_v06i_nav_crawl_20260706_162150/scripts/run_operational_pilot.py,1792,6087fda987e729f1678c48e9af580c545e34af92131229008b8c33d96da3aa44,S3,高,,,验证,需进一步验证,Git
backups/code_before_v06i_nav_crawl_20260706_162150/scripts/run_pipeline_worker.py,2131,d91045d6bdb9e82ac9535b5ca700e9a53c6719c624bf46a2a25c73f59c943687,S3,高,,,验证,需进一步验证,Git
backups/code_before_v06i_nav_crawl_20260706_162150/scripts/run_processing_worker.py,2252,bc8a6701c299c4daf1fea700c478a0d7df26db59cdea69efb711ae344a58a89c,S3,高,,,验证,需进一步验证,Git
backups/code_before_v06i_nav_crawl_20260706_162150/scripts/run_report_worker.py,1236,9548b98bbad4ed08d80d4a8fe6405c9df7cc947fdfa350899ab12f1cbdbb2902,S3,高,,,验证,需进一步验证,Git
backups/code_before_v06i_nav_crawl_20260706_162150/scripts/run_scheduler.py,2230,c96e3d829e796c291d877d1d779e8650a3301dc5ba2a625b95c0c5d0cca6c94d,S3,高,,,验证,需进一步验证,Git
backups/code_before_v06i_nav_crawl_20260706_162150/scripts/run_signal_worker.py,785,ebdd12d15424e67a758ab0428c5dcef602d771daa0fc80dca02578596c268178,S3,高,,,验证,需进一步验证,Git
backups/code_before_v06i_nav_crawl_20260706_162150/scripts/run_worker.py,2410,e7397aac33256f707fe65c40693260347b42bd54931f7e09d2fe270d4bc906b9,S3,高,,,验证,需进一步验证,Git
backups/code_before_v06i_nav_crawl_20260706_162150/scripts/seed_demo_platform_v1.py,27807,b6915423af58ebc4f0495348536868211b6b4181341da11b90134807841f4e47,S3,高,,,验证,需进一步验证,Git
backups/code_before_v06i_nav_crawl_20260706_162150/scripts/seed_v04c1_demo.py,3780,749aed26faecbea236db2576415d63e0a041321a159d9925a7aeb48b2e833805,S3,高,,,验证,需进一步验证,Git
backups/code_before_v06i_nav_crawl_20260706_162150/scripts/seed_v04c_demo.py,2513,513b4bba0c1873afb7a388fcfc020d34284da24c9f5fe568971a53899bb0e41e,S3,高,,,验证,需进一步验证,Git
backups/code_before_v06i_nav_crawl_20260706_162150/scripts/seed_v04db_demo.py,1356,8ebaa1661e9a43e7c68b434bce7661c9bcd006f7fc2484b56c4f13fa106f773c,S3,高,,,验证,需进一步验证,Git
backups/code_before_v06i_nav_crawl_20260706_162150/scripts/seed_v04d_demo.py,4100,c52b61c1c17484cd4f00057b955d57e3a09dbaabdda29264c8e0a1d51e81da8e,S3,高,,,验证,需进一步验证,Git
backups/code_before_v06i_nav_crawl_20260706_162150/scripts/seed_v04e_demo.py,2055,97585d81631e8eba3926fee88245719eafe165b9833d58333cfdc574eb6c6c0e,S3,高,,,验证,需进一步验证,Git
backups/code_before_v06i_nav_crawl_20260706_162150/scripts/self_check.py,2368,e0015ba9c6b3624f8c147d27e3c11d1f9958b23aff71bedce267c933ac274c8d,S3,高,,,验证,需进一步验证,Git
backups/code_before_v06i_nav_crawl_20260706_162150/scripts/self_check_v03c.py,450,b06561ab60308650378353da1a751b9c2bb8f4310109a6001674290933b06dd7,S3,高,,,验证,需进一步验证,Git
backups/code_before_v06i_nav_crawl_20260706_162150/scripts/self_check_v04a.py,1066,9edd27fcaabe4dfb3b3b55647cfb43ef59d6b263e97c2a019c923ed48f81f04a,S3,高,,,验证,需进一步验证,Git
backups/code_before_v06i_nav_crawl_20260706_162150/scripts/test_db_utils.py,2987,d4a5a5a139edcd1dd7ef7926fe4f5256fe525754f43304f2db56b28d54e93353,S3,高,,,验证,需进一步验证,Git
backups/code_before_v06i_nav_crawl_20260706_162150/scripts/test_entity_analyzer.py,974,2aaf9fee49d98a588731ab3dc2be20d0cd536abfdf47d0a4dd8670f8eddb3307,S3,高,,,验证,需进一步验证,Git
backups/code_before_v06i_nav_crawl_20260706_162150/scripts/test_paste_analyzer.py,1023,4e6d90b709089376fc1c35af23cbf6a2459af12efd914380b2179b4f13a73f8f,S3,高,,,验证,需进一步验证,Git
backups/code_before_v06i_nav_crawl_20260706_162150/scripts/test_web_extractor.py,627,95863733c0cb1c7afdd4c595c1a29af898422bc670d038128085838662a14387,S3,高,,,验证,需进一步验证,Git
backups/code_before_v06i_nav_crawl_20260706_162150/scripts/verify_all.py,9257,62049a9ad4791aa82e5b0b7e9427285de799f2dd097eecbd050c882775916e10,S3,高,,,验证,需进一步验证,Git
backups/code_before_v06i_nav_crawl_20260706_162150/scripts/verify_backup_restore.py,1618,661d5c4c3322e8a104f4ad111567c8624b5d12f176c2014450010ce3fe51593b,S3,高,,,验证,需进一步验证,Git
backups/code_before_v06i_nav_crawl_20260706_162150/scripts/verify_core_pages.py,2474,73f19873dd832a11e56ee97af5ec6929495ebb9b21e641ea4dbbaa96b2ef896c,S3,高,,,验证,需进一步验证,Git
backups/code_before_v06i_nav_crawl_20260706_162150/scripts/verify_data_integrity_workflow_v1.py,3852,2e9d70e114f1b4587d386c58d15d1ddf9eccebe60f8ce4f6ca42c5347f56b5ea,S3,高,,,验证,需进一步验证,Git
backups/code_before_v06i_nav_crawl_20260706_162150/scripts/verify_domain_consolidation_v1.py,2174,6146b8028532d3329b25378421fa0340e77eb5a603f605195ea225b4db7361ad,S3,高,,,验证,需进一步验证,Git
backups/code_before_v06i_nav_crawl_20260706_162150/scripts/verify_identity_link_e2e.py,12315,883ad410a2d678828ad978492186b08f9ee0d89ef1d67b6f507e37a0d62cdf84,S3,高,,,验证,需进一步验证,Git
backups/code_before_v06i_nav_crawl_20260706_162150/scripts/verify_identity_link_v1.py,7135,4489dd02ac1b784a3821973b0f8b48bd2ee70175e3f0066ee2799c202c89c1ce,S3,高,,,验证,需进一步验证,Git
backups/code_before_v06i_nav_crawl_20260706_162150/scripts/verify_identity_membership_access_v1.py,11614,c483450c315f1f7cfa2221a96582ee70343d468e26140b386d31f95b42fc5faf,S3,高,,,验证,需进一步验证,Git
backups/code_before_v06i_nav_crawl_20260706_162150/scripts/verify_intelligence_full_chain.py,9189,fe43737fef80f426e2da1d0f31be3d1b9ed385a621f0ffba9b474b32438337e3,S3,高,,,验证,需进一步验证,Git
backups/code_before_v06i_nav_crawl_20260706_162150/scripts/verify_intelligence_pipeline_e2e_v1.py,10663,77c45fccd41b3f8c866e827ed6210d511fc84005574cafb45f1b3cf3b974b38b,S3,高,,,验证,需进一步验证,Git
backups/code_before_v06i_nav_crawl_20260706_162150/scripts/verify_manual_ingestion.py,3184,38aac056ae65ac04f09e286c601f76b04760c2b9aae8734c43050ccde5e07295,S3,高,,,验证,需进一步验证,Git
backups/code_before_v06i_nav_crawl_20260706_162150/scripts/verify_membership_access_scope_v1.py,6657,6633fec869a0e661140ad8b0bb616c12704c1c98614bba3500c10cf8f029139b,S3,高,,,验证,需进一步验证,Git
backups/code_before_v06i_nav_crawl_20260706_162150/scripts/verify_membership_person_link_ui_v1.py,13218,ad597c60a864983a8c57420e332f301bf34fc38be60e704b4e75376b279f4be5,S3,高,,,验证,需进一步验证,Git
backups/code_before_v06i_nav_crawl_20260706_162150/scripts/verify_membership_person_link_v1.py,12098,1ae407eb669da16b6dc183335215f8ffcfed9e3af12529be5d409a1a9a170d13,S3,高,,,验证,需进一步验证,Git
backups/code_before_v06i_nav_crawl_20260706_162150/scripts/verify_navigation_product_shell_v1.py,4462,6975196312a2a00bf728995f1e97a5494ba77dc9671ce239b9a505d30deb4c4d,S3,高,,,验证,需进一步验证,Git
backups/code_before_v06i_nav_crawl_20260706_162150/scripts/verify_organization_core_v1.py,14513,c67b8c941b4f21c4ba8b46d02a392ee7304930f7d3616a85fad7f686c14a6332,S3,高,,,验证,需进一步验证,Git
backups/code_before_v06i_nav_crawl_20260706_162150/scripts/verify_p0_stability_v1.py,3588,dc83a063689fccd86cc699bb083b2602492fcf2119d144d451a7c9126863b831,S3,高,,,验证,需进一步验证,Git
backups/code_before_v06i_nav_crawl_20260706_162150/scripts/verify_platform_integration_v1.py,6027,4532b9dc03411fbd7e7c533b53f1b2849101b85e82fdb0ffff022d795a8e6b94,S3,高,,,验证,需进一步验证,Git
backups/code_before_v06i_nav_crawl_20260706_162150/scripts/verify_platform_mvp_v1.py,8661,4086d31b1efffb737087354ee53335453e6a918e0f2b87b3f3cce51ec6a0c6e5,S3,高,,,验证,需进一步验证,Git
backups/code_before_v06i_nav_crawl_20260706_162150/scripts/verify_product_recovery_v1.py,11538,07753fee101023949baf6069b6ec22909e23470d6f76af16cd8a5be305a0b59f,S3,高,,,验证,需进一步验证,Git
backups/code_before_v06i_nav_crawl_20260706_162150/scripts/verify_product_usability_v1.py,9877,221c187efdb05a5d78935cf8f5b2f37b1b298eaef8293aed0913321c91061a3d,S3,高,,,验证,需进一步验证,Git
backups/code_before_v06i_nav_crawl_20260706_162150/scripts/verify_rbac_authorization_v1.py,21032,68642339faf4cbc5169488da0d193ee5ae4647df1d0f352eaf6f31d5a94cc82e,S3,高,,,验证,需进一步验证,Git
backups/code_before_v06i_nav_crawl_20260706_162150/scripts/verify_route_registry_v1.py,3528,1315eda8869364aa626fb544136936929709dc328f87aed560a6c85be7b931df,S3,高,,,验证,需进一步验证,Git
backups/code_before_v06i_nav_crawl_20260706_162150/scripts/verify_user_membership_link_v1.py,8620,53b03d43eb3379ff1e0d0a81d6b7ea5a7b820578680697f6439cef1d2e3948fd,S3,高,,,验证,需进一步验证,Git
backups/code_before_v06i_nav_crawl_20260706_162150/scripts/verify_v04c.py,4234,9286f29f1c462c9af68a5a001c7b2c5cf57e08a995c066576ece1151f9623d85,S3,高,,,验证,需进一步验证,Git
backups/code_before_v06i_nav_crawl_20260706_162150/scripts/verify_v04c1.py,10670,03883f776ca34036c0cd58148d5d6934a01ce05cad6f027026d1fc0c6191ae52,S3,高,,,验证,需进一步验证,Git
backups/code_before_v06i_nav_crawl_20260706_162150/scripts/verify_v04d.py,9470,108f31d2907a054a4e37b8f3f32e5d682653c8a783a4da50d050b5d62ed830f1,S3,高,,,验证,需进一步验证,Git
backups/code_before_v06i_nav_crawl_20260706_162150/scripts/verify_v04d3_batch_people.py,6260,ef09600d00a33ac3b8e1267787bbcc591f2dd5cb8c1b452b6dcdf4e6c8da3a1e,S3,高,,,验证,需进一步验证,Git
backups/code_before_v06i_nav_crawl_20260706_162150/scripts/verify_v04d4_links_and_review.py,9177,0c3391b50e87abe1ad0842d3de28618aa88c1105a49b0003b213e027b1335645,S3,高,,,验证,需进一步验证,Git
backups/code_before_v06i_nav_crawl_20260706_162150/scripts/verify_v04db.py,7222,3e73937a36a3c6e3473a31478ad2be621d83a2a9b392cf5a835c456e168d6a7e,S3,高,,,验证,需进一步验证,Git
backups/code_before_v06i_nav_crawl_20260706_162150/scripts/verify_v04d_search.py,2456,8e7988e39fdf2ad3b4eb8675a371ee6adf0dc9da4cc556a1713a58a530bb58ff,S3,高,,,验证,需进一步验证,Git
backups/code_before_v06i_nav_crawl_20260706_162150/scripts/verify_v04e.py,15729,8040d968aeeaf3f9d5e724e38876850860986749a1ae1798075a8bbfc127172f,S3,高,,,验证,需进一步验证,Git
backups/code_before_v06i_nav_crawl_20260706_162150/scripts/verify_v04f.py,12588,b090e78627dd56084acc9281e5a44862efa1af456d50d033f95360970fe50a16,S3,高,,,验证,需进一步验证,Git
backups/code_before_v06i_nav_crawl_20260706_162150/scripts/verify_v04g.py,10367,e33f37b46f29c34d7cf221c8399cfe4d07acb842f4ebd5194cba6150a1c6fffb,S3,高,,,验证,需进一步验证,Git
backups/code_before_v06i_nav_crawl_20260706_162150/scripts/verify_v04h.py,10037,14db72592b1c0b98722c9fc85fd993a7661e0cca1a3a6e4e49063fbd3493530b,S3,高,,,验证,需进一步验证,Git
backups/code_before_v06i_nav_crawl_20260706_162150/scripts/verify_v05a.py,7276,db7df7b67d5e15546e80300d3ff639b18c4c82e5cfbf341253e7da55ab92424c,S3,高,,,验证,需进一步验证,Git
backups/code_before_v06i_nav_crawl_20260706_162150/scripts/verify_v05b.py,8692,c97434449462ca8af734d8047d935dc6abefb8add1c708267858b551fd064269,S3,高,,,验证,需进一步验证,Git
backups/code_before_v06i_nav_crawl_20260706_162150/scripts/verify_v05c.py,9485,f17d11aa4fdd3e5bdd6c14e6ba65f5c463138ca43bee42965b58d28882f79b1d,S3,高,,,验证,需进一步验证,Git
backups/code_before_v06i_nav_crawl_20260706_162150/scripts/verify_v05d.py,17886,99cd4a5dd9eb0c95bc2400bfaf20186b79fd0bd18fc78e9fbb9c2fff3053a53f,S3,高,,,验证,需进一步验证,Git
backups/code_before_v06i_nav_crawl_20260706_162150/scripts/verify_v05e.py,10242,65d123be6532facc778613be7336651573eb63f05727c4997b43e993175b305e,S3,高,,,验证,需进一步验证,Git
backups/code_before_v06i_nav_crawl_20260706_162150/scripts/verify_v05f.py,8759,5f4b4fdc73bbb42bf0096eedcdf2efbfc1cdd8b5b4bf714e74e00ca46f75fe2b,S3,高,,,验证,需进一步验证,Git
backups/code_before_v06i_nav_crawl_20260706_162150/scripts/verify_v05g.py,11822,4099bd51c76186a93c060820b6430d4c4ff3c3f5494d5b3db96edb3d464a89cc,S3,高,,,验证,需进一步验证,Git
backups/code_before_v06i_nav_crawl_20260706_162150/scripts/verify_v05h.py,7841,44495c427710b872729442023fdf906e746d34c38bca990a4d8bcd9f6bd2830a,S3,高,,,验证,需进一步验证,Git
backups/code_before_v06i_nav_crawl_20260706_162150/scripts/verify_v05i.py,5305,66f13fba1a283b94f95139292a8bdaeeff747fb74557653af0e63a84e27d318c,S3,高,,,验证,需进一步验证,Git
backups/code_before_v06i_nav_crawl_20260706_162150/scripts/verify_v05j.py,8832,6e33fc6512ad205baf6415c1109de1846e3dd0b7d5b8c46dc28dce44f615f1be,S3,高,,,验证,需进一步验证,Git
backups/code_before_v06i_nav_crawl_20260706_162150/scripts/verify_v05kl.py,7298,54eacca47c3b38cd9878a6a3a95335ed3428ea97679050aaf5fe810d24f71e9a,S3,高,,,验证,需进一步验证,Git
backups/code_before_v06i_nav_crawl_20260706_162150/scripts/verify_v05m.py,5394,4f2d72353ddf00f11f3e9509cbb917fcb813037e04276c8ec61c51b11232b732,S3,高,,,验证,需进一步验证,Git
backups/code_before_v06i_nav_crawl_20260706_162150/app/platform/capability_registry.py,16007,860cea1744f42d0ec0d2838f0f7d62556d1d36036d27377fd7558e7b2ccd7a80,S3,高,,,验证,需进一步验证,Git
backups/code_before_v06i_nav_crawl_20260706_162150/app/services/navigation_service.py,6190,15de983b2fd939583777cae7cbba7f6aff8e6d26c90f05e8617528b88e3eeeef,S3,高,,,验证,需进一步验证,Git
backups/code_before_v06i_nav_crawl_20260706_162150/app/services/product_recovery_service.py,6864,fbe08452e649b83168e700b437aa62ad02b5b25b3ea69e10755e2efadee3af55,S3,高,,,验证,需进一步验证,Git
backups/code_before_v06i_nav_crawl_20260706_162150/app/static/platform.css,25742,02591f85b5f90873b67402dc09eabd8312c57e9e84486292ed6d6844f8a3741a,S3,高,,,验证,需进一步验证,Git
backups/code_before_v06i_nav_crawl_20260706_162150/app/templates/v04c_review_queue.html,7134,5115a8499cfa44a0bc6b434b512d37235b71e750b98e83036432067e2e2510e0,S3,高,,,验证,需进一步验证,Git
backups/code_before_v06i_nav_crawl_20260706_162150/app/templates/v05f_collection.html,9681,4c6e67684b6e36b5d6942de44b1615735b08e0f08d448bfa944e9d342838d7e7,S3,高,,,验证,需进一步验证,Git
backups/code_before_v06i_nav_crawl_20260706_162150/app/templates/v05g_processing.html,11465,25a11cffb48721654c4b5712ae35c88c5bfb515a17c5a1b93ec0104367070407,S3,高,,,验证,需进一步验证,Git
backups/code_before_v06i_nav_crawl_20260706_162150/app/templates/platform/admin.html,7264,4602fe6b1b08e404d3ff3347db2fc1917ce145e8f6a1ab43e2b8092a138ab0d5,S3,高,,,验证,需进一步验证,Git
backups/code_before_v06i_nav_crawl_20260706_162150/app/templates/platform/admin_intelligence.html,3143,830344dd49b92bc3f48dac8cea9e20203b48066a87407281a8c4590dbf29bd57,S3,高,,,验证,需进一步验证,Git
backups/code_before_v06i_nav_crawl_20260706_162150/app/templates/platform/admin_organizations.html,6976,7eb46743c72ffcc77b6abca9a072db440bc5de7f6ef1517f95d2926f0e0215d4,S3,高,,,验证,需进一步验证,Git
backups/code_before_v06i_nav_crawl_20260706_162150/app/templates/platform/admin_people.html,6797,14fe53b1c545308ae4c679a86d5b6d427e77c329202b221724029c9f6db13d26,S3,高,,,验证,需进一步验证,Git
backups/code_before_v06i_nav_crawl_20260706_162150/app/templates/platform/base.html,375,f548ceeda6feb1bc888a6394e755ebedc55cfaef968215e710edd6d706d9bd82,S3,高,,,验证,需进一步验证,Git
backups/code_before_v06i_nav_crawl_20260706_162150/app/templates/platform/data_integrity.html,2778,9655acbe8b52d0051f8811312dc7b44254c6c4e50fb3f6c2fb61a482358df8c6,S3,高,,,验证,需进一步验证,Git
backups/code_before_v06i_nav_crawl_20260706_162150/app/templates/platform/error_403.html,1601,350ace38b9f966c624e005f9759dc01fe627450433e06427b794982486bdcac7,S3,高,,,验证,需进一步验证,Git
backups/code_before_v06i_nav_crawl_20260706_162150/app/templates/platform/error_404.html,1602,5feb8ede4ca5ad8c6cefd1585a46638fc4c4846754369bb906156857bf750012,S3,高,,,验证,需进一步验证,Git
backups/code_before_v06i_nav_crawl_20260706_162150/app/templates/platform/error_500.html,1622,42f2f06a6d703e1f7c620d1e6e72e07f8d4de9fdc63bd4180d329f9897bcb108,S3,高,,,验证,需进一步验证,Git
backups/code_before_v06i_nav_crawl_20260706_162150/app/templates/platform/home.html,3235,d8f8072aa44ac00f526d22217923561b502ed8b2d46bff9e0369048b7e2cbf34,S3,高,,,验证,需进一步验证,Git
backups/code_before_v06i_nav_crawl_20260706_162150/app/templates/platform/identity.html,8796,ff35a574a06601e4b0b8d73dcd63f3fb9007cded7f28f953bf22dcb34b0ad721,S3,高,,,验证,需进一步验证,Git
backups/code_before_v06i_nav_crawl_20260706_162150/app/templates/platform/intelligence.html,3058,52f1f8b7d9e1d8a06ce248ffdd3ec53df8e638f498fc6f20ab9a001b19ba932b,S3,高,,,验证,需进一步验证,Git
backups/code_before_v06i_nav_crawl_20260706_162150/app/templates/platform/intelligence_detail.html,1772,a0bb7003ad33676e7561ff3bc5e3c702eca5532268174ef486e6dbf9750ca663,S3,高,,,验证,需进一步验证,Git
backups/code_before_v06i_nav_crawl_20260706_162150/app/templates/platform/intelligence_operations.html,7613,3ea50f64f7a1a8952d952887ae3313addb438c198b4395b47008ebc1d7b711d4,S3,高,,,验证,需进一步验证,Git
backups/code_before_v06i_nav_crawl_20260706_162150/app/templates/platform/network.html,1860,a13fad56cd3a9a9d5534bb9d211b3ee74182e3162761d99388e83a4e0abfd9d3,S3,高,,,验证,需进一步验证,Git
backups/code_before_v06i_nav_crawl_20260706_162150/app/templates/platform/opportunities.html,3071,047a4fab281f4726aca2d2ae75e50c97de7b60dbee3162d6156489466ab9829a,S3,高,,,验证,需进一步验证,Git
backups/code_before_v06i_nav_crawl_20260706_162150/app/templates/platform/opportunity_detail.html,4819,1534063bf263b254e849cb64f8947c9c0c8ff8afa313d5d4fc38bda882113fd7,S3,高,,,验证,需进一步验证,Git
backups/code_before_v06i_nav_crawl_20260706_162150/app/templates/platform/organizations.html,2799,447ca5d9326808e904f975e878ef0fc6e0d0148672177a7cc579c6c88bd7780e,S3,高,,,验证,需进一步验证,Git
backups/code_before_v06i_nav_crawl_20260706_162150/app/templates/platform/people_discovery.html,4930,932a50bb4068eeb81da677a9fbb3d61399296189357d20f72b8c7c0d6d08d880,S3,高,,,验证,需进一步验证,Git
backups/code_before_v06i_nav_crawl_20260706_162150/app/templates/platform/person_card.html,5401,cace696fd6b995c68d9bf65b0da79a5018606892c86c8dd87738c0b5d141f89c,S3,高,,,验证,需进一步验证,Git
backups/code_before_v06i_nav_crawl_20260706_162150/app/templates/platform/resources.html,2937,267a893655b1fc8d7854ee431b4d733e5b7f86b0e8995f8a8f5b940005bd45f3,S3,高,,,验证,需进一步验证,Git
backups/code_before_v06i_nav_crawl_20260706_162150/app/templates/platform/resource_detail.html,4409,b43b771be483576f1d6a33afab10a0b72e55192ad07971d86ad95c96566605fa,S3,高,,,验证,需进一步验证,Git
backups/code_before_v06i_nav_crawl_20260706_162150/app/templates/platform/resource_form.html,3719,bf715d4fdb1098f121f846ed3e92d5d78065276eb620e907013542ae55a98071,S3,高,,,验证,需进一步验证,Git
backups/code_before_v06i_nav_crawl_20260706_162150/app/templates/platform/search_results.html,2475,396a562be05eb76783ef8297e1c2fa3396f0d856334b495a077285b2f567fef4,S3,高,,,验证,需进一步验证,Git
backups/code_before_v06i_nav_crawl_20260706_162150/app/templates/platform/subscriptions.html,3163,ad36c90ec10944e598c8a53730cbb5dcacd65e6d02818b476d02fa3e50403143,S3,高,,,验证,需进一步验证,Git
backups/code_before_v06i_nav_crawl_20260706_162150/app/templates/platform/workspace.html,3732,dbb7e0ac70a8cfd4fd6112ae22343b5546bc5e2ade906f85af5f4167b4223050,S3,高,,,验证,需进一步验证,Git
backups/code_before_v06i_intelligence_20260706_151858/scripts/apply_direct_route_fix.py,6927,8c2706a1a2fee897eebf4e2ca9299ccd83faf4cc513e1cb9fcff1b389a0f89c6,S3,高,,,验证,需进一步验证,Git
backups/code_before_v06i_intelligence_20260706_151858/scripts/apply_v03b.py,3341,045d3068e401c6c5cdbcd36d142a84de123416f3228b8cb75c4ad234f1c22d20,S3,高,,,验证,需进一步验证,Git
backups/code_before_v06i_intelligence_20260706_151858/scripts/apply_v03c.py,1883,f04db1cd26157fe8f4852511303e5e89f3dc37fd239b785f160368dc66360eab,S3,高,,,验证,需进一步验证,Git
backups/code_before_v06i_intelligence_20260706_151858/scripts/apply_v04a.py,2324,bf2bcd1da07fa0025a7fea8833317c26ce7440b8ebbf089f9387ce79fe6cf47b,S3,高,,,验证,需进一步验证,Git
backups/code_before_v06i_intelligence_20260706_151858/scripts/apply_v04b.py,4843,612588fe994e208ecbda53fc6e88ae2ba0b9f6c41d39a9341176a5950a10f4eb,S3,高,,,验证,需进一步验证,Git
backups/code_before_v06i_intelligence_20260706_151858/scripts/audit_foreign_keys_v1.py,5000,726f56b62eb9d4b2223578bcdc8b9209e7858609f1492ce593ebad5ed51f214c,S3,高,,,验证,需进一步验证,Git
backups/code_before_v06i_intelligence_20260706_151858/scripts/audit_suspicious_entities.py,2874,47574779f9700e822fc07af6adf8de1c93959fa84036c7959b0110f67f6e7481,S3,高,,,验证,需进一步验证,Git
backups/code_before_v06i_intelligence_20260706_151858/scripts/backup_database.py,441,7d4c4a96ad99a23218cf6b6423d222cb9d6f09bd9b6e9aa0a870f2cc68051d6f,S3,高,,,验证,需进一步验证,Git
backups/code_before_v06i_intelligence_20260706_151858/scripts/build_release_v1.py,2760,8f799bb0f223018c0cd7b75c5814f7f6431fe615ee567d8b88cd5d750d9ccc1a,S3,高,,,验证,需进一步验证,Git
backups/code_before_v06i_intelligence_20260706_151858/scripts/check_all_templates.py,1272,3f55df52b07470d85bfb886677cad26e39501d6b65164f1d146a0ef76dec0424,S3,高,,,验证,需进一步验证,Git
backups/code_before_v06i_intelligence_20260706_151858/scripts/check_database_config_v1.py,1144,06d16fa0348e7240a1641f8df51406566440dbc4267da2c3c044d74b73aef775,S3,高,,,验证,需进一步验证,Git
backups/code_before_v06i_intelligence_20260706_151858/scripts/check_mojibake.py,3547,0518a9d9efe71057405fadd73037e6c078297e4827b014bf77e48339d7974461,S3,高,,,验证,需进一步验证,Git
backups/code_before_v06i_intelligence_20260706_151858/scripts/check_seed_data.py,722,d4658dfbe28f8ecfa9ad0e74ad582245845de9834246bc2cc9cd16369cf0c748,S3,高,,,验证,需进一步验证,Git
backups/code_before_v06i_intelligence_20260706_151858/scripts/check_user_visible_english.py,4166,53a5240bee5347a6dba1e1ad0961513579d6352cc33465789ae2869fd72dca7e,S3,高,,,验证,需进一步验证,Git
backups/code_before_v06i_intelligence_20260706_151858/scripts/cleanup_identity_test_accounts.py,4024,4fe708b0c075ca8d7a096f7b6f3b3bd8de7f6c8a6d90d767dc217c8379312026,S3,高,,,验证,需进一步验证,Git
backups/code_before_v06i_intelligence_20260706_151858/scripts/cleanup_test_data.py,751,d77a16161efc8a94d8b277705a9790858b2d843684bb0cd1cf2a973678493a18,S3,高,,,验证,需进一步验证,Git
backups/code_before_v06i_intelligence_20260706_151858/scripts/collect_v04d_context.py,8342,906b95e168dacfe40a4469bdda0e21c38fc4ffe7b0eadaed47f4a1b22c1be3ef,S3,高,,,验证,需进一步验证,Git
backups/code_before_v06i_intelligence_20260706_151858/scripts/create_identity_test_accounts.py,3790,f9fbe362a6a26ab8203ebb793111e0cc2cbfb035347190e8c016d6ebebc322fa,S3,高,,,验证,需进一步验证,Git
backups/code_before_v06i_intelligence_20260706_151858/scripts/export_database.py,1109,42760ca5317c752dc84a0a0daefb8976faf4f3abc9855b36ea65d4da9dde37b0,S3,高,,,验证,需进一步验证,Git
backups/code_before_v06i_intelligence_20260706_151858/scripts/generate_historical_signals.py,852,4a4247bdcbeacb9911a7af036f637ed1964d96f6fdacb22074a87352d3d3dafb,S3,高,,,验证,需进一步验证,Git
backups/code_before_v06i_intelligence_20260706_151858/scripts/import_seed_data.py,6323,812c4b7a736c5e6f98d601d076613ed74cba8d15ae1db7df73d2e0e4f9770997,S3,高,,,验证,需进一步验证,Git
backups/code_before_v06i_intelligence_20260706_151858/scripts/init_database.py,359,d2045ce6cbe032f4973be34a33a3d51a913856230e05e5ce6231fee44488f692,S3,高,,,验证,需进一步验证,Git
backups/code_before_v06i_intelligence_20260706_151858/scripts/migrate_all.py,4694,64e3943206f6752f18e395d14d28de3eb817bfe0f03c3f1df62168f072a0e059,S3,高,,,验证,需进一步验证,Git
backups/code_before_v06i_intelligence_20260706_151858/scripts/migrate_domain_consolidation_v1.py,4876,ebae20c78798087f0a82ac571e2e8ad58ae754062b74a3446bc6a3f49606ec9e,S3,高,,,验证,需进一步验证,Git
backups/code_before_v06i_intelligence_20260706_151858/scripts/migrate_identity_link_v1.py,1194,70bf76059fad3568333cb568e7c72c3936d2cb1484c99e02a8b01135f64b717a,S3,高,,,验证,需进一步验证,Git
backups/code_before_v06i_intelligence_20260706_151858/scripts/migrate_membership_person_link_v1.py,6012,c8a18e5ca69927da3aa4385462da086bf1296d9336924025ecbab4b7a51a473f,S3,高,,,验证,需进一步验证,Git
backups/code_before_v06i_intelligence_20260706_151858/scripts/migrate_organization_core_v1.py,8891,7bd482e34d3825fc67f3546405f13135818c572955a73b7dd0bd2a1f9f7d7a09,S3,高,,,验证,需进一步验证,Git
backups/code_before_v06i_intelligence_20260706_151858/scripts/migrate_platform_mvp_v1.py,12181,1dbd655c21e6d2933c42da94eadb7853a66751e8468336a4309793d058712b6c,S3,高,,,验证,需进一步验证,Git
backups/code_before_v06i_intelligence_20260706_151858/scripts/migrate_rbac_core_v1.py,11206,1a938f1af70d7dd3d282b1316e7c78feb25323a122c9d4f7226bdf955d6072b3,S3,高,,,验证,需进一步验证,Git
backups/code_before_v06i_intelligence_20260706_151858/scripts/migrate_sqlite_to_postgres.py,1713,b1d93a719ba0340e3af2d169dab61024da916ab02a0524b5f763ec3dca094a1d,S3,高,,,验证,需进一步验证,Git
backups/code_before_v06i_intelligence_20260706_151858/scripts/migrate_user_membership_link_v1.py,3826,d51ee2abe7ff9d971c5d9427d6816e97068888eb1baeab8f024360a24710ade2,S3,高,,,验证,需进一步验证,Git
backups/code_before_v06i_intelligence_20260706_151858/scripts/migrate_v04c.py,1516,3fa26c94bd0093e2ef6999fe79996190b12599e1e6349ca7eac795bf17e89e0e,S3,高,,,验证,需进一步验证,Git
backups/code_before_v06i_intelligence_20260706_151858/scripts/migrate_v04c1.py,1080,451005888ea0bb76037904f731fac1f22b190d29ca429f97962321a3d7daffcf,S3,高,,,验证,需进一步验证,Git
backups/code_before_v06i_intelligence_20260706_151858/scripts/migrate_v04d.py,1582,7410b1e7493a38219aa4ddb6d7f098912caedf8895d9e44abe0a73fe088fb655,S3,高,,,验证,需进一步验证,Git
backups/code_before_v06i_intelligence_20260706_151858/scripts/migrate_v04db.py,1856,d9c575895e1169adc33b2aa625c6f0fbfe4736f173c827e6faf0682768ad5c0c,S3,高,,,验证,需进一步验证,Git
backups/code_before_v06i_intelligence_20260706_151858/scripts/migrate_v04e.py,1449,86c70a86881b63bd9a34025a9f92b85442006098c415e52b33ae2458e73df512,S3,高,,,验证,需进一步验证,Git
backups/code_before_v06i_intelligence_20260706_151858/scripts/migrate_v04f.py,7160,4fbeaaab8958b03c6186f40b8ba1b092b5bd848303f6d4854610086cd90bf0d2,S3,高,,,验证,需进一步验证,Git
backups/code_before_v06i_intelligence_20260706_151858/scripts/migrate_v04g.py,6453,dd7f55754cdf4829d4aca1239d2bdbe0952bd2ec642322cd06efb58697065e6c,S3,高,,,验证,需进一步验证,Git
backups/code_before_v06i_intelligence_20260706_151858/scripts/migrate_v04h.py,3435,a4a1a64ea76d8f438b98e4de7b65a8e64d3935a59d3b725d05eda3fcd7abdedb,S3,高,,,验证,需进一步验证,Git
backups/code_before_v06i_intelligence_20260706_151858/scripts/migrate_v05a.py,1306,6a1904b4687125a62e202bfb65b5913cd90184480ab1ef30235f7f96e836f1a6,S3,高,,,验证,需进一步验证,Git
backups/code_before_v06i_intelligence_20260706_151858/scripts/migrate_v05b.py,5859,ec7e55205b5d02d9559301d0aed7dfceee71939c05fc366e99c80a58d4863c7b,S3,高,,,验证,需进一步验证,Git
backups/code_before_v06i_intelligence_20260706_151858/scripts/migrate_v05c.py,6453,74c75ba44fc76c740184e1413854f16034489cec3a9214e98777c4a77874620c,S3,高,,,验证,需进一步验证,Git
backups/code_before_v06i_intelligence_20260706_151858/scripts/migrate_v05d.py,9150,9deec830331122d54e8b8fc3d73f5f835bdde5d4b53ba03d70c2b02235fcd88d,S3,高,,,验证,需进一步验证,Git
backups/code_before_v06i_intelligence_20260706_151858/scripts/migrate_v05e.py,4540,886bb21eb004d87080e6f03b3b3c0f236e538dcc633b1512ee2f2393e5af2c10,S3,高,,,验证,需进一步验证,Git
backups/code_before_v06i_intelligence_20260706_151858/scripts/migrate_v05f.py,10325,3e6305a3731335ab352bfa87142a9bc5fce3669eeffd2621f4e30f25a6dd1d05,S3,高,,,验证,需进一步验证,Git
backups/code_before_v06i_intelligence_20260706_151858/scripts/migrate_v05g.py,9077,bd49e499a9ddf91fd5b9fdc5a7868416a3ad3c879cc8682f7881fafbf2a9e07c,S3,高,,,验证,需进一步验证,Git
backups/code_before_v06i_intelligence_20260706_151858/scripts/migrate_v05h.py,9021,16d55292f7f6cf274a5617dd230ec6126e73add4d5a01a3ec4cb48b79a28b0ec,S3,高,,,验证,需进一步验证,Git
backups/code_before_v06i_intelligence_20260706_151858/scripts/migrate_v05i.py,5950,8e9528695bd33aedde715bd6b31576fbc771b2a7a8ab3068c410d93ea4f340d5,S3,高,,,验证,需进一步验证,Git
backups/code_before_v06i_intelligence_20260706_151858/scripts/migrate_v05j.py,5743,99878f2d157f80163bcfeb22494bca8c99a75a3cfdb20f0c11b9afb3b52f90c9,S3,高,,,验证,需进一步验证,Git
backups/code_before_v06i_intelligence_20260706_151858/scripts/migrate_v05kl.py,9825,42a34834a2eece12e751e4604bb00253709e4703f3e61d4f79b165d42edb99e4,S3,高,,,验证,需进一步验证,Git
backups/code_before_v06i_intelligence_20260706_151858/scripts/pilot_real_sources.py,4955,9a8eff704c666d52c2628fd072cf18b449bdfa2bf2fdefd6993ffd42cb050aea,S3,高,,,验证,需进一步验证,Git
backups/code_before_v06i_intelligence_20260706_151858/scripts/queue_historical_processing.py,1916,a6591bae009d81a31bbf11b5805297806f2fefdc5da90be4a9a484bdd57ad690,S3,高,,,验证,需进一步验证,Git
backups/code_before_v06i_intelligence_20260706_151858/scripts/refresh_v04h_recommendations.py,829,d418280295ddea172197eb8c5c62717001d5be1602cef815086f3ae6345aa65d,S3,高,,,验证,需进一步验证,Git
backups/code_before_v06i_intelligence_20260706_151858/scripts/repair_remaining_foreign_keys_v1.py,3029,bbeb1ed16b0d98ad7aab3fc92d8b5e2927cfd26f92c61dda0e62edadff746731,S3,高,,,验证,需进一步验证,Git
backups/code_before_v06i_intelligence_20260706_151858/scripts/report_membership_person_candidates.py,4177,979ba3ac5eb33c74e8c0d098e90fe0a1e6132e99b57870452e4eb02121b62948,S3,高,,,验证,需进一步验证,Git
backups/code_before_v06i_intelligence_20260706_151858/scripts/report_user_membership_candidates.py,4505,79b3f40f73c4ffc5d1909eddc3b64df9abeb2c09b6944ba85c054b6656238590,S3,高,,,验证,需进一步验证,Git
backups/code_before_v06i_intelligence_20260706_151858/scripts/restore_backup.py,1496,5d6cf330bb19c7167b65378b1a2b18de4485371b4eefc2d8f157aa6c15dd969b,S3,高,,,验证,需进一步验证,Git
backups/code_before_v06i_intelligence_20260706_151858/scripts/run_collection_worker.py,1723,fb9b8a1d6555c29c665d9da6f93d231f9c59e500728079e425e3b64c1f7d65a1,S3,高,,,验证,需进一步验证,Git
backups/code_before_v06i_intelligence_20260706_151858/scripts/run_monitoring_once.py,1350,a716d0c31ed3268d95a64085f6226ec233944539a7fe9737f62226eda6e4fb1f,S3,高,,,验证,需进一步验证,Git
backups/code_before_v06i_intelligence_20260706_151858/scripts/run_operational_pilot.py,1792,6087fda987e729f1678c48e9af580c545e34af92131229008b8c33d96da3aa44,S3,高,,,验证,需进一步验证,Git
backups/code_before_v06i_intelligence_20260706_151858/scripts/run_pipeline_worker.py,2131,d91045d6bdb9e82ac9535b5ca700e9a53c6719c624bf46a2a25c73f59c943687,S3,高,,,验证,需进一步验证,Git
backups/code_before_v06i_intelligence_20260706_151858/scripts/run_processing_worker.py,2252,bc8a6701c299c4daf1fea700c478a0d7df26db59cdea69efb711ae344a58a89c,S3,高,,,验证,需进一步验证,Git
backups/code_before_v06i_intelligence_20260706_151858/scripts/run_report_worker.py,1236,9548b98bbad4ed08d80d4a8fe6405c9df7cc947fdfa350899ab12f1cbdbb2902,S3,高,,,验证,需进一步验证,Git
backups/code_before_v06i_intelligence_20260706_151858/scripts/run_scheduler.py,2230,c96e3d829e796c291d877d1d779e8650a3301dc5ba2a625b95c0c5d0cca6c94d,S3,高,,,验证,需进一步验证,Git
backups/code_before_v06i_intelligence_20260706_151858/scripts/run_signal_worker.py,785,ebdd12d15424e67a758ab0428c5dcef602d771daa0fc80dca02578596c268178,S3,高,,,验证,需进一步验证,Git
backups/code_before_v06i_intelligence_20260706_151858/scripts/run_worker.py,2410,e7397aac33256f707fe65c40693260347b42bd54931f7e09d2fe270d4bc906b9,S3,高,,,验证,需进一步验证,Git
backups/code_before_v06i_intelligence_20260706_151858/scripts/seed_demo_platform_v1.py,27807,b6915423af58ebc4f0495348536868211b6b4181341da11b90134807841f4e47,S3,高,,,验证,需进一步验证,Git
backups/code_before_v06i_intelligence_20260706_151858/scripts/seed_v04c1_demo.py,3780,749aed26faecbea236db2576415d63e0a041321a159d9925a7aeb48b2e833805,S3,高,,,验证,需进一步验证,Git
backups/code_before_v06i_intelligence_20260706_151858/scripts/seed_v04c_demo.py,2513,513b4bba0c1873afb7a388fcfc020d34284da24c9f5fe568971a53899bb0e41e,S3,高,,,验证,需进一步验证,Git
backups/code_before_v06i_intelligence_20260706_151858/scripts/seed_v04db_demo.py,1356,8ebaa1661e9a43e7c68b434bce7661c9bcd006f7fc2484b56c4f13fa106f773c,S3,高,,,验证,需进一步验证,Git
backups/code_before_v06i_intelligence_20260706_151858/scripts/seed_v04d_demo.py,4100,c52b61c1c17484cd4f00057b955d57e3a09dbaabdda29264c8e0a1d51e81da8e,S3,高,,,验证,需进一步验证,Git
backups/code_before_v06i_intelligence_20260706_151858/scripts/seed_v04e_demo.py,2055,97585d81631e8eba3926fee88245719eafe165b9833d58333cfdc574eb6c6c0e,S3,高,,,验证,需进一步验证,Git
backups/code_before_v06i_intelligence_20260706_151858/scripts/self_check.py,2368,e0015ba9c6b3624f8c147d27e3c11d1f9958b23aff71bedce267c933ac274c8d,S3,高,,,验证,需进一步验证,Git
backups/code_before_v06i_intelligence_20260706_151858/scripts/self_check_v03c.py,450,b06561ab60308650378353da1a751b9c2bb8f4310109a6001674290933b06dd7,S3,高,,,验证,需进一步验证,Git
backups/code_before_v06i_intelligence_20260706_151858/scripts/self_check_v04a.py,1066,9edd27fcaabe4dfb3b3b55647cfb43ef59d6b263e97c2a019c923ed48f81f04a,S3,高,,,验证,需进一步验证,Git
backups/code_before_v06i_intelligence_20260706_151858/scripts/test_db_utils.py,2987,d4a5a5a139edcd1dd7ef7926fe4f5256fe525754f43304f2db56b28d54e93353,S3,高,,,验证,需进一步验证,Git
backups/code_before_v06i_intelligence_20260706_151858/scripts/test_entity_analyzer.py,974,2aaf9fee49d98a588731ab3dc2be20d0cd536abfdf47d0a4dd8670f8eddb3307,S3,高,,,验证,需进一步验证,Git
backups/code_before_v06i_intelligence_20260706_151858/scripts/test_paste_analyzer.py,1023,4e6d90b709089376fc1c35af23cbf6a2459af12efd914380b2179b4f13a73f8f,S3,高,,,验证,需进一步验证,Git
backups/code_before_v06i_intelligence_20260706_151858/scripts/test_web_extractor.py,627,95863733c0cb1c7afdd4c595c1a29af898422bc670d038128085838662a14387,S3,高,,,验证,需进一步验证,Git
backups/code_before_v06i_intelligence_20260706_151858/scripts/verify_all.py,9257,62049a9ad4791aa82e5b0b7e9427285de799f2dd097eecbd050c882775916e10,S3,高,,,验证,需进一步验证,Git
backups/code_before_v06i_intelligence_20260706_151858/scripts/verify_backup_restore.py,1618,661d5c4c3322e8a104f4ad111567c8624b5d12f176c2014450010ce3fe51593b,S3,高,,,验证,需进一步验证,Git
backups/code_before_v06i_intelligence_20260706_151858/scripts/verify_core_pages.py,2474,73f19873dd832a11e56ee97af5ec6929495ebb9b21e641ea4dbbaa96b2ef896c,S3,高,,,验证,需进一步验证,Git
backups/code_before_v06i_intelligence_20260706_151858/scripts/verify_data_integrity_workflow_v1.py,3852,2e9d70e114f1b4587d386c58d15d1ddf9eccebe60f8ce4f6ca42c5347f56b5ea,S3,高,,,验证,需进一步验证,Git
backups/code_before_v06i_intelligence_20260706_151858/scripts/verify_domain_consolidation_v1.py,2174,6146b8028532d3329b25378421fa0340e77eb5a603f605195ea225b4db7361ad,S3,高,,,验证,需进一步验证,Git
backups/code_before_v06i_intelligence_20260706_151858/scripts/verify_identity_link_e2e.py,12315,883ad410a2d678828ad978492186b08f9ee0d89ef1d67b6f507e37a0d62cdf84,S3,高,,,验证,需进一步验证,Git
backups/code_before_v06i_intelligence_20260706_151858/scripts/verify_identity_link_v1.py,7135,4489dd02ac1b784a3821973b0f8b48bd2ee70175e3f0066ee2799c202c89c1ce,S3,高,,,验证,需进一步验证,Git
backups/code_before_v06i_intelligence_20260706_151858/scripts/verify_identity_membership_access_v1.py,11614,c483450c315f1f7cfa2221a96582ee70343d468e26140b386d31f95b42fc5faf,S3,高,,,验证,需进一步验证,Git
backups/code_before_v06i_intelligence_20260706_151858/scripts/verify_intelligence_full_chain.py,9189,fe43737fef80f426e2da1d0f31be3d1b9ed385a621f0ffba9b474b32438337e3,S3,高,,,验证,需进一步验证,Git
backups/code_before_v06i_intelligence_20260706_151858/scripts/verify_manual_ingestion.py,3184,38aac056ae65ac04f09e286c601f76b04760c2b9aae8734c43050ccde5e07295,S3,高,,,验证,需进一步验证,Git
backups/code_before_v06i_intelligence_20260706_151858/scripts/verify_membership_access_scope_v1.py,6657,6633fec869a0e661140ad8b0bb616c12704c1c98614bba3500c10cf8f029139b,S3,高,,,验证,需进一步验证,Git
backups/code_before_v06i_intelligence_20260706_151858/scripts/verify_membership_person_link_ui_v1.py,13218,ad597c60a864983a8c57420e332f301bf34fc38be60e704b4e75376b279f4be5,S3,高,,,验证,需进一步验证,Git
backups/code_before_v06i_intelligence_20260706_151858/scripts/verify_membership_person_link_v1.py,12098,1ae407eb669da16b6dc183335215f8ffcfed9e3af12529be5d409a1a9a170d13,S3,高,,,验证,需进一步验证,Git
backups/code_before_v06i_intelligence_20260706_151858/scripts/verify_navigation_product_shell_v1.py,4462,6975196312a2a00bf728995f1e97a5494ba77dc9671ce239b9a505d30deb4c4d,S3,高,,,验证,需进一步验证,Git
backups/code_before_v06i_intelligence_20260706_151858/scripts/verify_organization_core_v1.py,14513,c67b8c941b4f21c4ba8b46d02a392ee7304930f7d3616a85fad7f686c14a6332,S3,高,,,验证,需进一步验证,Git
backups/code_before_v06i_intelligence_20260706_151858/scripts/verify_p0_stability_v1.py,3588,dc83a063689fccd86cc699bb083b2602492fcf2119d144d451a7c9126863b831,S3,高,,,验证,需进一步验证,Git
backups/code_before_v06i_intelligence_20260706_151858/scripts/verify_platform_integration_v1.py,6027,4532b9dc03411fbd7e7c533b53f1b2849101b85e82fdb0ffff022d795a8e6b94,S3,高,,,验证,需进一步验证,Git
backups/code_before_v06i_intelligence_20260706_151858/scripts/verify_platform_mvp_v1.py,8661,4086d31b1efffb737087354ee53335453e6a918e0f2b87b3f3cce51ec6a0c6e5,S3,高,,,验证,需进一步验证,Git
backups/code_before_v06i_intelligence_20260706_151858/scripts/verify_product_recovery_v1.py,11538,07753fee101023949baf6069b6ec22909e23470d6f76af16cd8a5be305a0b59f,S3,高,,,验证,需进一步验证,Git
backups/code_before_v06i_intelligence_20260706_151858/scripts/verify_product_usability_v1.py,9877,221c187efdb05a5d78935cf8f5b2f37b1b298eaef8293aed0913321c91061a3d,S3,高,,,验证,需进一步验证,Git
backups/code_before_v06i_intelligence_20260706_151858/scripts/verify_rbac_authorization_v1.py,21032,68642339faf4cbc5169488da0d193ee5ae4647df1d0f352eaf6f31d5a94cc82e,S3,高,,,验证,需进一步验证,Git
backups/code_before_v06i_intelligence_20260706_151858/scripts/verify_route_registry_v1.py,3528,1315eda8869364aa626fb544136936929709dc328f87aed560a6c85be7b931df,S3,高,,,验证,需进一步验证,Git
backups/code_before_v06i_intelligence_20260706_151858/scripts/verify_user_membership_link_v1.py,8620,53b03d43eb3379ff1e0d0a81d6b7ea5a7b820578680697f6439cef1d2e3948fd,S3,高,,,验证,需进一步验证,Git
backups/code_before_v06i_intelligence_20260706_151858/scripts/verify_v04c.py,4234,9286f29f1c462c9af68a5a001c7b2c5cf57e08a995c066576ece1151f9623d85,S3,高,,,验证,需进一步验证,Git
backups/code_before_v06i_intelligence_20260706_151858/scripts/verify_v04c1.py,10670,03883f776ca34036c0cd58148d5d6934a01ce05cad6f027026d1fc0c6191ae52,S3,高,,,验证,需进一步验证,Git
backups/code_before_v06i_intelligence_20260706_151858/scripts/verify_v04d.py,9470,108f31d2907a054a4e37b8f3f32e5d682653c8a783a4da50d050b5d62ed830f1,S3,高,,,验证,需进一步验证,Git
backups/code_before_v06i_intelligence_20260706_151858/scripts/verify_v04d3_batch_people.py,6260,ef09600d00a33ac3b8e1267787bbcc591f2dd5cb8c1b452b6dcdf4e6c8da3a1e,S3,高,,,验证,需进一步验证,Git
backups/code_before_v06i_intelligence_20260706_151858/scripts/verify_v04d4_links_and_review.py,9177,0c3391b50e87abe1ad0842d3de28618aa88c1105a49b0003b213e027b1335645,S3,高,,,验证,需进一步验证,Git
backups/code_before_v06i_intelligence_20260706_151858/scripts/verify_v04db.py,7222,3e73937a36a3c6e3473a31478ad2be621d83a2a9b392cf5a835c456e168d6a7e,S3,高,,,验证,需进一步验证,Git
backups/code_before_v06i_intelligence_20260706_151858/scripts/verify_v04d_search.py,2456,8e7988e39fdf2ad3b4eb8675a371ee6adf0dc9da4cc556a1713a58a530bb58ff,S3,高,,,验证,需进一步验证,Git
backups/code_before_v06i_intelligence_20260706_151858/scripts/verify_v04e.py,15729,8040d968aeeaf3f9d5e724e38876850860986749a1ae1798075a8bbfc127172f,S3,高,,,验证,需进一步验证,Git
backups/code_before_v06i_intelligence_20260706_151858/scripts/verify_v04f.py,12588,b090e78627dd56084acc9281e5a44862efa1af456d50d033f95360970fe50a16,S3,高,,,验证,需进一步验证,Git
backups/code_before_v06i_intelligence_20260706_151858/scripts/verify_v04g.py,10367,e33f37b46f29c34d7cf221c8399cfe4d07acb842f4ebd5194cba6150a1c6fffb,S3,高,,,验证,需进一步验证,Git
backups/code_before_v06i_intelligence_20260706_151858/scripts/verify_v04h.py,10037,14db72592b1c0b98722c9fc85fd993a7661e0cca1a3a6e4e49063fbd3493530b,S3,高,,,验证,需进一步验证,Git
backups/code_before_v06i_intelligence_20260706_151858/scripts/verify_v05a.py,7276,db7df7b67d5e15546e80300d3ff639b18c4c82e5cfbf341253e7da55ab92424c,S3,高,,,验证,需进一步验证,Git
backups/code_before_v06i_intelligence_20260706_151858/scripts/verify_v05b.py,8692,c97434449462ca8af734d8047d935dc6abefb8add1c708267858b551fd064269,S3,高,,,验证,需进一步验证,Git
backups/code_before_v06i_intelligence_20260706_151858/scripts/verify_v05c.py,9485,f17d11aa4fdd3e5bdd6c14e6ba65f5c463138ca43bee42965b58d28882f79b1d,S3,高,,,验证,需进一步验证,Git
backups/code_before_v06i_intelligence_20260706_151858/scripts/verify_v05d.py,17886,99cd4a5dd9eb0c95bc2400bfaf20186b79fd0bd18fc78e9fbb9c2fff3053a53f,S3,高,,,验证,需进一步验证,Git
backups/code_before_v06i_intelligence_20260706_151858/scripts/verify_v05e.py,10242,65d123be6532facc778613be7336651573eb63f05727c4997b43e993175b305e,S3,高,,,验证,需进一步验证,Git
backups/code_before_v06i_intelligence_20260706_151858/scripts/verify_v05f.py,8759,5f4b4fdc73bbb42bf0096eedcdf2efbfc1cdd8b5b4bf714e74e00ca46f75fe2b,S3,高,,,验证,需进一步验证,Git
backups/code_before_v06i_intelligence_20260706_151858/scripts/verify_v05g.py,11822,4099bd51c76186a93c060820b6430d4c4ff3c3f5494d5b3db96edb3d464a89cc,S3,高,,,验证,需进一步验证,Git
backups/code_before_v06i_intelligence_20260706_151858/scripts/verify_v05h.py,7841,44495c427710b872729442023fdf906e746d34c38bca990a4d8bcd9f6bd2830a,S3,高,,,验证,需进一步验证,Git
backups/code_before_v06i_intelligence_20260706_151858/scripts/verify_v05i.py,5305,66f13fba1a283b94f95139292a8bdaeeff747fb74557653af0e63a84e27d318c,S3,高,,,验证,需进一步验证,Git
backups/code_before_v06i_intelligence_20260706_151858/scripts/verify_v05j.py,8832,6e33fc6512ad205baf6415c1109de1846e3dd0b7d5b8c46dc28dce44f615f1be,S3,高,,,验证,需进一步验证,Git
backups/code_before_v06i_intelligence_20260706_151858/scripts/verify_v05kl.py,7298,54eacca47c3b38cd9878a6a3a95335ed3428ea97679050aaf5fe810d24f71e9a,S3,高,,,验证,需进一步验证,Git
backups/code_before_v06i_intelligence_20260706_151858/scripts/verify_v05m.py,5394,4f2d72353ddf00f11f3e9509cbb917fcb813037e04276c8ec61c51b11232b732,S3,高,,,验证,需进一步验证,Git
backups/code_before_v06i_intelligence_20260706_151858/services/api_common.py,2940,73400a30f54dfeabb343c37aef3853a792c52b5baec9bb28c4086dcbf2d83f80,S3,高,,,验证,需进一步验证,Git
backups/code_before_v06i_intelligence_20260706_151858/services/api_subject_service.py,10647,e2228d5e3015cf9b115570c77b37bfea53af9e812b91638198b8b24b9c0d4a2c,S3,高,,,验证,需进一步验证,Git
backups/code_before_v06i_intelligence_20260706_151858/services/authorization_service.py,21455,afce00e1123f1d7247e1e8c9c325fce36df9fe5fa43f9f4ab1c843594ce4366d,S3,高,,,验证,需进一步验证,Git
backups/code_before_v06i_intelligence_20260706_151858/services/club_matching_service.py,2167,9d0bc84e3465a8845050aaf43c80c95b41665fda3c8348e5d6985bb807f9f3fe,S3,高,,,验证,需进一步验证,Git
backups/code_before_v06i_intelligence_20260706_151858/services/collection_service.py,42593,da9343f3b4c1c888fe2c1d4435d8bfad6ede978c7cf47cc1421b2f467abdabff,S3,高,,,验证,需进一步验证,Git
backups/code_before_v06i_intelligence_20260706_151858/services/dashboard_service.py,4917,a71d0f275b2dddf5866b92c9034a54b0c7399c37b5fea94ace9ddcf0cd4fc653,S3,高,,,验证,需进一步验证,Git
backups/code_before_v06i_intelligence_20260706_151858/services/data_integrity_service.py,10176,d8dce658bb2dac585460388c04d2808a621c582ed5d047444b0ea57b7b1d85c5,S3,高,,,验证,需进一步验证,Git
backups/code_before_v06i_intelligence_20260706_151858/services/data_quality.py,3800,73faaf5b37986d1d169506aa3d77cacf02f8a576eb9a5297ccbbbcc851ceb62b,S3,高,,,验证,需进一步验证,Git
backups/code_before_v06i_intelligence_20260706_151858/services/identity_link_service.py,16929,55830d738939f7ad6ebcb4115fee17a5da788697b835336ada8f49e3b2b394f8,S3,高,,,验证,需进一步验证,Git
backups/code_before_v06i_intelligence_20260706_151858/services/id_generator.py,1311,949187b0ab854288ed04d5257710c87003124e0ed01c5937a69dede96779f2fe,S3,高,,,验证,需进一步验证,Git
backups/code_before_v06i_intelligence_20260706_151858/services/intelligence_flow_service.py,16277,591cf5b612813825f597c944bcd97dff247b9269d7b1177cfcb31a7608702593,S3,高,,,验证,需进一步验证,Git
backups/code_before_v06i_intelligence_20260706_151858/services/lead_recommendation_service.py,1928,0d7a3b89d61369d8550ae0fc110026ebc3a3b386f9ec640e756578db648fa4dd,S3,高,,,验证,需进一步验证,Git
backups/code_before_v06i_intelligence_20260706_151858/services/lead_scoring_service.py,3518,57fb771cac0b0061e82914ce199b7381dac0401afe108513c77e97834e6081ac,S3,高,,,验证,需进一步验证,Git
backups/code_before_v06i_intelligence_20260706_151858/services/manual_ingestion.py,12654,ae9375777b3a31d4023a9b3a94793e649a0e6d1b40bacd1744ef25c97f771ce1,S3,高,,,验证,需进一步验证,Git
backups/code_before_v06i_intelligence_20260706_151858/services/membership_access_service.py,7017,ea6efcf21a13aa29d20538069a3cfc43f4f315eb9602a586bec767fdabe3c6c9,S3,高,,,验证,需进一步验证,Git
backups/code_before_v06i_intelligence_20260706_151858/services/membership_person_link_service.py,14472,73bb7f8e5c00d41a1311344a0e0b52bb2f403c2faa1ea6549a4c0cc6b037d4b3,S3,高,,,验证,需进一步验证,Git
backups/code_before_v06i_intelligence_20260706_151858/services/membership_user_link_service.py,14449,03af632550a67977e9a33784748badc965f283787bbe70da9d2cd08ea9ca9940,S3,高,,,验证,需进一步验证,Git
backups/code_before_v06i_intelligence_20260706_151858/services/member_field_classifier.py,3736,175094669cab7ab08fa8f9f4c8e24a77cb07cfcda0eb1a55c0845d5c9f4d1695,S3,高,,,验证,需进一步验证,Git
backups/code_before_v06i_intelligence_20260706_151858/services/member_import_normalizer.py,6996,d80c8572de42cef551d325e634a1aa47de1a8f0a20537b1c9e9198db5fd5c7fa,S3,高,,,验证,需进一步验证,Git
backups/code_before_v06i_intelligence_20260706_151858/services/member_import_parser.py,12523,1877f5d4a47b99f3770e6a280c0ce88db58b76d124cd4170d87d7df3a4c7c999,S3,高,,,验证,需进一步验证,Git
backups/code_before_v06i_intelligence_20260706_151858/services/member_import_service.py,24781,3c85a962a5f4478e18fd3fd0201201fc2c4a812a962596b2576f98d8d244f5c3,S3,高,,,验证,需进一步验证,Git
backups/code_before_v06i_intelligence_20260706_151858/services/member_import_validator.py,2159,f146e2d35a3365d8f30d2e31205e451d8ab35564e2986f02a31ca9fa6a6dceff,S3,高,,,验证,需进一步验证,Git
backups/code_before_v06i_intelligence_20260706_151858/services/monitoring_service.py,25527,31c81d0c145e49f541081712a3abc1dd91d7f4fe4a7a0c9180903f6b45fd0db8,S3,高,,,验证,需进一步验证,Git
backups/code_before_v06i_intelligence_20260706_151858/services/navigation_service.py,6190,15de983b2fd939583777cae7cbba7f6aff8e6d26c90f05e8617528b88e3eeeef,S3,高,,,验证,需进一步验证,Git
backups/code_before_v06i_intelligence_20260706_151858/services/organization_access_service.py,22681,bba22e19121cc3d1b0cf685c52f591ce11d7adeb8c5462a03f7244c034ae36c2,S3,高,,,验证,需进一步验证,Git
backups/code_before_v06i_intelligence_20260706_151858/services/platform_service.py,38805,23641320d956036739d14ea0bbbec158479df11b8659f52ecfcced585087008e,S3,高,,,验证,需进一步验证,Git
backups/code_before_v06i_intelligence_20260706_151858/services/product_recovery_service.py,6864,fbe08452e649b83168e700b437aa62ad02b5b25b3ea69e10755e2efadee3af55,S3,高,,,验证,需进一步验证,Git
backups/code_before_v06i_intelligence_20260706_151858/services/recommendation_service.py,37249,114ca69e8546eee190df03cab19e3f5fa06c02db501512582cf3179ace5d0821,S3,高,,,验证,需进一步验证,Git
backups/code_before_v06i_intelligence_20260706_151858/services/relationship_path_service.py,9200,92754e8b1cc4dd20fb2b28f93d1e04fd428c052f7256bd1c9845de4cec677144,S3,高,,,验证,需进一步验证,Git
backups/code_before_v06i_intelligence_20260706_151858/services/search_service.py,1500,b85490b9293479bdf585b78fd80326aadea7ade42f46fcaa810166ba8ec388ef,S3,高,,,验证,需进一步验证,Git
backups/code_before_v06i_intelligence_20260706_151858/services/signal_service.py,10320,b5558c7c86a4deaf29cc7bb63c85d3101bdaff0df5ed5afb031874d53f933b67,S3,高,,,验证,需进一步验证,Git
backups/code_before_v06i_intelligence_20260706_151858/services/subject_links.py,6798,0ebd5720516c18d843f9ee61076c72fe01de871a55cf7bab0f98ab4c61fa2e2a,S3,高,,,验证,需进一步验证,Git
backups/code_before_v06i_intelligence_20260706_151858/services/subject_profile_service.py,24068,7c907e7545810247ebbe0e1735bf1896d4540bf19e8d9056e98b8895a640790e,S3,高,,,验证,需进一步验证,Git
backups/code_before_v06i_intelligence_20260706_151858/services/suspicious_review.py,6252,b14b6b7a589fe3fa7c328ea1f76b42b584b4321b8bd0867fbbfac11a4b093143,S3,高,,,验证,需进一步验证,Git
backups/code_before_v06i_intelligence_20260706_151858/services/unified_intelligence_service.py,4593,ef2e730517472703ee1201523a02002d26dc64bbd13b14fe89c20daeecd8a830,S3,高,,,验证,需进一步验证,Git
backups/code_before_v06i_intelligence_20260706_151858/services/unified_opportunity_service.py,10507,39386a1f06f863641c47a8a229e5ff9fdcd53e3f451c86202f573a5f39f806ba,S3,高,,,验证,需进一步验证,Git
backups/code_before_v06i_intelligence_20260706_151858/services/unified_resource_service.py,8359,331f88fda1ebdea4ff063fc6c7b176245f36aeceab98a5273d4e9c8ff8413c32,S3,高,,,验证,需进一步验证,Git
backups/code_before_v06i_intelligence_20260706_151858/services/unified_search_service.py,3156,ecca8f7887b4f9bc38bf4e5879402555bf146606b2bf6d065eab607a24b2ad54,S3,高,,,验证,需进一步验证,Git
backups/code_before_v06i_intelligence_20260706_151858/services/watchlist_service.py,6113,d6a330b4ea32a1f50d2edcb24a2675a5ad9dfc096cb245c9068aa1a20dddc58c,S3,高,,,验证,需进一步验证,Git
backups/code_before_v06i_intelligence_20260706_151858/services/__init__.py,1,01ba4719c80b6fe911b091a7c05124b64eeece964e09c058ef8f9805daca546b,S3,高,,,验证,需进一步验证,Git
backups/code_before_v06i_intelligence_20260706_151858/services/operations/backup_service.py,3225,937ed53ebf13266f1ff69789251f8ff86a19784b688911a2bc77c846f3eebc99,S3,高,,,验证,需进一步验证,Git
backups/code_before_v06i_intelligence_20260706_151858/services/operations/restore_service.py,3444,dd428ef34d23f083f1a5b7ad57d46f561f3d617e15a109375e5a9818e986e83c,S3,高,,,验证,需进一步验证,Git
backups/code_before_v06i_intelligence_20260706_151858/services/operations/source_quality_service.py,6862,8fcad98ac1a67ae59731f7ea56c04228a39ce94cd152d4865364d577c4b6b5d1,S3,高,,,验证,需进一步验证,Git
backups/code_before_v06i_intelligence_20260706_151858/services/operations/system_health_service.py,3025,dffc6c5f351608eced8608735c65de57d67a9814f2b888b9a32b293d74a1bd8f,S3,高,,,验证,需进一步验证,Git
backups/code_before_v06i_intelligence_20260706_151858/services/operations/__init__.py,567,e00194d282c2d14c5106bf73d8f61ff410067810401a96aeabb4d81d8181a88e,S3,高,,,验证,需进一步验证,Git
backups/code_before_v06i_intelligence_20260706_151858/services/pipeline/pipeline_common.py,3488,694870c9039f3c9dcb1c095c56b65736d6b39b40108ed1a39cdce039d5e1ce68,S3,高,,,验证,需进一步验证,Git
backups/code_before_v06i_intelligence_20260706_151858/services/pipeline/pipeline_metrics_service.py,4094,a5db51ff182b34756914879df1274765c64aad57c28d8ec6842f57ebc043f077,S3,高,,,验证,需进一步验证,Git
backups/code_before_v06i_intelligence_20260706_151858/services/pipeline/pipeline_quality_service.py,3182,8b3556635d309288836167838c1a0c1b9df6cb36f68b2921640e1418a52c39a3,S3,高,,,验证,需进一步验证,Git
backups/code_before_v06i_intelligence_20260706_151858/services/pipeline/pipeline_service.py,15502,bccc6a793fd200edf4417cfa903672133de5c3524596f02cfcbc611ca19d238d,S3,高,,,验证,需进一步验证,Git
backups/code_before_v06i_intelligence_20260706_151858/services/pipeline/pipeline_state_service.py,5783,f43e792799efaf07247fe3f518fa49ff8632a2442107de4e1c4fa7b7cb75142b,S3,高,,,验证,需进一步验证,Git
backups/code_before_v06i_intelligence_20260706_151858/services/pipeline/__init__.py,669,112de3293c527f253a02c7e7e73caa8520ecedb637214a519f31949f76137943,S3,高,,,验证,需进一步验证,Git
backups/code_before_v06i_intelligence_20260706_151858/services/processing/confidence_service.py,1305,756fbeec83061ee5fcc6143f2977a7fdf2e14362be6f7d62eb62a88ee6f81a90,S3,高,,,验证,需进一步验证,Git
backups/code_before_v06i_intelligence_20260706_151858/services/processing/content_block_service.py,3971,731ed9028bbee77e35ce4ec5cb68321400f0271697eebe357449ad37e770127d,S3,高,,,验证,需进一步验证,Git
backups/code_before_v06i_intelligence_20260706_151858/services/processing/document_classifier.py,1995,1ff306bf0568b2fb62cc955261b37862c97a50550c7b46d7b63be6a6dbe6cf8f,S3,高,,,验证,需进一步验证,Git
backups/code_before_v06i_intelligence_20260706_151858/services/processing/entity_extraction_service.py,7318,cd092f4a19971096dca7efd728a596f52f8a44f2cd6e881d699a682d70e0a4bf,S3,高,,,验证,需进一步验证,Git
backups/code_before_v06i_intelligence_20260706_151858/services/processing/processing_job_service.py,30939,ae5097f47a5637a32494ff217a07fc8f034bde984a213b5e5e14e58d3401cc38,S3,高,,,验证,需进一步验证,Git
backups/code_before_v06i_intelligence_20260706_151858/services/processing/subject_matching_service.py,2289,0038d34a5d46d6bdc692ee20350b01840f15501abc17b6549fc0f6e293b7b009,S3,高,,,验证,需进一步验证,Git
backups/code_before_v06i_intelligence_20260706_151858/services/processing/__init__.py,479,fdef1719a786a0af2eb690f3662b568d5aa7f5744ae833bbc53a8e73c6593b52,S3,高,,,验证,需进一步验证,Git
backups/code_before_v06i_intelligence_20260706_151858/services/reports/report_citation_service.py,709,6996c6bb8c84651c37c2c88d70b34343a5c7a507576d903001ed293f7642bb0d,S3,高,,,验证,需进一步验证,Git
backups/code_before_v06i_intelligence_20260706_151858/services/reports/report_generation_service.py,13394,23c30280101345304c8792e4017e6ff9fc05044890c44918f60bec7532875614,S3,高,,,验证,需进一步验证,Git
backups/code_before_v06i_intelligence_20260706_151858/services/reports/report_query_service.py,2661,18926b4f58d5f1fbe18964af8d678e88beca629eb64e87fa1589010d154a36a8,S3,高,,,验证,需进一步验证,Git
backups/code_before_v06i_intelligence_20260706_151858/services/reports/__init__.py,478,24def75a3ec71aa99fc01af584726a0bbf27c1333a746ce92b6e4868ce52d1a5,S3,高,,,验证,需进一步验证,Git
backups/code_before_v06i_intelligence_20260706_151858/services/research/common.py,1988,5496285742270fdd34e187b976e433469b23ecbd69270b8278a3fe7c58c07064,S3,高,,,验证,需进一步验证,Git
backups/code_before_v06i_intelligence_20260706_151858/services/research/investment_assessment_service.py,8410,302bc2404de35fa967a0680367b8d22fd0e8d750f44a52cbc33f307717d479f9,S3,高,,,验证,需进一步验证,Git
backups/code_before_v06i_intelligence_20260706_151858/services/research/research_service.py,22558,3d49ec43c508d0140844aa6ac70c296a4aa3ace1041f528ccf2f5d2a90630181,S3,高,,,验证,需进一步验证,Git
backups/code_before_v06i_intelligence_20260706_151858/services/research/__init__.py,1061,590bd4fa10544f8bc3d0813c0917391e1fce760bcd09e5634da44a7104a56af9,S3,高,,,验证,需进一步验证,Git
backups/code_before_v06i_intelligence_20260706_151858/services/signals/signal_generation_service.py,10016,106999d5dca19d67348d1841c19eb925cb832ab6b970a531351fcdc0fd2d2484,S3,高,,,验证,需进一步验证,Git
backups/code_before_v06i_intelligence_20260706_151858/services/signals/signal_rule_service.py,2540,24a80a2b6a60ba1dd3089257dfb42d387c0f1c3e7267f2ee1a41441fd2fa6dbe,S3,高,,,验证,需进一步验证,Git
backups/code_before_v06i_intelligence_20260706_151858/services/signals/__init__.py,222,3af4a4d931d8e2c2df8c89bcbdd29d325058392910f36f87cc4ebdb9939245c6,S3,高,,,验证,需进一步验证,Git
backups/code_before_v06i_intelligence_20260706_151858/services/tasks/task_common.py,1651,c3ba7f50056a76e8a8b9853498beed0e7411c9f53573ebd4eaeabe71f27c9b5d,S3,高,,,验证,需进一步验证,Git
backups/code_before_v06i_intelligence_20260706_151858/services/tasks/task_dispatcher.py,2209,f926b3b6a49fe0c12200cad009f1034811d14f59de668d55c80908942ba176eb,S3,高,,,验证,需进一步验证,Git
backups/code_before_v06i_intelligence_20260706_151858/services/tasks/task_heartbeat_service.py,1158,1551a68c9f5ffe77c90354ce25d6487de5a17f5b714329d9ddcc34c21a9f99b4,S3,高,,,验证,需进一步验证,Git
backups/code_before_v06i_intelligence_20260706_151858/services/tasks/task_metrics_service.py,736,638e93ebe5f36107fc02b00963ea670ce095693d6204a870fd72a06bddf3cc01,S3,高,,,验证,需进一步验证,Git
backups/code_before_v06i_intelligence_20260706_151858/services/tasks/task_registry.py,3724,6a073a5628af7cfbb5cf11ce6b92b1c878b23268f72b25bcb385e3960c69053c,S3,高,,,验证,需进一步验证,Git
backups/code_before_v06i_intelligence_20260706_151858/services/tasks/task_retry_service.py,268,5071447950de4cffe66b73923bb0dd6e5f0396f1726bf4ccc9722599452ccd27,S3,高,,,验证,需进一步验证,Git
backups/code_before_v06i_intelligence_20260706_151858/services/tasks/task_runner.py,4472,5f2b1be6925b23c10ab1be38e6fd62bcb0a265f072d49a6ca9098ef9c1b97dcd,S3,高,,,验证,需进一步验证,Git
backups/code_before_v06i_intelligence_20260706_151858/services/tasks/__init__.py,306,c629296184bff2dc277f325c13237ed1e235acf04c9e3c814c424cdd1ba8c162,S3,高,,,验证,需进一步验证,Git
backups/code_before_v06h_20260706_145146/platform/admin.html,7264,4602fe6b1b08e404d3ff3347db2fc1917ce145e8f6a1ab43e2b8092a138ab0d5,S3,高,,,验证,需进一步验证,Git
backups/code_before_v06h_20260706_145146/platform/admin_intelligence.html,3143,830344dd49b92bc3f48dac8cea9e20203b48066a87407281a8c4590dbf29bd57,S3,高,,,验证,需进一步验证,Git
backups/code_before_v06h_20260706_145146/platform/admin_organizations.html,6976,7eb46743c72ffcc77b6abca9a072db440bc5de7f6ef1517f95d2926f0e0215d4,S3,高,,,验证,需进一步验证,Git
backups/code_before_v06h_20260706_145146/platform/admin_people.html,6797,14fe53b1c545308ae4c679a86d5b6d427e77c329202b221724029c9f6db13d26,S3,高,,,验证,需进一步验证,Git
backups/code_before_v06h_20260706_145146/platform/base.html,375,f548ceeda6feb1bc888a6394e755ebedc55cfaef968215e710edd6d706d9bd82,S3,高,,,验证,需进一步验证,Git
backups/code_before_v06h_20260706_145146/platform/data_integrity.html,2778,9655acbe8b52d0051f8811312dc7b44254c6c4e50fb3f6c2fb61a482358df8c6,S3,高,,,验证,需进一步验证,Git
backups/code_before_v06h_20260706_145146/platform/error_403.html,1601,350ace38b9f966c624e005f9759dc01fe627450433e06427b794982486bdcac7,S3,高,,,验证,需进一步验证,Git
backups/code_before_v06h_20260706_145146/platform/error_404.html,1602,5feb8ede4ca5ad8c6cefd1585a46638fc4c4846754369bb906156857bf750012,S3,高,,,验证,需进一步验证,Git
backups/code_before_v06h_20260706_145146/platform/error_500.html,1622,42f2f06a6d703e1f7c620d1e6e72e07f8d4de9fdc63bd4180d329f9897bcb108,S3,高,,,验证,需进一步验证,Git
backups/code_before_v06h_20260706_145146/platform/home.html,3235,d8f8072aa44ac00f526d22217923561b502ed8b2d46bff9e0369048b7e2cbf34,S3,高,,,验证,需进一步验证,Git
backups/code_before_v06h_20260706_145146/platform/identity.html,8796,ff35a574a06601e4b0b8d73dcd63f3fb9007cded7f28f953bf22dcb34b0ad721,S3,高,,,验证,需进一步验证,Git
backups/code_before_v06h_20260706_145146/platform/intelligence.html,3739,21e43a9bb8d7582cd351d4584952a561618a206a5749aae485017eda4f3c5ab0,S3,高,,,验证,需进一步验证,Git
backups/code_before_v06h_20260706_145146/platform/intelligence_detail.html,1772,a0bb7003ad33676e7561ff3bc5e3c702eca5532268174ef486e6dbf9750ca663,S3,高,,,验证,需进一步验证,Git
backups/code_before_v06h_20260706_145146/platform/intelligence_operations.html,7613,3ea50f64f7a1a8952d952887ae3313addb438c198b4395b47008ebc1d7b711d4,S3,高,,,验证,需进一步验证,Git
backups/code_before_v06h_20260706_145146/platform/network.html,1860,a13fad56cd3a9a9d5534bb9d211b3ee74182e3162761d99388e83a4e0abfd9d3,S3,高,,,验证,需进一步验证,Git
backups/code_before_v06h_20260706_145146/platform/opportunities.html,2276,cf23e4dd10689578ae731b67b4a8b4dea8eb63967acd0c3717ea20d19ab82fcd,S3,高,,,验证,需进一步验证,Git
backups/code_before_v06h_20260706_145146/platform/opportunity_detail.html,4819,1534063bf263b254e849cb64f8947c9c0c8ff8afa313d5d4fc38bda882113fd7,S3,高,,,验证,需进一步验证,Git
backups/code_before_v06h_20260706_145146/platform/organizations.html,2799,447ca5d9326808e904f975e878ef0fc6e0d0148672177a7cc579c6c88bd7780e,S3,高,,,验证,需进一步验证,Git
backups/code_before_v06h_20260706_145146/platform/people_discovery.html,4930,932a50bb4068eeb81da677a9fbb3d61399296189357d20f72b8c7c0d6d08d880,S3,高,,,验证,需进一步验证,Git
backups/code_before_v06h_20260706_145146/platform/person_card.html,5401,cace696fd6b995c68d9bf65b0da79a5018606892c86c8dd87738c0b5d141f89c,S3,高,,,验证,需进一步验证,Git
backups/code_before_v06h_20260706_145146/platform/resources.html,3074,c24d43d4b0cbf374ed341b8bf7e301c8ef9da75c56613e4aa43f498f5e76ad16,S3,高,,,验证,需进一步验证,Git
backups/code_before_v06h_20260706_145146/platform/resource_detail.html,4409,b43b771be483576f1d6a33afab10a0b72e55192ad07971d86ad95c96566605fa,S3,高,,,验证,需进一步验证,Git
backups/code_before_v06h_20260706_145146/platform/resource_form.html,3719,bf715d4fdb1098f121f846ed3e92d5d78065276eb620e907013542ae55a98071,S3,高,,,验证,需进一步验证,Git
backups/code_before_v06h_20260706_145146/platform/search_results.html,2475,396a562be05eb76783ef8297e1c2fa3396f0d856334b495a077285b2f567fef4,S3,高,,,验证,需进一步验证,Git
backups/code_before_v06h_20260706_145146/platform/subscriptions.html,3163,ad36c90ec10944e598c8a53730cbb5dcacd65e6d02818b476d02fa3e50403143,S3,高,,,验证,需进一步验证,Git
backups/code_before_v06h_20260706_145146/platform/workspace.html,3732,dbb7e0ac70a8cfd4fd6112ae22343b5546bc5e2ade906f85af5f4167b4223050,S3,高,,,验证,需进一步验证,Git
backups/code_before_v06f_20260706_130354/app/navigation.py,275,5da574a575d7d09ac8ecb03f3bac2dd00a5a25b59ee5ad9cd3acadad1e3c36ee,S3,高,,,验证,需进一步验证,Git
backups/code_before_v06f_20260706_130354/app/routes_platform.py,42447,8ee12f3a86284e2ac50b00f3a8d532a895ec39e5977962858276ea1789ec09be,S3,高,,,验证,需进一步验证,Git
backups/code_before_v06f_20260706_130354/app/platform/capability_registry.py,16010,6d3c71352abeed92a6a702841ee88e08b207d46fb65ec6d4ba24ce145acbd60c,S3,高,,,验证,需进一步验证,Git
backups/code_before_v06f_20260706_130354/app/services/navigation_service.py,6193,235a4cc0c33423598492fc8738201d69904b5e40585ee8bd5afa6fb3ab9d9feb,S3,高,,,验证,需进一步验证,Git
backups/code_before_v06f_20260706_130354/app/static/platform.css,14634,a080288f08803e2e1261da3f429fde991256f8748dcf6505508494aa27fb9065,S3,高,,,验证,需进一步验证,Git
backups/code_before_v06f_20260706_130354/app/templates/platform/admin.html,2948,6c8c8e91104890dc65f7aca9aaa6dfd8a295cd80a16e8f80de74e5722a3482f2,S3,高,,,验证,需进一步验证,Git
backups/code_before_v06f_20260706_130354/app/templates/platform/admin_intelligence.html,3143,830344dd49b92bc3f48dac8cea9e20203b48066a87407281a8c4590dbf29bd57,S3,高,,,验证,需进一步验证,Git
backups/code_before_v06f_20260706_130354/app/templates/platform/admin_organizations.html,2819,50b4d68539e90e637ab5b6fae8275ee7f43ae20362c4c1f3fea616b300dbce48,S3,高,,,验证,需进一步验证,Git
backups/code_before_v06f_20260706_130354/app/templates/platform/admin_people.html,2536,b381deba3e09d12baefe1d4dbe90e5fa87f444d12db8c0d4ee92aa8b4aa4bc9c,S3,高,,,验证,需进一步验证,Git
backups/code_before_v06f_20260706_130354/app/templates/platform/base.html,317,1c40cc1354e66ebd2be03bbb777ada210089810967bf4c44525023906fffaa69,S3,高,,,验证,需进一步验证,Git
backups/code_before_v06f_20260706_130354/app/templates/platform/data_integrity.html,2778,9655acbe8b52d0051f8811312dc7b44254c6c4e50fb3f6c2fb61a482358df8c6,S3,高,,,验证,需进一步验证,Git
backups/code_before_v06f_20260706_130354/app/templates/platform/error_403.html,1601,350ace38b9f966c624e005f9759dc01fe627450433e06427b794982486bdcac7,S3,高,,,验证,需进一步验证,Git
backups/code_before_v06f_20260706_130354/app/templates/platform/error_404.html,1602,5feb8ede4ca5ad8c6cefd1585a46638fc4c4846754369bb906156857bf750012,S3,高,,,验证,需进一步验证,Git
backups/code_before_v06f_20260706_130354/app/templates/platform/error_500.html,1622,42f2f06a6d703e1f7c620d1e6e72e07f8d4de9fdc63bd4180d329f9897bcb108,S3,高,,,验证,需进一步验证,Git
backups/code_before_v06f_20260706_130354/app/templates/platform/home.html,1387,6198ebce01f9add78836afb99a77241c9bbbc1ad9976b9af960c8cfd742b0cf2,S3,高,,,验证,需进一步验证,Git
backups/code_before_v06f_20260706_130354/app/templates/platform/identity.html,8796,ff35a574a06601e4b0b8d73dcd63f3fb9007cded7f28f953bf22dcb34b0ad721,S3,高,,,验证,需进一步验证,Git
backups/code_before_v06f_20260706_130354/app/templates/platform/intelligence.html,754,919065c8a41333eb805f093aa20ca0a7c1b8a44727fa79a067d0645bff6aa592,S3,高,,,验证,需进一步验证,Git
backups/code_before_v06f_20260706_130354/app/templates/platform/intelligence_detail.html,1772,a0bb7003ad33676e7561ff3bc5e3c702eca5532268174ef486e6dbf9750ca663,S3,高,,,验证,需进一步验证,Git
backups/code_before_v06f_20260706_130354/app/templates/platform/intelligence_operations.html,2792,12f2fe70de695cd3e537758363f0cd82d487097a525c4571ad78eb1b409e2557,S3,高,,,验证,需进一步验证,Git
backups/code_before_v06f_20260706_130354/app/templates/platform/network.html,1062,809381d83578fd07ed75924dbf3db2853d0cfd7381db5299c04299597a9961ec,S3,高,,,验证,需进一步验证,Git
backups/code_before_v06f_20260706_130354/app/templates/platform/opportunities.html,669,657256bf43417fa523c013ce0b77e92e6bdad27749b2e5fcdef218063b0440aa,S3,高,,,验证,需进一步验证,Git
backups/code_before_v06f_20260706_130354/app/templates/platform/opportunity_detail.html,4819,1534063bf263b254e849cb64f8947c9c0c8ff8afa313d5d4fc38bda882113fd7,S3,高,,,验证,需进一步验证,Git
backups/code_before_v06f_20260706_130354/app/templates/platform/organizations.html,2799,447ca5d9326808e904f975e878ef0fc6e0d0148672177a7cc579c6c88bd7780e,S3,高,,,验证,需进一步验证,Git
backups/code_before_v06f_20260706_130354/app/templates/platform/people_discovery.html,4930,932a50bb4068eeb81da677a9fbb3d61399296189357d20f72b8c7c0d6d08d880,S3,高,,,验证,需进一步验证,Git
backups/code_before_v06f_20260706_130354/app/templates/platform/person_card.html,5401,cace696fd6b995c68d9bf65b0da79a5018606892c86c8dd87738c0b5d141f89c,S3,高,,,验证,需进一步验证,Git
backups/code_before_v06f_20260706_130354/app/templates/platform/resources.html,899,2414055f94afb01960722dd01d49102e76fbace33b69cfd61a3fdbaf314d6758,S3,高,,,验证,需进一步验证,Git
backups/code_before_v06f_20260706_130354/app/templates/platform/resource_detail.html,4409,b43b771be483576f1d6a33afab10a0b72e55192ad07971d86ad95c96566605fa,S3,高,,,验证,需进一步验证,Git
backups/code_before_v06f_20260706_130354/app/templates/platform/resource_form.html,3719,bf715d4fdb1098f121f846ed3e92d5d78065276eb620e907013542ae55a98071,S3,高,,,验证,需进一步验证,Git
backups/code_before_v06f_20260706_130354/app/templates/platform/search_results.html,2475,396a562be05eb76783ef8297e1c2fa3396f0d856334b495a077285b2f567fef4,S3,高,,,验证,需进一步验证,Git
backups/code_before_v06f_20260706_130354/app/templates/platform/subscriptions.html,3163,ad36c90ec10944e598c8a53730cbb5dcacd65e6d02818b476d02fa3e50403143,S3,高,,,验证,需进一步验证,Git
backups/code_before_v06f_20260706_130354/app/templates/platform/workspace.html,1121,305004245d64c1d977f78123faa32ca1f10614480f7fda0937aeed7a45c14d61,S3,高,,,验证,需进一步验证,Git
backups/code_before_v06f_20260706_130354/app/templates/templates/actions.html,1778,c5118bc98c6ba9de17b9eb39dbcc60aa78e24c7f91c45f99d0cce5e0442d67b9,S3,高,,,验证,需进一步验证,Git
backups/code_before_v06f_20260706_130354/app/templates/templates/base.html,3998,d5a0fac20a050e646bfa5fcb4a8520f50524c14226934e17a4394eef1e0e89da,S3,高,,,验证,需进一步验证,Git
backups/code_before_v06f_20260706_130354/app/templates/templates/dashboard.html,4495,7c911030362981d429ca52d77ae910a22929f55092ce002a2ec2fb6b6da9d6d8,S3,高,,,验证,需进一步验证,Git
backups/code_before_v06f_20260706_130354/app/templates/templates/events.html,1079,731c7e82e28462e97c1fe3445aa43b4ab49cc4420dc8de8bf09b6c9f50f9e5b3,S3,高,,,验证,需进一步验证,Git
backups/code_before_v06f_20260706_130354/app/templates/templates/event_detail.html,814,52cc624148155983f246025f0e50b4f1c6c8ea915a84f99bd86a42ed1ab31a33,S3,高,,,验证,需进一步验证,Git
backups/code_before_v06f_20260706_130354/app/templates/templates/generic_form.html,4099,60b54ef1b3d5fc5c14db8a46efd6859fd3e14be320fc1eed303caf3bbcf0357c,S3,高,,,验证,需进一步验证,Git
backups/code_before_v06f_20260706_130354/app/templates/templates/identity.html,4757,1969f32d30dab4358c5afa1027ec6a0887557f866d16bcebe1c52416fed3e137,S3,高,,,验证,需进一步验证,Git
backups/code_before_v06f_20260706_130354/app/templates/templates/imports.html,616,2ad5610129184ac180768feb76e4f5d7b365a71a0232094c5f98551c4422294d,S3,高,,,验证,需进一步验证,Git
backups/code_before_v06f_20260706_130354/app/templates/templates/intelligence_detail.html,1031,46c2fbf17786e6efeffa39f1314b7846c62e348ccd80f25f08166dd3e991e74c,S3,高,,,验证,需进一步验证,Git
backups/code_before_v06f_20260706_130354/app/templates/templates/intelligence_list.html,1020,90471e3758cd2cf5bce1e23edbe74cbbf33c4b2b62b89cdaecd7dd76c0a52bb4,S3,高,,,验证,需进一步验证,Git
backups/code_before_v06f_20260706_130354/app/templates/templates/new_intelligence.html,950,4dac55ef69420320870d8ab5bdd358e514f244f77da5634d9ff73a889753ce23,S3,高,,,验证,需进一步验证,Git
backups/code_before_v06f_20260706_130354/app/templates/templates/organizations.html,1539,e9ab85136d40e24faff2de6f0adbd6ce34b920b5fa882525c73d114cc923750d,S3,高,,,验证,需进一步验证,Git
backups/code_before_v06f_20260706_130354/app/templates/templates/organization_detail.html,1335,883c918f50cdf34db9ce7f03ec02017fdfde829fa1c9c38db4fde827ecacfaa9,S3,高,,,验证,需进一步验证,Git
backups/code_before_v06f_20260706_130354/app/templates/templates/paste_analyze.html,1232,47fb17a3fc5a3bc26ca56d51b679fe5cecfc2e6ee330d999e843fbaf016bac4c,S3,高,,,验证,需进一步验证,Git
backups/code_before_v06f_20260706_130354/app/templates/templates/paste_preview.html,1424,df296c8f654d80ff0549d85a8992efafb888abe8f01737f67de0ef16082c4047,S3,高,,,验证,需进一步验证,Git
backups/code_before_v06f_20260706_130354/app/templates/templates/people.html,1537,9b7690249aa2e595a4fc82716bfea58edfc7d7ec9a5b962d70ca5b79eafee7ad,S3,高,,,验证,需进一步验证,Git
backups/code_before_v06f_20260706_130354/app/templates/templates/person_detail.html,1490,e117d8e5ea16cb73d8cd18021061729475dcc3868a3c8df2f4d34064679e1c31,S3,高,,,验证,需进一步验证,Git
backups/code_before_v06f_20260706_130354/app/templates/templates/projects.html,1079,31b4d9544fc9989932456bf8caa6ecc64377e5d65c607d135d18777812e847e5,S3,高,,,验证,需进一步验证,Git
backups/code_before_v06f_20260706_130354/app/templates/templates/project_detail.html,1148,1fc45086979da11b6e89723c4f8376f8b1e93ad3e8acd75d28a349cbd87ee910,S3,高,,,验证,需进一步验证,Git
backups/code_before_v06f_20260706_130354/app/templates/templates/relations.html,1041,cb38a84251485172843f3d0607ab7a7a13e42ad8564e6e47b0e5f4fbaea09498,S3,高,,,验证,需进一步验证,Git
backups/code_before_v06f_20260706_130354/app/templates/templates/resources.html,1096,b39bed335bb245b6ee20b365f30df4577b6ce71c5b3dcc8fc338d5da11e80988,S3,高,,,验证,需进一步验证,Git
backups/code_before_v06f_20260706_130354/app/templates/templates/resource_detail.html,642,d55bd94650cfb6980ce10d2754aee3d7aba4069deee964b66b1330679c57a47b,S3,高,,,验证,需进一步验证,Git
backups/code_before_v06f_20260706_130354/app/templates/templates/search_results.html,955,f1bc7817fee4558b7983f7578c41954a7a17f6388ace046bf47c8cceddf0c6bb,S3,高,,,验证,需进一步验证,Git
backups/code_before_v06f_20260706_130354/app/templates/templates/subject_center.html,3881,41cb11d101cab33ccd1c3f7a4b599a09bcb9f4d37c26fd804dadaa75114edfd6,S3,高,,,验证,需进一步验证,Git
backups/code_before_v06f_20260706_130354/app/templates/templates/subject_profile.html,2174,9382776c833b8dab628b1a4ae48e554420c3c81c4874c16859ddd3d325c77e23,S3,高,,,验证,需进一步验证,Git
backups/code_before_v06f_20260706_130354/app/templates/templates/suspicious_entities.html,1741,9a3756c08186b83fe661d79051d1da6d583809ab7e6316952673c14abf59c1ff,S3,高,,,验证,需进一步验证,Git
backups/code_before_v06f_20260706_130354/app/templates/templates/v04c1_ingestion.html,2027,56da4dcd7c742fe893b8a0464779bcf5aff13dd3c809ad0f84e66a5fc375483e,S3,高,,,验证,需进一步验证,Git
backups/code_before_v06f_20260706_130354/app/templates/templates/v04c_review_queue.html,4184,3c0f74393694d93fc2d19e4129013cabc7c5c33369bca54a4ebfdc641dd96ea8,S3,高,,,验证,需进一步验证,Git
backups/code_before_v06f_20260706_130354/app/templates/templates/v04db_prestructure.html,1026,f699effc60a120d0dd241f1fb680b8c2926c8f2169052c392696f5e039b5f8d5,S3,高,,,验证,需进一步验证,Git
backups/code_before_v06f_20260706_130354/app/templates/templates/v04d_structuring.html,1129,5cda568c3fe7436021842b88ea0c791b9858a5f7fc3c8c84107a87692f93dd53,S3,高,,,验证,需进一步验证,Git
backups/code_before_v06f_20260706_130354/app/templates/templates/v04e_entity_resolution.html,1167,ce400b57e33338b6e357ce3ed16a0f51cce712a0620a9ba641bd499615aa336a,S3,高,,,验证,需进一步验证,Git
backups/code_before_v06f_20260706_130354/app/templates/templates/v04f_club.html,19940,d27ddc9ba80094fecb411b0f5cf0104892a82d31c8b62e551b6ce994bccec230,S3,高,,,验证,需进一步验证,Git
backups/code_before_v06f_20260706_130354/app/templates/templates/v04f_club_apply.html,2017,3ecc5369f4d76ece163ebad967fa7ffaececbc0fcd4a24ad7790aff404ed34f2,S3,高,,,验证,需进一步验证,Git
backups/code_before_v06f_20260706_130354/app/templates/templates/v04f_leads.html,2342,06c0adf80b1cc9cf91d8695e76f7953f8f4125762805e316a7377cabf4e769ca,S3,高,,,验证,需进一步验证,Git
backups/code_before_v06f_20260706_130354/app/templates/templates/v04g_monitoring.html,1801,e708847e3dd54da005afdcdde600b4dfb383bc326cc7bf54a011b03e5eaa83bc,S3,高,,,验证,需进一步验证,Git
backups/code_before_v06f_20260706_130354/app/templates/templates/v04h_recommendations.html,3140,d1b8564310b39c30c483468132d0dad60c2a070b5371c44d3a640a6e788a731b,S3,高,,,验证,需进一步验证,Git
backups/code_before_v06f_20260706_130354/app/templates/templates/v05a_security.html,10278,042a58218286a8b734ec240e2ba74d1c421977c6521b1ebf0b8802795360b48a,S3,高,,,验证,需进一步验证,Git
backups/code_before_v06f_20260706_130354/app/templates/templates/v05b_member_import.html,5702,ffc793fe22e56bd55cb957b263d4123327f0c9339998cf2f6c9389865057d092,S3,高,,,验证,需进一步验证,Git
backups/code_before_v06f_20260706_130354/app/templates/templates/v05c_club_events.html,7745,c47d148cbf13701cfeb412ddb761d51d4ca4e4b5e74f183bdeab62b9ca3315a3,S3,高,,,验证,需进一步验证,Git
backups/code_before_v06f_20260706_130354/app/templates/templates/v05d_member_admin.html,2386,b2d764482cfff178d16a71642f81d4bcbe95b0397bffe24958de5b72379b7f33,S3,高,,,验证,需进一步验证,Git
backups/code_before_v06f_20260706_130354/app/templates/templates/v05d_member_portal.html,9701,75b049289f1da4ff29adaa6eacb557229813a6b019cce280b921bfb16389b31b,S3,高,,,验证,需进一步验证,Git
backups/code_before_v06f_20260706_130354/app/templates/templates/v05e_dashboard.html,4882,d05eb0c31080234af94eb98ba46307dae049fe7e38bc94b42414cb9c1297eda7,S3,高,,,验证,需进一步验证,Git
backups/code_before_v06f_20260706_130354/app/templates/templates/v05e_signals.html,7126,f58caac8c660b30da8b1bc843b9bc18a574e55095950f3a402ad92ea8b0a22a7,S3,高,,,验证,需进一步验证,Git
backups/code_before_v06f_20260706_130354/app/templates/templates/v05e_watchlists.html,1231,8ccc78b1a23f2a900118f08a27bd53a5b3cac85e0b0a38ee6f8f43b3cd0935d8,S3,高,,,验证,需进一步验证,Git
backups/code_before_v06f_20260706_130354/app/templates/templates/v05f_collection.html,9508,f62369e91f9fb423dbbff31d81b0d2802c2c6c3d04153c00faeccb3f351f2c47,S3,高,,,验证,需进一步验证,Git
backups/code_before_v06f_20260706_130354/app/templates/templates/v05g_processing.html,11196,1e6eaf7b23fe75c8c21c4e3424edab45ca2801a424f754e3a94401af9a37b5ab,S3,高,,,验证,需进一步验证,Git
backups/code_before_v06f_20260706_130354/app/templates/templates/v05h_reports.html,5553,566c47b573456e9b03f8ea415e9e40105ec372c30ef58b64231b13ed227b8edb,S3,高,,,验证,需进一步验证,Git
backups/code_before_v06f_20260706_130354/app/templates/templates/v05i_pipeline.html,8930,7773f56caad548e27617391d684b9d3675410449db4fb836884b6376a53310f6,S3,高,,,验证,需进一步验证,Git
backups/code_before_v06f_20260706_130354/app/templates/templates/v05j_research.html,9238,c2dbad128783be3e0a824a918105b7c6741001626b4fe3d20ed69d16af20510d,S3,高,,,验证,需进一步验证,Git
backups/code_before_v06f_20260706_130354/app/templates/templates/v05kl_operations.html,3008,a3688a9e3560d99308e495e33f687765057096db65174e1be3be6215fbeb1a3c,S3,高,,,验证,需进一步验证,Git
backups/code_before_v06f_20260706_130354/app/templates/templates/_page_head.html,114,f29769b4400d4417b0d7d0c948a2ad9e086a9411b20508d4e1e2ee40d8586ea6,S3,高,,,验证,需进一步验证,Git
backups/code_before_v06f_20260706_130354/app/templates/templates/_record_meta.html,550,575cf9f66ef8849f10bf16f0b5d9fec579b69b9e6f6e806faa48b937bd3224a2,S3,高,,,验证,需进一步验证,Git
backups/code_before_v06f_20260706_130354/app/templates/templates/_review_status.html,275,e555317aece36decdab3bee809ea0424f766cd564309749a3038012be34e0dbc,S3,高,,,验证,需进一步验证,Git
backups/code_before_v06f_20260706_130354/app/templates/templates/platform/admin.html,2948,6c8c8e91104890dc65f7aca9aaa6dfd8a295cd80a16e8f80de74e5722a3482f2,S3,高,,,验证,需进一步验证,Git
backups/code_before_v06f_20260706_130354/app/templates/templates/platform/admin_intelligence.html,3143,830344dd49b92bc3f48dac8cea9e20203b48066a87407281a8c4590dbf29bd57,S3,高,,,验证,需进一步验证,Git
backups/code_before_v06f_20260706_130354/app/templates/templates/platform/admin_organizations.html,2819,50b4d68539e90e637ab5b6fae8275ee7f43ae20362c4c1f3fea616b300dbce48,S3,高,,,验证,需进一步验证,Git
backups/code_before_v06f_20260706_130354/app/templates/templates/platform/admin_people.html,2536,b381deba3e09d12baefe1d4dbe90e5fa87f444d12db8c0d4ee92aa8b4aa4bc9c,S3,高,,,验证,需进一步验证,Git
backups/code_before_v06f_20260706_130354/app/templates/templates/platform/base.html,317,1c40cc1354e66ebd2be03bbb777ada210089810967bf4c44525023906fffaa69,S3,高,,,验证,需进一步验证,Git
backups/code_before_v06f_20260706_130354/app/templates/templates/platform/data_integrity.html,2778,9655acbe8b52d0051f8811312dc7b44254c6c4e50fb3f6c2fb61a482358df8c6,S3,高,,,验证,需进一步验证,Git
backups/code_before_v06f_20260706_130354/app/templates/templates/platform/error_403.html,1601,350ace38b9f966c624e005f9759dc01fe627450433e06427b794982486bdcac7,S3,高,,,验证,需进一步验证,Git
backups/code_before_v06f_20260706_130354/app/templates/templates/platform/error_404.html,1602,5feb8ede4ca5ad8c6cefd1585a46638fc4c4846754369bb906156857bf750012,S3,高,,,验证,需进一步验证,Git
backups/code_before_v06f_20260706_130354/app/templates/templates/platform/error_500.html,1622,42f2f06a6d703e1f7c620d1e6e72e07f8d4de9fdc63bd4180d329f9897bcb108,S3,高,,,验证,需进一步验证,Git
backups/code_before_v06f_20260706_130354/app/templates/templates/platform/home.html,1387,6198ebce01f9add78836afb99a77241c9bbbc1ad9976b9af960c8cfd742b0cf2,S3,高,,,验证,需进一步验证,Git
backups/code_before_v06f_20260706_130354/app/templates/templates/platform/identity.html,8796,ff35a574a06601e4b0b8d73dcd63f3fb9007cded7f28f953bf22dcb34b0ad721,S3,高,,,验证,需进一步验证,Git
backups/code_before_v06f_20260706_130354/app/templates/templates/platform/intelligence.html,754,919065c8a41333eb805f093aa20ca0a7c1b8a44727fa79a067d0645bff6aa592,S3,高,,,验证,需进一步验证,Git
backups/code_before_v06f_20260706_130354/app/templates/templates/platform/intelligence_detail.html,1772,a0bb7003ad33676e7561ff3bc5e3c702eca5532268174ef486e6dbf9750ca663,S3,高,,,验证,需进一步验证,Git
backups/code_before_v06f_20260706_130354/app/templates/templates/platform/intelligence_operations.html,2792,12f2fe70de695cd3e537758363f0cd82d487097a525c4571ad78eb1b409e2557,S3,高,,,验证,需进一步验证,Git
backups/code_before_v06f_20260706_130354/app/templates/templates/platform/network.html,1062,809381d83578fd07ed75924dbf3db2853d0cfd7381db5299c04299597a9961ec,S3,高,,,验证,需进一步验证,Git
backups/code_before_v06f_20260706_130354/app/templates/templates/platform/opportunities.html,669,657256bf43417fa523c013ce0b77e92e6bdad27749b2e5fcdef218063b0440aa,S3,高,,,验证,需进一步验证,Git
backups/code_before_v06f_20260706_130354/app/templates/templates/platform/opportunity_detail.html,4819,1534063bf263b254e849cb64f8947c9c0c8ff8afa313d5d4fc38bda882113fd7,S3,高,,,验证,需进一步验证,Git
backups/code_before_v06f_20260706_130354/app/templates/templates/platform/organizations.html,2799,447ca5d9326808e904f975e878ef0fc6e0d0148672177a7cc579c6c88bd7780e,S3,高,,,验证,需进一步验证,Git
backups/code_before_v06f_20260706_130354/app/templates/templates/platform/people_discovery.html,4930,932a50bb4068eeb81da677a9fbb3d61399296189357d20f72b8c7c0d6d08d880,S3,高,,,验证,需进一步验证,Git
backups/code_before_v06f_20260706_130354/app/templates/templates/platform/person_card.html,5401,cace696fd6b995c68d9bf65b0da79a5018606892c86c8dd87738c0b5d141f89c,S3,高,,,验证,需进一步验证,Git
backups/code_before_v06f_20260706_130354/app/templates/templates/platform/resources.html,899,2414055f94afb01960722dd01d49102e76fbace33b69cfd61a3fdbaf314d6758,S3,高,,,验证,需进一步验证,Git
backups/code_before_v06f_20260706_130354/app/templates/templates/platform/resource_detail.html,4409,b43b771be483576f1d6a33afab10a0b72e55192ad07971d86ad95c96566605fa,S3,高,,,验证,需进一步验证,Git
backups/code_before_v06f_20260706_130354/app/templates/templates/platform/resource_form.html,3719,bf715d4fdb1098f121f846ed3e92d5d78065276eb620e907013542ae55a98071,S3,高,,,验证,需进一步验证,Git
backups/code_before_v06f_20260706_130354/app/templates/templates/platform/search_results.html,2475,396a562be05eb76783ef8297e1c2fa3396f0d856334b495a077285b2f567fef4,S3,高,,,验证,需进一步验证,Git
backups/code_before_v06f_20260706_130354/app/templates/templates/platform/subscriptions.html,3163,ad36c90ec10944e598c8a53730cbb5dcacd65e6d02818b476d02fa3e50403143,S3,高,,,验证,需进一步验证,Git
backups/code_before_v06f_20260706_130354/app/templates/templates/platform/workspace.html,1121,305004245d64c1d977f78123faa32ca1f10614480f7fda0937aeed7a45c14d61,S3,高,,,验证,需进一步验证,Git
backups/code_before_v06f_20260706_130354/app/static/static/entity_smart_paste.js,35936,fcc5647da2968a4b415896a42be5e2a7dc003c36da55dc95f61b589dded7eac1,S3,高,,,验证,需进一步验证,Git
backups/code_before_v06f_20260706_130354/app/static/static/platform.css,14634,a080288f08803e2e1261da3f429fde991256f8748dcf6505508494aa27fb9065,S3,高,,,验证,需进一步验证,Git
backups/code_before_v06f_20260706_130354/app/static/static/style.css,25314,04994861868be4a7496b263491649e5096eb8b74724b4c35516952c81469bb68,S3,高,,,验证,需进一步验证,Git
backups/code_before_v06f_20260706_130354/app/static/static/v03a_additions.css,411,e7ef93bf3bb8bd77afda1301b74ce8f3f5fa0224763267827cfe7fb4e4be960f,S3,高,,,验证,需进一步验证,Git
backups/code_before_v06f_20260706_130354/app/static/static/v03b_additions.css,1596,0358c4c6c273f2be45fc6b3a87c07b26e712883c548fe38e3bc1660b128e76af,S3,高,,,验证,需进一步验证,Git
backups/code_before_v06f_20260706_130354/app/static/static/v03c_additions.css,1024,41231207449cf124b21ae5fdd62240918f1481fdc5676365b6321d5dfacab247,S3,高,,,验证,需进一步验证,Git
backups/code_before_v06f_20260706_130354/app/static/static/v04a_additions.css,10912,bc9496fcc3714e8ba63560882ea9905d9acc8793d4545024fb5ffba44e4e32b4,S3,高,,,验证,需进一步验证,Git
backups/code_before_v06e_20260706_115352/app/analyzer.py,10616,c5dca7fd8bba5df94d079ed2a14e70d924f2c78fc66a7b16aa19e355fc2e0c08,S3,高,,,验证,需进一步验证,Git
backups/code_before_v06e_20260706_115352/app/crud_config.py,9928,60b7383e523c264bf6e91a8b0ce15b547ca5be0e661f804a3d584d4e50b13b6c,S3,高,,,验证,需进一步验证,Git
backups/code_before_v06e_20260706_115352/app/database.py,945,6c6cca13e913245e52722b4c53e4dffd19bbf3ed98a579b7294c2bc966ef828a,S3,高,,,验证,需进一步验证,Git
backups/code_before_v06e_20260706_115352/app/entity_analyzer.py,11109,a3db5f980ad3ab71a2aae03ea7b3cb3473698c5f69feb3c4e9533dab11db7a57,S3,高,,,验证,需进一步验证,Git
backups/code_before_v06e_20260706_115352/app/identity.py,4500,093c0c67d53deb8fec97d006d46fc959cd905775aea5c38ae162210b5ce1182c,S3,高,,,验证,需进一步验证,Git
backups/code_before_v06e_20260706_115352/app/main.py,72182,fb717aca904a24f48493d19eb1fd86ed83bc3fd14d9068dc998e8c7d745a445f,S3,高,,,验证,需进一步验证,Git
backups/code_before_v06e_20260706_115352/app/models.py,16526,99d3e3aa5e735de71ef74db0605e76bd2c4298f7e8e22e0e8fcd754fae6ed1d3,S3,高,,,验证,需进一步验证,Git
backups/code_before_v06e_20260706_115352/app/models_platform.py,13316,4b92e94199a2d8fefc9e2c5a41286275e7eab814a2175d08e6d6072fa2396d0e,S3,高,,,验证,需进一步验证,Git
backups/code_before_v06e_20260706_115352/app/navigation.py,275,5da574a575d7d09ac8ecb03f3bac2dd00a5a25b59ee5ad9cd3acadad1e3c36ee,S3,高,,,验证,需进一步验证,Git
backups/code_before_v06e_20260706_115352/app/paste_router.py,5651,907371afd69c4ca643f315bd75164d15c1d0390e746d27029393283cdf76c8d2,S3,高,,,验证,需进一步验证,Git
backups/code_before_v06e_20260706_115352/app/routes_platform.py,28186,cf7c4a4757f8750f7c7d62b5a801d185010dc01e376177f7a23c2616198b6b61,S3,高,,,验证,需进一步验证,Git
backups/code_before_v06e_20260706_115352/app/security.py,31012,8633c639a0b4ca1675c9f2f6d97724db057723f9ce7f97fc9380be25127eb2aa,S3,高,,,验证,需进一步验证,Git
backups/code_before_v06e_20260706_115352/app/settings.py,2861,4a87e84eed7f165dd115efacaa38af6dbd2d5d9bb24ff0563f1462df6607d5e0,S3,高,,,验证,需进一步验证,Git
backups/code_before_v06e_20260706_115352/app/v04c1_ingestion.py,65181,98a528c4110ea4f0b73da0f4edb320d3f306ba103a74361650b6b2aa694b48b8,S3,高,,,验证,需进一步验证,Git
backups/code_before_v06e_20260706_115352/app/v04c_review.py,38797,bf0da5aba2a1917b15cf4db5de621e378dbe61776b794fb972f77cecc6e7708a,S3,高,,,验证,需进一步验证,Git
backups/code_before_v06e_20260706_115352/app/v04db_prestructure.py,47228,eb8f47c11ec5fa23aedf0c1446c6842854bb1d7392fc285f9a0096db99a025fc,S3,高,,,验证,需进一步验证,Git
backups/code_before_v06e_20260706_115352/app/v04d_structuring.py,48161,3a790eafc11cca740b4ce20f85fc57d24b49852a82b2f61f047c2ce6c0d6728e,S3,高,,,验证,需进一步验证,Git
backups/code_before_v06e_20260706_115352/app/v04e_entity_resolution.py,36311,5fdd84ca20a24e1ab295711265267f7350379248ccb10a7ff8ba242a9be16ea1,S3,高,,,验证,需进一步验证,Git
backups/code_before_v06e_20260706_115352/app/v04f_operations.py,41700,7ac6503222a9eacbf63de46b26f2041b8bee60b682e16e876522325fa52319f7,S3,高,,,验证,需进一步验证,Git
backups/code_before_v06e_20260706_115352/app/v04g_monitoring.py,5741,341d2bd59356b7b9d7cf897800e66bab5c6c35e0de491b0e399dc63d82b46344,S3,高,,,验证,需进一步验证,Git
backups/code_before_v06e_20260706_115352/app/v04h_recommendations.py,5155,60170ef15c4c4fa3ea9086f212e697cd0f4ac42f4cde467effa43251b97a2cd3,S3,高,,,验证,需进一步验证,Git
backups/code_before_v06e_20260706_115352/app/v05a_security.py,12584,8101dcbe94a3fdf4913d2fbd29eacca3db6ae58f332af3b4f98d8fc354e16503,S3,高,,,验证,需进一步验证,Git
backups/code_before_v06e_20260706_115352/app/v05b_member_import.py,42734,7e87b6851312f403cf4d4cd1edd414ce9ede062d1f976575214d856b29553056,S3,高,,,验证,需进一步验证,Git
backups/code_before_v06e_20260706_115352/app/v05c_club_events.py,27706,7e074416f2d1be7127e06bb5d530d427e7f67bf6d01775bc2c79b5fd2478ed37,S3,高,,,验证,需进一步验证,Git
backups/code_before_v06e_20260706_115352/app/v05d_member_portal.py,60768,5394691e2963c8657647c055ca14ae442efa77192165c08ac6e0da6bad9e40ad,S3,高,,,验证,需进一步验证,Git
backups/code_before_v06e_20260706_115352/app/v05e_intelligence.py,6418,8d2ccab6350c9a6c27fdd7716be5666d06d82b506406a657bfed041716d4c171,S3,高,,,验证,需进一步验证,Git
backups/code_before_v06e_20260706_115352/app/v05f_collection.py,6649,8ba2933e516e980dda6945f4b03fbdc3d40222fd31458bd936741c7b59cf27b8,S3,高,,,验证,需进一步验证,Git
backups/code_before_v06e_20260706_115352/app/v05g_processing.py,5434,5f538b6e6982add027d91fd78357527986b320fb6e60db5ca364999985646d89,S3,高,,,验证,需进一步验证,Git
backups/code_before_v06e_20260706_115352/app/v05h_reports.py,3930,9f4ab0107524d89afea7cc81d85f3d82804311333a863c9e9f9bcd0d356c32b4,S3,高,,,验证,需进一步验证,Git
backups/code_before_v06e_20260706_115352/app/v05i_pipeline.py,4492,bf77c805fa80db7b3b3529d8682acbd037315c66943b151f49285d0f1c5be654,S3,高,,,验证,需进一步验证,Git
backups/code_before_v06e_20260706_115352/app/v05j_research.py,9504,1de4770666312ebd665e42338e2653663adfadaf0d03f6e0ed77f9227387a872,S3,高,,,验证,需进一步验证,Git
backups/code_before_v06e_20260706_115352/app/v05kl_operations.py,3382,d990b4285178d83a39c12b9730df61b9ace28575d0b674078edacd8dab30f703,S3,高,,,验证,需进一步验证,Git
backups/code_before_v06e_20260706_115352/app/web_extractor.py,6815,57f630575d0cd62b32a1ad6e27b1e7e0795e74a39fd3c7c9f1129a7f014bba7b,S3,高,,,验证,需进一步验证,Git
backups/code_before_v06e_20260706_115352/app/__init__.py,0,e3b0c44298fc1c149afbf4c8996fb92427ae41e4649b934ca495991b7852b855,S1,低,,,删除,空文件,Git
backups/code_before_v06e_20260706_115352/docs/01_INSTALLATION.md,809,bb6cb8bc747e4869926548748d078a496c0075bf006ce28f4763f63620f1189f,S3,高,,,验证,需进一步验证,Git
backups/code_before_v06e_20260706_115352/docs/01_手动替换步骤.md,2627,eaaa6353469cd333639a13aa179994f361ca287eda6bd2acbb7d0aae8d2fa511,S3,高,,,验证,需进一步验证,Git
backups/code_before_v06e_20260706_115352/docs/02_QUICK_START.md,845,40ace06649d7516f17893f6de2d89e0e041a700b18204e2da0538a464eec4388,S3,高,,,验证,需进一步验证,Git
backups/code_before_v06e_20260706_115352/docs/02_功能与验收清单.md,2074,be5fba3ef560175d4534671b10dd0b5dfb09a77a1b605fe8c633377c8a4dfc1f,S3,高,,,验证,需进一步验证,Git
backups/code_before_v06e_20260706_115352/docs/02_功能验收清单.md,2609,07e7ff8fbe5977725534429de8aca6349ef96fd03af4743e84c93eb105907a9c,S3,高,,,验证,需进一步验证,Git
backups/code_before_v06e_20260706_115352/docs/03_USER_GUIDE.md,1253,ef8fbf84be29a98ce875e9ec35011c9c3bb13c605cc291e90c8be755bae03cae,S3,高,,,验证,需进一步验证,Git
backups/code_before_v06e_20260706_115352/docs/03_故障排查.md,2336,ea25625abf64c7453215e0eafe3dc3a3052783534077fc590f2eb0c8628ed024,S3,高,,,验证,需进一步验证,Git
backups/code_before_v06e_20260706_115352/docs/03_离线提取规则说明.md,1514,bcd516dc23b7641636a738dd85b8f3c4790abdf9109c43290db1ab3c45f4bfaf,S3,高,,,验证,需进一步验证,Git
backups/code_before_v06e_20260706_115352/docs/03_算法与安全边界.md,1292,34132b1f4feb36936ed8a7353eac82d4e6cb5ec0fa4bfd131c8cb5cc682819e3,S3,高,,,验证,需进一步验证,Git
backups/code_before_v06e_20260706_115352/docs/04_DATA_MODEL.md,1428,8ea6c72515a52c7ca7bfb61508db139641cad8813427fc705617b7129576dac3,S3,高,,,验证,需进一步验证,Git
backups/code_before_v06e_20260706_115352/docs/04_故障排查.md,1581,c6d452f63ce22b33e2e39876b736f0300a6c80fe07fa5fcb4dc47be322382c65,S3,高,,,验证,需进一步验证,Git
backups/code_before_v06e_20260706_115352/docs/05_REVIEW_WORKFLOW.md,1280,8f6252999adf2d7a85fc753ef1b6f4924deacde97858607834cc6d877f8d29c8,S3,高,,,验证,需进一步验证,Git
backups/code_before_v06e_20260706_115352/docs/06_DATA_INGESTION.md,1660,295d21c8c6048db5fcaa952df8742e1b478cb73d6f945d1903721c2a70e78a70,S3,高,,,验证,需进一步验证,Git
backups/code_before_v06e_20260706_115352/docs/07_DEVELOPMENT.md,1212,f229e5249487074f4935c835a3dc726724bde0bb5f5b8df762c464fa10494476,S3,高,,,验证,需进一步验证,Git
backups/code_before_v06e_20260706_115352/docs/08_TROUBLESHOOTING.md,1223,e6eb1f98b8fbb6571f5001f0fb6152de8b2104425675a8c47e265b06564890ed,S3,高,,,验证,需进一步验证,Git
backups/code_before_v06e_20260706_115352/docs/09_CHANGELOG.md,1053,760fa87295376e9fe84eff0d1ea1e9d2209f0a210575445e670807c31988c13b,S3,高,,,验证,需进一步验证,Git
backups/code_before_v06e_20260706_115352/docs/10_V04D_STRUCTURING.md,1638,e98d29ca27e13f1ce8ae1c6e3bac694aad0d27ae5e6554998df5af82fb80d365,S3,高,,,验证,需进一步验证,Git
backups/code_before_v06e_20260706_115352/docs/11_V04H_RECOMMENDATIONS.md,2491,0da1e5d537a19dbd51cb26a33992f90e6f74ac8b1c18b088183b31a9e2a7a1ff,S3,高,,,验证,需进一步验证,Git
backups/code_before_v06e_20260706_115352/docs/12_V05A_SECURITY.md,3207,d923f5c1bb5e43fb3b558ae9079ad1612c12eb65553929949ca003ea2176b616,S3,高,,,验证,需进一步验证,Git
backups/code_before_v06e_20260706_115352/docs/13_V05A_PATCH_INSTALL.md,1865,56f3f3324c879128c404b5e9f5a18bf638b3e47c4555aa34c69930dfd776b09e,S3,高,,,验证,需进一步验证,Git
backups/code_before_v06e_20260706_115352/docs/14_V05B_MEMBER_IMPORT.md,3311,b165c8e11b1e0bcd7b40744c4c604380332b6095da8dfe8711d3694c37051a30,S3,高,,,验证,需进一步验证,Git
backups/code_before_v06e_20260706_115352/docs/15_V05B_PATCH_INSTALL.md,2012,5d116ab1ef7aea92ac4daf54dcfb9730495ef8ee29c42272a068defa67a55d15,S3,高,,,验证,需进一步验证,Git
backups/code_before_v06e_20260706_115352/docs/16_V05B_QUICK_ACCEPTANCE.md,646,ceeb2f2c3b6c22fe698552899cb0af473bff2b720fbdc94cef2ef3b6dae7f005,S3,高,,,验证,需进一步验证,Git
backups/code_before_v06e_20260706_115352/docs/API_V1_GUIDE.md,9556,586a4c9931c5a7787704277787be4ab28301df1313870d3c19af0ab1e8d25751,S3,高,,,验证,需进一步验证,Git
backups/code_before_v06e_20260706_115352/docs/CAPABILITY_REUSE_MAP.md,13076,25eccdb972988efa1c7257f2a6868648fab1d1925b316b0a66eda5449528aeaf,S3,高,,,验证,需进一步验证,Git
backups/code_before_v06e_20260706_115352/docs/capability_route_mapping_v1.md,3119,7baa869ca9d68bc78843cc6a8b70188718a65024c89a309696a1dae738a44fac,S3,高,,,验证,需进一步验证,Git
backups/code_before_v06e_20260706_115352/docs/client_api_contract_v1.md,1641,ba46603e09fd3232bb4b46fc00f4b0de78904493e227f911a54c271fad4962d2,S3,高,,,验证,需进一步验证,Git
backups/code_before_v06e_20260706_115352/docs/COLLECTION_SCHEDULER_WINDOWS.md,1529,7b80bcd21997654ed0b87f84f62ca68579268c60d11475dbf9d028406cbf6fcc,S3,高,,,验证,需进一步验证,Git
backups/code_before_v06e_20260706_115352/docs/DOCUMENT_CLEANUP_REPORT.md,4241,64ec2daff317784bb0ba6280b261e5e9367ddd0684c8194d873dc208ad5a1a05,S3,高,,,验证,需进一步验证,Git
backups/code_before_v06e_20260706_115352/docs/DOCUMENT_INDEX.md,1863,4792bd430030f4a839db895eb526a9530b98b843eb8b9ccd1db285cdea98ab8f,S3,高,,,验证,需进一步验证,Git
backups/code_before_v06e_20260706_115352/docs/IDENTITY_COMPATIBILITY_LAYER_DESIGN.md,14215,1c201f5234fcdb1290806f654012c16232082cf0122cd8ea7921db3f4b087c19,S3,高,,,验证,需进一步验证,Git
backups/code_before_v06e_20260706_115352/docs/network_people_traceback_v06b.md,759,19859df4f3378920d706ffab9aba966fe8b43dd8be8a28081ccd6b38fcd0aa0d,S3,高,,,验证,需进一步验证,Git
backups/code_before_v06e_20260706_115352/docs/PLATFORM_ARCHITECTURE.md,6620,85f7bf82e7ebfa95fcca02c81ffe83d9f190542c7d315fe1d841e1027a2a3cb4,S3,高,,,验证,需进一步验证,Git
backups/code_before_v06e_20260706_115352/docs/platform_capability_mapping_v06b.md,1877,24b8ba66d2ebe79e13fb1774affb58123429bb162f59c43e41b653aa7797858c,S3,高,,,验证,需进一步验证,Git
backups/code_before_v06e_20260706_115352/docs/route_compatibility_v1.md,2665,d22f93a4c3b3faec544734bd89a50674f4110981df2c6e6407b144762079e7f3,S3,高,,,验证,需进一步验证,Git
backups/code_before_v06e_20260706_115352/docs/SKILLS_GUIDE.md,4047,b4440203a901c7883438fefdd685f4dc9f2064fca4ede16fcd79f1e43d40a632,S3,高,,,验证,需进一步验证,Git
backups/code_before_v06e_20260706_115352/docs/V04H_PATCH_MANIFEST.txt,464,2bb231bcde5c7d127428e82dddcb26b4b6e55757cc35223656203feddbe2a407,S3,高,,,验证,需进一步验证,Git
backups/code_before_v06e_20260706_115352/docs/V05A_PATCH_MANIFEST.txt,876,dee31e7f3da714a0c169f9a9ca4954885615d20d203abf80880804b32ad4b577,S3,高,,,验证,需进一步验证,Git
backups/code_before_v06e_20260706_115352/docs/V05B_PATCH_MANIFEST.txt,709,83b6cb8794c99291aa4f537767242c4ff88684f00baec75bd71d944bb9b47ddb,S3,高,,,验证,需进一步验证,Git
backups/code_before_v06e_20260706_115352/docs/V05F_COLLECTION.md,1915,6cb24d9fdd58c45e1600a4b60b548268f9098a6f0b6accc563ee18e343430b07,S3,高,,,验证,需进一步验证,Git
backups/code_before_v06e_20260706_115352/docs/V05F_PATCH_INSTALL.md,978,6c65b469ff615bf6b5974a3c8decb0ed5d22f01678a3764f0015bbed5740e9dd,S3,高,,,验证,需进一步验证,Git
backups/code_before_v06e_20260706_115352/docs/V05F_PATCH_MANIFEST.txt,1696,9f46f63373dc34788df0d8c6a510593bff5a590bdd0b1bfaaf9b6186c54ea80d,S3,高,,,验证,需进一步验证,Git
backups/code_before_v06e_20260706_115352/docs/V05G_PATCH_INSTALL.md,892,7ce6ff91777c11f0435a0cdb22290b614a146b019c2b62054a176504fff7fc6f,S3,高,,,验证,需进一步验证,Git
backups/code_before_v06e_20260706_115352/docs/V05G_PATCH_MANIFEST.txt,1119,b6346958291b528ba06ebc7a5615dea88aa8b0c3b4ff271256fa0d0574338d4e,S3,高,,,验证,需进一步验证,Git
backups/code_before_v06e_20260706_115352/docs/V05G_PROCESSING.md,2200,24866cc7b9908757395c771689e92c053ccecca97cb0751ccca6aed628074a19,S3,高,,,验证,需进一步验证,Git
backups/code_before_v06e_20260706_115352/docs/V05H_PATCH_INSTALL.md,866,725e621d51b7066e46f1ef6a97470d502954e279b3e2000d604e262363d2494d,S3,高,,,验证,需进一步验证,Git
backups/code_before_v06e_20260706_115352/docs/V05H_PATCH_MANIFEST.txt,1066,7c345aef9ac2b28dc08e80e83f6fdad8a9fcfbde00a0c9306f7590e8501398c3,S3,高,,,验证,需进一步验证,Git
backups/code_before_v06e_20260706_115352/docs/V05H_REPORTS_SIGNALS_NAVIGATION.md,2517,5020d3d9cfbf4e438726e1e3cd700c321273ced7572aa340bb8c59f9e274e376,S3,高,,,验证,需进一步验证,Git
backups/code_before_v06e_20260706_115352/docs/V05I_PATCH_INSTALL.md,982,f7bde40b2fb18a67871c7ced4de83e9e1fa4e217a6e2254147fd3ba9f93a503e,S3,高,,,验证,需进一步验证,Git
backups/code_before_v06e_20260706_115352/docs/V05I_PATCH_MANIFEST.txt,924,c84960ab88200370c480e5b86f9427b35d61be60494915237a94cde605164838,S3,高,,,验证,需进一步验证,Git
backups/code_before_v06e_20260706_115352/docs/V05I_PIPELINE_QUALITY_CENTER.md,3187,00b8ead86cf927a98c65c599bbd967406789e327a7cf86122f17726cb157cb77,S3,高,,,验证,需进一步验证,Git
backups/code_before_v06e_20260706_115352/docs/V05I_REAL_SOURCE_ACCEPTANCE.md,1069,11d5cef90280adb2eb49b30bacbde70c730a7affddc54e66a5cccffbda3a1c5e,S3,高,,,验证,需进一步验证,Git
backups/code_before_v06e_20260706_115352/docs/V05J_PATCH_INSTALL.md,2031,85e3609de22f6b635479bc3adc0dcea9b3f184df41d2b77f7ea8eaa2f0a94f5f,S3,高,,,验证,需进一步验证,Git
backups/code_before_v06e_20260706_115352/docs/V05J_PATCH_MANIFEST.txt,1211,9722c34d01613f25ed33a37fea7aa0f3ed34ac95696cbcec3160076f950613d0,S3,高,,,验证,需进一步验证,Git
backups/code_before_v06e_20260706_115352/docs/V05J_RESEARCH_I18N_INVESTMENT.md,3677,1358a98de92b63f049fb223c30466d0675e45c4683742ee19a45f1188f3db209,S3,高,,,验证,需进一步验证,Git
backups/code_before_v06e_20260706_115352/docs/V05KL_PATCH_INSTALL.md,1249,9f7992e119c1df2de589e377f9cdc607959f23fef99ddbc9cb3c6b646020e2bb,S3,高,,,验证,需进一步验证,Git
backups/code_before_v06e_20260706_115352/docs/V05KL_PATCH_MANIFEST.txt,930,b39969c813c05de5967c6213bf09e359308eda46a3eba629723209c9bf6d11dc,S3,高,,,验证,需进一步验证,Git
backups/code_before_v06e_20260706_115352/docs/V05KL_PRODUCTION_OPERATIONS.md,2319,600801c83f66b06e0b0b8c5bc103a3b870cfd31aeb0308c5e5f193c4c969d73b,S3,高,,,验证,需进一步验证,Git
backups/code_before_v06e_20260706_115352/docs/v05M-R_recovery_acceptance_and_rollback.md,1924,f816ad2394ff0a7aeb18851cd14a2dba4503cfdd250c3dbfdc5e321fcd8ee0b9,S3,高,,,验证,需进一步验证,Git
backups/code_before_v06e_20260706_115352/docs/v05M_人工验收与回滚说明.md,1938,f5faad04e617d66590f7bad4a5a3db64fcb50e0b41c3c6efc5b912962a4c9d49,S3,高,,,验证,需进一步验证,Git
backups/code_before_v06e_20260706_115352/docs/V05_REAL_INTELLIGENCE_CHAIN_ACCEPTANCE_AND_ROLLBACK.md,914,31815fe8229e415b4254f9ae358ee37baad42b787c7b1cbee78a7e4f79d766e0,S3,高,,,验证,需进一步验证,Git
backups/code_before_v06e_20260706_115352/scripts/apply_direct_route_fix.py,6927,8c2706a1a2fee897eebf4e2ca9299ccd83faf4cc513e1cb9fcff1b389a0f89c6,S3,高,,,验证,需进一步验证,Git
backups/code_before_v06e_20260706_115352/scripts/apply_v03b.py,3341,045d3068e401c6c5cdbcd36d142a84de123416f3228b8cb75c4ad234f1c22d20,S3,高,,,验证,需进一步验证,Git
backups/code_before_v06e_20260706_115352/scripts/apply_v03c.py,1883,f04db1cd26157fe8f4852511303e5e89f3dc37fd239b785f160368dc66360eab,S3,高,,,验证,需进一步验证,Git
backups/code_before_v06e_20260706_115352/scripts/apply_v04a.py,2324,bf2bcd1da07fa0025a7fea8833317c26ce7440b8ebbf089f9387ce79fe6cf47b,S3,高,,,验证,需进一步验证,Git
backups/code_before_v06e_20260706_115352/scripts/apply_v04b.py,4843,612588fe994e208ecbda53fc6e88ae2ba0b9f6c41d39a9341176a5950a10f4eb,S3,高,,,验证,需进一步验证,Git
backups/code_before_v06e_20260706_115352/scripts/audit_foreign_keys_v1.py,5000,726f56b62eb9d4b2223578bcdc8b9209e7858609f1492ce593ebad5ed51f214c,S3,高,,,验证,需进一步验证,Git
backups/code_before_v06e_20260706_115352/scripts/audit_suspicious_entities.py,2874,47574779f9700e822fc07af6adf8de1c93959fa84036c7959b0110f67f6e7481,S3,高,,,验证,需进一步验证,Git
backups/code_before_v06e_20260706_115352/scripts/backup_database.py,441,7d4c4a96ad99a23218cf6b6423d222cb9d6f09bd9b6e9aa0a870f2cc68051d6f,S3,高,,,验证,需进一步验证,Git
backups/code_before_v06e_20260706_115352/scripts/build_release_v1.py,2760,8f799bb0f223018c0cd7b75c5814f7f6431fe615ee567d8b88cd5d750d9ccc1a,S3,高,,,验证,需进一步验证,Git
backups/code_before_v06e_20260706_115352/scripts/check_all_templates.py,1272,3f55df52b07470d85bfb886677cad26e39501d6b65164f1d146a0ef76dec0424,S3,高,,,验证,需进一步验证,Git
backups/code_before_v06e_20260706_115352/scripts/check_database_config_v1.py,1144,06d16fa0348e7240a1641f8df51406566440dbc4267da2c3c044d74b73aef775,S3,高,,,验证,需进一步验证,Git
backups/code_before_v06e_20260706_115352/scripts/check_mojibake.py,3547,0518a9d9efe71057405fadd73037e6c078297e4827b014bf77e48339d7974461,S3,高,,,验证,需进一步验证,Git
backups/code_before_v06e_20260706_115352/scripts/check_seed_data.py,722,d4658dfbe28f8ecfa9ad0e74ad582245845de9834246bc2cc9cd16369cf0c748,S3,高,,,验证,需进一步验证,Git
backups/code_before_v06e_20260706_115352/scripts/check_user_visible_english.py,4166,53a5240bee5347a6dba1e1ad0961513579d6352cc33465789ae2869fd72dca7e,S3,高,,,验证,需进一步验证,Git
backups/code_before_v06e_20260706_115352/scripts/cleanup_identity_test_accounts.py,4024,4fe708b0c075ca8d7a096f7b6f3b3bd8de7f6c8a6d90d767dc217c8379312026,S3,高,,,验证,需进一步验证,Git
backups/code_before_v06e_20260706_115352/scripts/cleanup_test_data.py,751,d77a16161efc8a94d8b277705a9790858b2d843684bb0cd1cf2a973678493a18,S3,高,,,验证,需进一步验证,Git
backups/code_before_v06e_20260706_115352/scripts/collect_v04d_context.py,8342,906b95e168dacfe40a4469bdda0e21c38fc4ffe7b0eadaed47f4a1b22c1be3ef,S3,高,,,验证,需进一步验证,Git
backups/code_before_v06e_20260706_115352/scripts/create_identity_test_accounts.py,3790,f9fbe362a6a26ab8203ebb793111e0cc2cbfb035347190e8c016d6ebebc322fa,S3,高,,,验证,需进一步验证,Git
backups/code_before_v06e_20260706_115352/scripts/export_database.py,1109,42760ca5317c752dc84a0a0daefb8976faf4f3abc9855b36ea65d4da9dde37b0,S3,高,,,验证,需进一步验证,Git
backups/code_before_v06e_20260706_115352/scripts/generate_historical_signals.py,852,4a4247bdcbeacb9911a7af036f637ed1964d96f6fdacb22074a87352d3d3dafb,S3,高,,,验证,需进一步验证,Git
backups/code_before_v06e_20260706_115352/scripts/import_seed_data.py,6323,812c4b7a736c5e6f98d601d076613ed74cba8d15ae1db7df73d2e0e4f9770997,S3,高,,,验证,需进一步验证,Git
backups/code_before_v06e_20260706_115352/scripts/init_database.py,359,d2045ce6cbe032f4973be34a33a3d51a913856230e05e5ce6231fee44488f692,S3,高,,,验证,需进一步验证,Git
backups/code_before_v06e_20260706_115352/scripts/migrate_all.py,4694,64e3943206f6752f18e395d14d28de3eb817bfe0f03c3f1df62168f072a0e059,S3,高,,,验证,需进一步验证,Git
backups/code_before_v06e_20260706_115352/scripts/migrate_domain_consolidation_v1.py,4876,ebae20c78798087f0a82ac571e2e8ad58ae754062b74a3446bc6a3f49606ec9e,S3,高,,,验证,需进一步验证,Git
backups/code_before_v06e_20260706_115352/scripts/migrate_identity_link_v1.py,1194,70bf76059fad3568333cb568e7c72c3936d2cb1484c99e02a8b01135f64b717a,S3,高,,,验证,需进一步验证,Git
backups/code_before_v06e_20260706_115352/scripts/migrate_membership_person_link_v1.py,6017,f72963b168c0a5c8259358548c453204165c4ea38d467f94a68587510e8d6d6c,S3,高,,,验证,需进一步验证,Git
backups/code_before_v06e_20260706_115352/scripts/migrate_organization_core_v1.py,8891,7bd482e34d3825fc67f3546405f13135818c572955a73b7dd0bd2a1f9f7d7a09,S3,高,,,验证,需进一步验证,Git
backups/code_before_v06e_20260706_115352/scripts/migrate_platform_mvp_v1.py,12181,1dbd655c21e6d2933c42da94eadb7853a66751e8468336a4309793d058712b6c,S3,高,,,验证,需进一步验证,Git
backups/code_before_v06e_20260706_115352/scripts/migrate_rbac_core_v1.py,11206,1a938f1af70d7dd3d282b1316e7c78feb25323a122c9d4f7226bdf955d6072b3,S3,高,,,验证,需进一步验证,Git
backups/code_before_v06e_20260706_115352/scripts/migrate_sqlite_to_postgres.py,1713,b1d93a719ba0340e3af2d169dab61024da916ab02a0524b5f763ec3dca094a1d,S3,高,,,验证,需进一步验证,Git
backups/code_before_v06e_20260706_115352/scripts/migrate_user_membership_link_v1.py,3830,cdfa3fe0503f11f07624aaa1165242d8b5bc342b7acd26d63797f9b36be4f188,S3,高,,,验证,需进一步验证,Git
backups/code_before_v06e_20260706_115352/scripts/migrate_v04c.py,1516,3fa26c94bd0093e2ef6999fe79996190b12599e1e6349ca7eac795bf17e89e0e,S3,高,,,验证,需进一步验证,Git
backups/code_before_v06e_20260706_115352/scripts/migrate_v04c1.py,1080,451005888ea0bb76037904f731fac1f22b190d29ca429f97962321a3d7daffcf,S3,高,,,验证,需进一步验证,Git
backups/code_before_v06e_20260706_115352/scripts/migrate_v04d.py,1582,7410b1e7493a38219aa4ddb6d7f098912caedf8895d9e44abe0a73fe088fb655,S3,高,,,验证,需进一步验证,Git
backups/code_before_v06e_20260706_115352/scripts/migrate_v04db.py,1856,d9c575895e1169adc33b2aa625c6f0fbfe4736f173c827e6faf0682768ad5c0c,S3,高,,,验证,需进一步验证,Git
backups/code_before_v06e_20260706_115352/scripts/migrate_v04e.py,1449,86c70a86881b63bd9a34025a9f92b85442006098c415e52b33ae2458e73df512,S3,高,,,验证,需进一步验证,Git
backups/code_before_v06e_20260706_115352/scripts/migrate_v04f.py,7160,4fbeaaab8958b03c6186f40b8ba1b092b5bd848303f6d4854610086cd90bf0d2,S3,高,,,验证,需进一步验证,Git
backups/code_before_v06e_20260706_115352/scripts/migrate_v04g.py,6453,dd7f55754cdf4829d4aca1239d2bdbe0952bd2ec642322cd06efb58697065e6c,S3,高,,,验证,需进一步验证,Git
backups/code_before_v06e_20260706_115352/scripts/migrate_v04h.py,3435,a4a1a64ea76d8f438b98e4de7b65a8e64d3935a59d3b725d05eda3fcd7abdedb,S3,高,,,验证,需进一步验证,Git
backups/code_before_v06e_20260706_115352/scripts/migrate_v05a.py,1306,6a1904b4687125a62e202bfb65b5913cd90184480ab1ef30235f7f96e836f1a6,S3,高,,,验证,需进一步验证,Git
backups/code_before_v06e_20260706_115352/scripts/migrate_v05b.py,5859,ec7e55205b5d02d9559301d0aed7dfceee71939c05fc366e99c80a58d4863c7b,S3,高,,,验证,需进一步验证,Git
backups/code_before_v06e_20260706_115352/scripts/migrate_v05c.py,6453,74c75ba44fc76c740184e1413854f16034489cec3a9214e98777c4a77874620c,S3,高,,,验证,需进一步验证,Git
backups/code_before_v06e_20260706_115352/scripts/migrate_v05d.py,9150,9deec830331122d54e8b8fc3d73f5f835bdde5d4b53ba03d70c2b02235fcd88d,S3,高,,,验证,需进一步验证,Git
backups/code_before_v06e_20260706_115352/scripts/migrate_v05e.py,4540,886bb21eb004d87080e6f03b3b3c0f236e538dcc633b1512ee2f2393e5af2c10,S3,高,,,验证,需进一步验证,Git
backups/code_before_v06e_20260706_115352/scripts/migrate_v05f.py,10325,3e6305a3731335ab352bfa87142a9bc5fce3669eeffd2621f4e30f25a6dd1d05,S3,高,,,验证,需进一步验证,Git
backups/code_before_v06e_20260706_115352/scripts/migrate_v05g.py,9077,bd49e499a9ddf91fd5b9fdc5a7868416a3ad3c879cc8682f7881fafbf2a9e07c,S3,高,,,验证,需进一步验证,Git
backups/code_before_v06e_20260706_115352/scripts/migrate_v05h.py,9021,16d55292f7f6cf274a5617dd230ec6126e73add4d5a01a3ec4cb48b79a28b0ec,S3,高,,,验证,需进一步验证,Git
backups/code_before_v06e_20260706_115352/scripts/migrate_v05i.py,5950,8e9528695bd33aedde715bd6b31576fbc771b2a7a8ab3068c410d93ea4f340d5,S3,高,,,验证,需进一步验证,Git
backups/code_before_v06e_20260706_115352/scripts/migrate_v05j.py,5743,99878f2d157f80163bcfeb22494bca8c99a75a3cfdb20f0c11b9afb3b52f90c9,S3,高,,,验证,需进一步验证,Git
backups/code_before_v06e_20260706_115352/scripts/migrate_v05kl.py,9825,42a34834a2eece12e751e4604bb00253709e4703f3e61d4f79b165d42edb99e4,S3,高,,,验证,需进一步验证,Git
backups/code_before_v06e_20260706_115352/scripts/pilot_real_sources.py,4955,9a8eff704c666d52c2628fd072cf18b449bdfa2bf2fdefd6993ffd42cb050aea,S3,高,,,验证,需进一步验证,Git
backups/code_before_v06e_20260706_115352/scripts/queue_historical_processing.py,1916,a6591bae009d81a31bbf11b5805297806f2fefdc5da90be4a9a484bdd57ad690,S3,高,,,验证,需进一步验证,Git
backups/code_before_v06e_20260706_115352/scripts/refresh_v04h_recommendations.py,829,d418280295ddea172197eb8c5c62717001d5be1602cef815086f3ae6345aa65d,S3,高,,,验证,需进一步验证,Git
backups/code_before_v06e_20260706_115352/scripts/repair_remaining_foreign_keys_v1.py,3029,bbeb1ed16b0d98ad7aab3fc92d8b5e2927cfd26f92c61dda0e62edadff746731,S3,高,,,验证,需进一步验证,Git
backups/code_before_v06e_20260706_115352/scripts/report_membership_person_candidates.py,4177,979ba3ac5eb33c74e8c0d098e90fe0a1e6132e99b57870452e4eb02121b62948,S3,高,,,验证,需进一步验证,Git
backups/code_before_v06e_20260706_115352/scripts/report_user_membership_candidates.py,4505,79b3f40f73c4ffc5d1909eddc3b64df9abeb2c09b6944ba85c054b6656238590,S3,高,,,验证,需进一步验证,Git
backups/code_before_v06e_20260706_115352/scripts/restore_backup.py,1496,5d6cf330bb19c7167b65378b1a2b18de4485371b4eefc2d8f157aa6c15dd969b,S3,高,,,验证,需进一步验证,Git
backups/code_before_v06e_20260706_115352/scripts/run_collection_worker.py,1723,fb9b8a1d6555c29c665d9da6f93d231f9c59e500728079e425e3b64c1f7d65a1,S3,高,,,验证,需进一步验证,Git
backups/code_before_v06e_20260706_115352/scripts/run_monitoring_once.py,1350,a716d0c31ed3268d95a64085f6226ec233944539a7fe9737f62226eda6e4fb1f,S3,高,,,验证,需进一步验证,Git
backups/code_before_v06e_20260706_115352/scripts/run_operational_pilot.py,1792,6087fda987e729f1678c48e9af580c545e34af92131229008b8c33d96da3aa44,S3,高,,,验证,需进一步验证,Git
backups/code_before_v06e_20260706_115352/scripts/run_pipeline_worker.py,2131,d91045d6bdb9e82ac9535b5ca700e9a53c6719c624bf46a2a25c73f59c943687,S3,高,,,验证,需进一步验证,Git
backups/code_before_v06e_20260706_115352/scripts/run_processing_worker.py,2252,bc8a6701c299c4daf1fea700c478a0d7df26db59cdea69efb711ae344a58a89c,S3,高,,,验证,需进一步验证,Git
backups/code_before_v06e_20260706_115352/scripts/run_report_worker.py,1236,9548b98bbad4ed08d80d4a8fe6405c9df7cc947fdfa350899ab12f1cbdbb2902,S3,高,,,验证,需进一步验证,Git
backups/code_before_v06e_20260706_115352/scripts/run_scheduler.py,2230,c96e3d829e796c291d877d1d779e8650a3301dc5ba2a625b95c0c5d0cca6c94d,S3,高,,,验证,需进一步验证,Git
backups/code_before_v06e_20260706_115352/scripts/run_signal_worker.py,785,ebdd12d15424e67a758ab0428c5dcef602d771daa0fc80dca02578596c268178,S3,高,,,验证,需进一步验证,Git
backups/code_before_v06e_20260706_115352/scripts/run_worker.py,2410,e7397aac33256f707fe65c40693260347b42bd54931f7e09d2fe270d4bc906b9,S3,高,,,验证,需进一步验证,Git
backups/code_before_v06e_20260706_115352/scripts/seed_demo_platform_v1.py,27807,b6915423af58ebc4f0495348536868211b6b4181341da11b90134807841f4e47,S3,高,,,验证,需进一步验证,Git
backups/code_before_v06e_20260706_115352/scripts/seed_v04c1_demo.py,3780,749aed26faecbea236db2576415d63e0a041321a159d9925a7aeb48b2e833805,S3,高,,,验证,需进一步验证,Git
backups/code_before_v06e_20260706_115352/scripts/seed_v04c_demo.py,2513,513b4bba0c1873afb7a388fcfc020d34284da24c9f5fe568971a53899bb0e41e,S3,高,,,验证,需进一步验证,Git
backups/code_before_v06e_20260706_115352/scripts/seed_v04db_demo.py,1356,8ebaa1661e9a43e7c68b434bce7661c9bcd006f7fc2484b56c4f13fa106f773c,S3,高,,,验证,需进一步验证,Git
backups/code_before_v06e_20260706_115352/scripts/seed_v04d_demo.py,4100,c52b61c1c17484cd4f00057b955d57e3a09dbaabdda29264c8e0a1d51e81da8e,S3,高,,,验证,需进一步验证,Git
backups/code_before_v06e_20260706_115352/scripts/seed_v04e_demo.py,2055,97585d81631e8eba3926fee88245719eafe165b9833d58333cfdc574eb6c6c0e,S3,高,,,验证,需进一步验证,Git
backups/code_before_v06e_20260706_115352/scripts/self_check.py,2368,e0015ba9c6b3624f8c147d27e3c11d1f9958b23aff71bedce267c933ac274c8d,S3,高,,,验证,需进一步验证,Git
backups/code_before_v06e_20260706_115352/scripts/self_check_v03c.py,450,b06561ab60308650378353da1a751b9c2bb8f4310109a6001674290933b06dd7,S3,高,,,验证,需进一步验证,Git
backups/code_before_v06e_20260706_115352/scripts/self_check_v04a.py,1066,9edd27fcaabe4dfb3b3b55647cfb43ef59d6b263e97c2a019c923ed48f81f04a,S3,高,,,验证,需进一步验证,Git
backups/code_before_v06e_20260706_115352/scripts/test_db_utils.py,2987,d4a5a5a139edcd1dd7ef7926fe4f5256fe525754f43304f2db56b28d54e93353,S3,高,,,验证,需进一步验证,Git
backups/code_before_v06e_20260706_115352/scripts/test_entity_analyzer.py,974,2aaf9fee49d98a588731ab3dc2be20d0cd536abfdf47d0a4dd8670f8eddb3307,S3,高,,,验证,需进一步验证,Git
backups/code_before_v06e_20260706_115352/scripts/test_paste_analyzer.py,1023,4e6d90b709089376fc1c35af23cbf6a2459af12efd914380b2179b4f13a73f8f,S3,高,,,验证,需进一步验证,Git
backups/code_before_v06e_20260706_115352/scripts/test_web_extractor.py,627,95863733c0cb1c7afdd4c595c1a29af898422bc670d038128085838662a14387,S3,高,,,验证,需进一步验证,Git
backups/code_before_v06e_20260706_115352/scripts/verify_all.py,9257,62049a9ad4791aa82e5b0b7e9427285de799f2dd097eecbd050c882775916e10,S3,高,,,验证,需进一步验证,Git
backups/code_before_v06e_20260706_115352/scripts/verify_backup_restore.py,1618,661d5c4c3322e8a104f4ad111567c8624b5d12f176c2014450010ce3fe51593b,S3,高,,,验证,需进一步验证,Git
backups/code_before_v06e_20260706_115352/scripts/verify_core_pages.py,2474,73f19873dd832a11e56ee97af5ec6929495ebb9b21e641ea4dbbaa96b2ef896c,S3,高,,,验证,需进一步验证,Git
backups/code_before_v06e_20260706_115352/scripts/verify_data_integrity_workflow_v1.py,3852,2e9d70e114f1b4587d386c58d15d1ddf9eccebe60f8ce4f6ca42c5347f56b5ea,S3,高,,,验证,需进一步验证,Git
backups/code_before_v06e_20260706_115352/scripts/verify_domain_consolidation_v1.py,2174,6146b8028532d3329b25378421fa0340e77eb5a603f605195ea225b4db7361ad,S3,高,,,验证,需进一步验证,Git
backups/code_before_v06e_20260706_115352/scripts/verify_identity_link_e2e.py,12315,883ad410a2d678828ad978492186b08f9ee0d89ef1d67b6f507e37a0d62cdf84,S3,高,,,验证,需进一步验证,Git
backups/code_before_v06e_20260706_115352/scripts/verify_identity_link_v1.py,7132,670c84c81b6ee355e04987ca22e55638bf484a12507ed753021958787fc17cf2,S3,高,,,验证,需进一步验证,Git
backups/code_before_v06e_20260706_115352/scripts/verify_identity_membership_access_v1.py,11614,c483450c315f1f7cfa2221a96582ee70343d468e26140b386d31f95b42fc5faf,S3,高,,,验证,需进一步验证,Git
backups/code_before_v06e_20260706_115352/scripts/verify_intelligence_full_chain.py,9189,fe43737fef80f426e2da1d0f31be3d1b9ed385a621f0ffba9b474b32438337e3,S3,高,,,验证,需进一步验证,Git
backups/code_before_v06e_20260706_115352/scripts/verify_manual_ingestion.py,3184,38aac056ae65ac04f09e286c601f76b04760c2b9aae8734c43050ccde5e07295,S3,高,,,验证,需进一步验证,Git
backups/code_before_v06e_20260706_115352/scripts/verify_membership_access_scope_v1.py,6656,546238f71f71b8a05921a367902476b68a8ce7dd6a30596b9a6e647afa5a9cbb,S3,高,,,验证,需进一步验证,Git
backups/code_before_v06e_20260706_115352/scripts/verify_membership_person_link_ui_v1.py,13218,ad597c60a864983a8c57420e332f301bf34fc38be60e704b4e75376b279f4be5,S3,高,,,验证,需进一步验证,Git
backups/code_before_v06e_20260706_115352/scripts/verify_membership_person_link_v1.py,12098,1ae407eb669da16b6dc183335215f8ffcfed9e3af12529be5d409a1a9a170d13,S3,高,,,验证,需进一步验证,Git
backups/code_before_v06e_20260706_115352/scripts/verify_navigation_product_shell_v1.py,4469,e6d3bc25c4f1654cc374643e21e22ff9d0df27c1f4cb6d3a2439046b2c59a1fc,S3,高,,,验证,需进一步验证,Git
backups/code_before_v06e_20260706_115352/scripts/verify_organization_core_v1.py,14513,c67b8c941b4f21c4ba8b46d02a392ee7304930f7d3616a85fad7f686c14a6332,S3,高,,,验证,需进一步验证,Git
backups/code_before_v06e_20260706_115352/scripts/verify_p0_stability_v1.py,2884,3442b21aae0f519b710947bbf6b04a1f125eb565137cb3d49f962ce7ba276271,S3,高,,,验证,需进一步验证,Git
backups/code_before_v06e_20260706_115352/scripts/verify_platform_integration_v1.py,6027,4532b9dc03411fbd7e7c533b53f1b2849101b85e82fdb0ffff022d795a8e6b94,S3,高,,,验证,需进一步验证,Git
backups/code_before_v06e_20260706_115352/scripts/verify_platform_mvp_v1.py,8661,4086d31b1efffb737087354ee53335453e6a918e0f2b87b3f3cce51ec6a0c6e5,S3,高,,,验证,需进一步验证,Git
backups/code_before_v06e_20260706_115352/scripts/verify_rbac_authorization_v1.py,21032,68642339faf4cbc5169488da0d193ee5ae4647df1d0f352eaf6f31d5a94cc82e,S3,高,,,验证,需进一步验证,Git
backups/code_before_v06e_20260706_115352/scripts/verify_route_registry_v1.py,3528,1315eda8869364aa626fb544136936929709dc328f87aed560a6c85be7b931df,S3,高,,,验证,需进一步验证,Git
backups/code_before_v06e_20260706_115352/scripts/verify_user_membership_link_v1.py,8618,6045652f6f791740db4d145b9865decac61e71c0a010d7dada2a03b6a315f8fb,S3,高,,,验证,需进一步验证,Git
backups/code_before_v06e_20260706_115352/scripts/verify_v04c.py,4234,9286f29f1c462c9af68a5a001c7b2c5cf57e08a995c066576ece1151f9623d85,S3,高,,,验证,需进一步验证,Git
backups/code_before_v06e_20260706_115352/scripts/verify_v04c1.py,10670,03883f776ca34036c0cd58148d5d6934a01ce05cad6f027026d1fc0c6191ae52,S3,高,,,验证,需进一步验证,Git
backups/code_before_v06e_20260706_115352/scripts/verify_v04d.py,9470,108f31d2907a054a4e37b8f3f32e5d682653c8a783a4da50d050b5d62ed830f1,S3,高,,,验证,需进一步验证,Git
backups/code_before_v06e_20260706_115352/scripts/verify_v04d3_batch_people.py,6260,ef09600d00a33ac3b8e1267787bbcc591f2dd5cb8c1b452b6dcdf4e6c8da3a1e,S3,高,,,验证,需进一步验证,Git
backups/code_before_v06e_20260706_115352/scripts/verify_v04d4_links_and_review.py,9177,0c3391b50e87abe1ad0842d3de28618aa88c1105a49b0003b213e027b1335645,S3,高,,,验证,需进一步验证,Git
backups/code_before_v06e_20260706_115352/scripts/verify_v04db.py,7222,3e73937a36a3c6e3473a31478ad2be621d83a2a9b392cf5a835c456e168d6a7e,S3,高,,,验证,需进一步验证,Git
backups/code_before_v06e_20260706_115352/scripts/verify_v04d_search.py,2456,8e7988e39fdf2ad3b4eb8675a371ee6adf0dc9da4cc556a1713a58a530bb58ff,S3,高,,,验证,需进一步验证,Git
backups/code_before_v06e_20260706_115352/scripts/verify_v04e.py,15729,8040d968aeeaf3f9d5e724e38876850860986749a1ae1798075a8bbfc127172f,S3,高,,,验证,需进一步验证,Git
backups/code_before_v06e_20260706_115352/scripts/verify_v04f.py,12588,b090e78627dd56084acc9281e5a44862efa1af456d50d033f95360970fe50a16,S3,高,,,验证,需进一步验证,Git
backups/code_before_v06e_20260706_115352/scripts/verify_v04g.py,10367,e33f37b46f29c34d7cf221c8399cfe4d07acb842f4ebd5194cba6150a1c6fffb,S3,高,,,验证,需进一步验证,Git
backups/code_before_v06e_20260706_115352/scripts/verify_v04h.py,10037,14db72592b1c0b98722c9fc85fd993a7661e0cca1a3a6e4e49063fbd3493530b,S3,高,,,验证,需进一步验证,Git
backups/code_before_v06e_20260706_115352/scripts/verify_v05a.py,7276,db7df7b67d5e15546e80300d3ff639b18c4c82e5cfbf341253e7da55ab92424c,S3,高,,,验证,需进一步验证,Git
backups/code_before_v06e_20260706_115352/scripts/verify_v05b.py,8692,c97434449462ca8af734d8047d935dc6abefb8add1c708267858b551fd064269,S3,高,,,验证,需进一步验证,Git
backups/code_before_v06e_20260706_115352/scripts/verify_v05c.py,9485,f17d11aa4fdd3e5bdd6c14e6ba65f5c463138ca43bee42965b58d28882f79b1d,S3,高,,,验证,需进一步验证,Git
backups/code_before_v06e_20260706_115352/scripts/verify_v05d.py,17886,99cd4a5dd9eb0c95bc2400bfaf20186b79fd0bd18fc78e9fbb9c2fff3053a53f,S3,高,,,验证,需进一步验证,Git
backups/code_before_v06e_20260706_115352/scripts/verify_v05e.py,10242,65d123be6532facc778613be7336651573eb63f05727c4997b43e993175b305e,S3,高,,,验证,需进一步验证,Git
backups/code_before_v06e_20260706_115352/scripts/verify_v05f.py,8759,5f4b4fdc73bbb42bf0096eedcdf2efbfc1cdd8b5b4bf714e74e00ca46f75fe2b,S3,高,,,验证,需进一步验证,Git
backups/code_before_v06e_20260706_115352/scripts/verify_v05g.py,11822,4099bd51c76186a93c060820b6430d4c4ff3c3f5494d5b3db96edb3d464a89cc,S3,高,,,验证,需进一步验证,Git
backups/code_before_v06e_20260706_115352/scripts/verify_v05h.py,7841,44495c427710b872729442023fdf906e746d34c38bca990a4d8bcd9f6bd2830a,S3,高,,,验证,需进一步验证,Git
backups/code_before_v06e_20260706_115352/scripts/verify_v05i.py,5305,66f13fba1a283b94f95139292a8bdaeeff747fb74557653af0e63a84e27d318c,S3,高,,,验证,需进一步验证,Git
backups/code_before_v06e_20260706_115352/scripts/verify_v05j.py,8832,6e33fc6512ad205baf6415c1109de1846e3dd0b7d5b8c46dc28dce44f615f1be,S3,高,,,验证,需进一步验证,Git
backups/code_before_v06e_20260706_115352/scripts/verify_v05kl.py,7298,54eacca47c3b38cd9878a6a3a95335ed3428ea97679050aaf5fe810d24f71e9a,S3,高,,,验证,需进一步验证,Git
backups/code_before_v06e_20260706_115352/scripts/verify_v05m.py,5394,4f2d72353ddf00f11f3e9509cbb917fcb813037e04276c8ec61c51b11232b732,S3,高,,,验证,需进一步验证,Git
backups/code_before_v06e_20260706_115352/docs/archive/01_手动替换步骤.md,1822,b812dc0d33d5a6922fa39bb9d2e8dd4c723fbb59de6e132a8b38d25fe9603e68,S3,高,,,验证,需进一步验证,Git
backups/code_before_v06e_20260706_115352/docs/archive/02_JSON数据格式.md,2561,e57a0e2c250a3f9c793cf6e684f011c0b41d68edb3151440aa3998b9b93d49b7,S3,高,,,验证,需进一步验证,Git
backups/code_before_v06e_20260706_115352/docs/archive/02_功能验收清单.md,1689,559bcbca42926f3b9ad3810095831a5639868d4ddd6416ec6ee8a44b0c856376,S3,高,,,验证,需进一步验证,Git
backups/code_before_v06e_20260706_115352/docs/archive/03_故障排查.md,1685,d415e3fa205eda63437db991651fe8147bfec55e2cce25dfafc290a7ba7bc661,S3,高,,,验证,需进一步验证,Git
backups/code_before_v06e_20260706_115352/docs/archive/03_正式同步与业务表映射.md,1519,518ebbda66f0ef51358ed725f73606c6e48148edc084b562e5cb6c2a4fae1d53,S3,高,,,验证,需进一步验证,Git
backups/code_before_v06e_20260706_115352/docs/archive/04_验收清单.md,1158,96a4f38a78ab3d6fc7cee8876e0c8f4da371c0819b429a2c6c1a27ea41b81622,S3,高,,,验证,需进一步验证,Git
backups/code_before_v06e_20260706_115352/docs/archive/05_故障排查.md,1565,e22719301d2a2bd70c0fc2400fca1d89c050a88285795142c1c069e8bbb612b5,S3,高,,,验证,需进一步验证,Git
backups/code_before_v06e_20260706_115352/app/api/__init__.py,1,01ba4719c80b6fe911b091a7c05124b64eeece964e09c058ef8f9805daca546b,S3,高,,,验证,需进一步验证,Git
backups/code_before_v06e_20260706_115352/app/core/config.py,4435,f20022f247261ed21c43f268cb7d24e3673411092bf605d12388cfd0bafefb8e,S3,高,,,验证,需进一步验证,Git
backups/code_before_v06e_20260706_115352/app/core/database_compat.py,1703,c37dbac107be37ec9e2d4ad8bfbed82a5653b3894f101d638f6ae5eff9c53f1e,S3,高,,,验证,需进一步验证,Git
backups/code_before_v06e_20260706_115352/app/core/__init__.py,83,2061d762fb4ff0fa36734d80935ad95cc12251e0ac1f7043ffa460553e860d6d,S3,高,,,验证,需进一步验证,Git
backups/code_before_v06e_20260706_115352/app/i18n/helpers.py,4400,6dbfb24ba347d39b3828afa4efe59be4c2db6c84130fc84fdf4bd5ee6671e025,S3,高,,,验证,需进一步验证,Git
backups/code_before_v06e_20260706_115352/app/i18n/zh_cn.py,6214,0bf1cdfbf0802af4a35c718e968faea36ea2a93e940ede50f6b90b4bd49c698d,S3,高,,,验证,需进一步验证,Git
backups/code_before_v06e_20260706_115352/app/i18n/__init__.py,390,dde6fa21ccbc21bb8e2df4893a3f48c83e4ab8fee5a183fb1ca4256d63040c02,S3,高,,,验证,需进一步验证,Git
backups/code_before_v06e_20260706_115352/app/platform/capability_registry.py,14753,53716383ba7c541fb133604a1bf97c3a0062a3fcbd56edc9134518e8a4c42159,S3,高,,,验证,需进一步验证,Git
backups/code_before_v06e_20260706_115352/app/platform/__init__.py,37,35ea74b07e0dc25deecbf3586786d8ae9c2066d488f600750f3610eba7c537d0,S3,高,,,验证,需进一步验证,Git
backups/code_before_v06e_20260706_115352/app/services/api_common.py,2940,73400a30f54dfeabb343c37aef3853a792c52b5baec9bb28c4086dcbf2d83f80,S3,高,,,验证,需进一步验证,Git
backups/code_before_v06e_20260706_115352/app/services/api_subject_service.py,10647,e2228d5e3015cf9b115570c77b37bfea53af9e812b91638198b8b24b9c0d4a2c,S3,高,,,验证,需进一步验证,Git
backups/code_before_v06e_20260706_115352/app/services/authorization_service.py,21458,5c77b26cb39d85faef4e8a098b7e57e8f4ac76fc4952449a0069ddfa9329dd8a,S3,高,,,验证,需进一步验证,Git
backups/code_before_v06e_20260706_115352/app/services/club_matching_service.py,2167,9d0bc84e3465a8845050aaf43c80c95b41665fda3c8348e5d6985bb807f9f3fe,S3,高,,,验证,需进一步验证,Git
backups/code_before_v06e_20260706_115352/app/services/collection_service.py,42593,da9343f3b4c1c888fe2c1d4435d8bfad6ede978c7cf47cc1421b2f467abdabff,S3,高,,,验证,需进一步验证,Git
backups/code_before_v06e_20260706_115352/app/services/dashboard_service.py,4917,a71d0f275b2dddf5866b92c9034a54b0c7399c37b5fea94ace9ddcf0cd4fc653,S3,高,,,验证,需进一步验证,Git
backups/code_before_v06e_20260706_115352/app/services/data_integrity_service.py,10179,b05bf7711ff8798e549c8375c10b4af690383acf3955b7bdb75df6d27843a290,S3,高,,,验证,需进一步验证,Git
backups/code_before_v06e_20260706_115352/app/services/data_quality.py,3800,73faaf5b37986d1d169506aa3d77cacf02f8a576eb9a5297ccbbbcc851ceb62b,S3,高,,,验证,需进一步验证,Git
backups/code_before_v06e_20260706_115352/app/services/identity_link_service.py,16932,b45182b34723031e3f932503e70076b207b3f50c37e95bbfbe4f19a94d1c0fcf,S3,高,,,验证,需进一步验证,Git
backups/code_before_v06e_20260706_115352/app/services/id_generator.py,1311,949187b0ab854288ed04d5257710c87003124e0ed01c5937a69dede96779f2fe,S3,高,,,验证,需进一步验证,Git
backups/code_before_v06e_20260706_115352/app/services/intelligence_flow_service.py,16277,591cf5b612813825f597c944bcd97dff247b9269d7b1177cfcb31a7608702593,S3,高,,,验证,需进一步验证,Git
backups/code_before_v06e_20260706_115352/app/services/lead_recommendation_service.py,1928,0d7a3b89d61369d8550ae0fc110026ebc3a3b386f9ec640e756578db648fa4dd,S3,高,,,验证,需进一步验证,Git
backups/code_before_v06e_20260706_115352/app/services/lead_scoring_service.py,3518,57fb771cac0b0061e82914ce199b7381dac0401afe108513c77e97834e6081ac,S3,高,,,验证,需进一步验证,Git
backups/code_before_v06e_20260706_115352/app/services/manual_ingestion.py,12654,ae9375777b3a31d4023a9b3a94793e649a0e6d1b40bacd1744ef25c97f771ce1,S3,高,,,验证,需进一步验证,Git
backups/code_before_v06e_20260706_115352/app/services/membership_access_service.py,7021,d4b4fc9c6867a60f2836ec88530ded4b4cee2275a6eb1b9051ea9907a89ee22e,S3,高,,,验证,需进一步验证,Git
backups/code_before_v06e_20260706_115352/app/services/membership_person_link_service.py,14472,73bb7f8e5c00d41a1311344a0e0b52bb2f403c2faa1ea6549a4c0cc6b037d4b3,S3,高,,,验证,需进一步验证,Git
backups/code_before_v06e_20260706_115352/app/services/membership_user_link_service.py,14449,03af632550a67977e9a33784748badc965f283787bbe70da9d2cd08ea9ca9940,S3,高,,,验证,需进一步验证,Git
backups/code_before_v06e_20260706_115352/app/services/member_field_classifier.py,3736,175094669cab7ab08fa8f9f4c8e24a77cb07cfcda0eb1a55c0845d5c9f4d1695,S3,高,,,验证,需进一步验证,Git
backups/code_before_v06e_20260706_115352/app/services/member_import_normalizer.py,6996,d80c8572de42cef551d325e634a1aa47de1a8f0a20537b1c9e9198db5fd5c7fa,S3,高,,,验证,需进一步验证,Git
backups/code_before_v06e_20260706_115352/app/services/member_import_parser.py,12523,1877f5d4a47b99f3770e6a280c0ce88db58b76d124cd4170d87d7df3a4c7c999,S3,高,,,验证,需进一步验证,Git
backups/code_before_v06e_20260706_115352/app/services/member_import_service.py,24781,3c85a962a5f4478e18fd3fd0201201fc2c4a812a962596b2576f98d8d244f5c3,S3,高,,,验证,需进一步验证,Git
backups/code_before_v06e_20260706_115352/app/services/member_import_validator.py,2159,f146e2d35a3365d8f30d2e31205e451d8ab35564e2986f02a31ca9fa6a6dceff,S3,高,,,验证,需进一步验证,Git
backups/code_before_v06e_20260706_115352/app/services/monitoring_service.py,25527,31c81d0c145e49f541081712a3abc1dd91d7f4fe4a7a0c9180903f6b45fd0db8,S3,高,,,验证,需进一步验证,Git
backups/code_before_v06e_20260706_115352/app/services/navigation_service.py,6046,9edd11a97818bd254691d3d9234e8be488e8da1c9c7ec4f369fec32cc2a9e546,S3,高,,,验证,需进一步验证,Git
backups/code_before_v06e_20260706_115352/app/services/organization_access_service.py,22684,8f6c5aa9079c7e7bb2050f0604bbec053871b8042257e231290b08105347b631,S3,高,,,验证,需进一步验证,Git
backups/code_before_v06e_20260706_115352/app/services/platform_service.py,38741,b391c1bc9fab4488e093d1c896b641839722c90a2c550bfae4af05350b181940,S3,高,,,验证,需进一步验证,Git
backups/code_before_v06e_20260706_115352/app/services/recommendation_service.py,37249,114ca69e8546eee190df03cab19e3f5fa06c02db501512582cf3179ace5d0821,S3,高,,,验证,需进一步验证,Git
backups/code_before_v06e_20260706_115352/app/services/relationship_path_service.py,9200,92754e8b1cc4dd20fb2b28f93d1e04fd428c052f7256bd1c9845de4cec677144,S3,高,,,验证,需进一步验证,Git
backups/code_before_v06e_20260706_115352/app/services/search_service.py,1503,dc90f1eaa218af5f23f5f09c09f75d598ac3b8863bd88b801f104e4fda44e03b,S3,高,,,验证,需进一步验证,Git
backups/code_before_v06e_20260706_115352/app/services/signal_service.py,10320,b5558c7c86a4deaf29cc7bb63c85d3101bdaff0df5ed5afb031874d53f933b67,S3,高,,,验证,需进一步验证,Git
backups/code_before_v06e_20260706_115352/app/services/subject_links.py,6798,0ebd5720516c18d843f9ee61076c72fe01de871a55cf7bab0f98ab4c61fa2e2a,S3,高,,,验证,需进一步验证,Git
backups/code_before_v06e_20260706_115352/app/services/subject_profile_service.py,24068,7c907e7545810247ebbe0e1735bf1896d4540bf19e8d9056e98b8895a640790e,S3,高,,,验证,需进一步验证,Git
backups/code_before_v06e_20260706_115352/app/services/suspicious_review.py,6252,b14b6b7a589fe3fa7c328ea1f76b42b584b4321b8bd0867fbbfac11a4b093143,S3,高,,,验证,需进一步验证,Git
backups/code_before_v06e_20260706_115352/app/services/unified_intelligence_service.py,4596,0bec588b49bca235e346f3e3fef87d88cc97ce783d8471f3fa6be990d6018f16,S3,高,,,验证,需进一步验证,Git
backups/code_before_v06e_20260706_115352/app/services/unified_opportunity_service.py,10245,7d55c8faf28843c9387cbdf723e75745218e4107704c49cc5a52c27934e46afa,S3,高,,,验证,需进一步验证,Git
backups/code_before_v06e_20260706_115352/app/services/unified_resource_service.py,8362,0f4a3e2c1ca3be0cf60bfe2c4b50d993dd6b5d5603fffdb06c1dfdf1eff933c6,S3,高,,,验证,需进一步验证,Git
backups/code_before_v06e_20260706_115352/app/services/unified_search_service.py,3159,14b0b62de724dfaaa4ca9d2f4540ab96d899a2438c6b59b5c1fdaa91f0f88d19,S3,高,,,验证,需进一步验证,Git
backups/code_before_v06e_20260706_115352/app/services/watchlist_service.py,6113,d6a330b4ea32a1f50d2edcb24a2675a5ad9dfc096cb245c9068aa1a20dddc58c,S3,高,,,验证,需进一步验证,Git
backups/code_before_v06e_20260706_115352/app/services/__init__.py,1,01ba4719c80b6fe911b091a7c05124b64eeece964e09c058ef8f9805daca546b,S3,高,,,验证,需进一步验证,Git
backups/code_before_v06e_20260706_115352/app/static/entity_smart_paste.js,35936,fcc5647da2968a4b415896a42be5e2a7dc003c36da55dc95f61b589dded7eac1,S3,高,,,验证,需进一步验证,Git
backups/code_before_v06e_20260706_115352/app/static/platform.css,14634,a080288f08803e2e1261da3f429fde991256f8748dcf6505508494aa27fb9065,S3,高,,,验证,需进一步验证,Git
backups/code_before_v06e_20260706_115352/app/static/style.css,25314,04994861868be4a7496b263491649e5096eb8b74724b4c35516952c81469bb68,S3,高,,,验证,需进一步验证,Git
backups/code_before_v06e_20260706_115352/app/static/v03a_additions.css,411,e7ef93bf3bb8bd77afda1301b74ce8f3f5fa0224763267827cfe7fb4e4be960f,S3,高,,,验证,需进一步验证,Git
backups/code_before_v06e_20260706_115352/app/static/v03b_additions.css,1596,0358c4c6c273f2be45fc6b3a87c07b26e712883c548fe38e3bc1660b128e76af,S3,高,,,验证,需进一步验证,Git
backups/code_before_v06e_20260706_115352/app/static/v03c_additions.css,1024,41231207449cf124b21ae5fdd62240918f1481fdc5676365b6321d5dfacab247,S3,高,,,验证,需进一步验证,Git
backups/code_before_v06e_20260706_115352/app/static/v04a_additions.css,10912,bc9496fcc3714e8ba63560882ea9905d9acc8793d4545024fb5ffba44e4e32b4,S3,高,,,验证,需进一步验证,Git
backups/code_before_v06e_20260706_115352/app/templates/actions.html,1778,c5118bc98c6ba9de17b9eb39dbcc60aa78e24c7f91c45f99d0cce5e0442d67b9,S3,高,,,验证,需进一步验证,Git
backups/code_before_v06e_20260706_115352/app/templates/base.html,3998,d5a0fac20a050e646bfa5fcb4a8520f50524c14226934e17a4394eef1e0e89da,S3,高,,,验证,需进一步验证,Git
backups/code_before_v06e_20260706_115352/app/templates/dashboard.html,4495,7c911030362981d429ca52d77ae910a22929f55092ce002a2ec2fb6b6da9d6d8,S3,高,,,验证,需进一步验证,Git
backups/code_before_v06e_20260706_115352/app/templates/events.html,1079,731c7e82e28462e97c1fe3445aa43b4ab49cc4420dc8de8bf09b6c9f50f9e5b3,S3,高,,,验证,需进一步验证,Git
backups/code_before_v06e_20260706_115352/app/templates/event_detail.html,814,52cc624148155983f246025f0e50b4f1c6c8ea915a84f99bd86a42ed1ab31a33,S3,高,,,验证,需进一步验证,Git
backups/code_before_v06e_20260706_115352/app/templates/generic_form.html,4099,60b54ef1b3d5fc5c14db8a46efd6859fd3e14be320fc1eed303caf3bbcf0357c,S3,高,,,验证,需进一步验证,Git
backups/code_before_v06e_20260706_115352/app/templates/identity.html,4757,1969f32d30dab4358c5afa1027ec6a0887557f866d16bcebe1c52416fed3e137,S3,高,,,验证,需进一步验证,Git
backups/code_before_v06e_20260706_115352/app/templates/imports.html,616,2ad5610129184ac180768feb76e4f5d7b365a71a0232094c5f98551c4422294d,S3,高,,,验证,需进一步验证,Git
backups/code_before_v06e_20260706_115352/app/templates/intelligence_detail.html,1031,46c2fbf17786e6efeffa39f1314b7846c62e348ccd80f25f08166dd3e991e74c,S3,高,,,验证,需进一步验证,Git
backups/code_before_v06e_20260706_115352/app/templates/intelligence_list.html,1020,90471e3758cd2cf5bce1e23edbe74cbbf33c4b2b62b89cdaecd7dd76c0a52bb4,S3,高,,,验证,需进一步验证,Git
backups/code_before_v06e_20260706_115352/app/templates/new_intelligence.html,950,4dac55ef69420320870d8ab5bdd358e514f244f77da5634d9ff73a889753ce23,S3,高,,,验证,需进一步验证,Git
backups/code_before_v06e_20260706_115352/app/templates/organizations.html,1539,e9ab85136d40e24faff2de6f0adbd6ce34b920b5fa882525c73d114cc923750d,S3,高,,,验证,需进一步验证,Git
backups/code_before_v06e_20260706_115352/app/templates/organization_detail.html,1335,883c918f50cdf34db9ce7f03ec02017fdfde829fa1c9c38db4fde827ecacfaa9,S3,高,,,验证,需进一步验证,Git
backups/code_before_v06e_20260706_115352/app/templates/paste_analyze.html,1232,47fb17a3fc5a3bc26ca56d51b679fe5cecfc2e6ee330d999e843fbaf016bac4c,S3,高,,,验证,需进一步验证,Git
backups/code_before_v06e_20260706_115352/app/templates/paste_preview.html,1424,df296c8f654d80ff0549d85a8992efafb888abe8f01737f67de0ef16082c4047,S3,高,,,验证,需进一步验证,Git
backups/code_before_v06e_20260706_115352/app/templates/people.html,1537,9b7690249aa2e595a4fc82716bfea58edfc7d7ec9a5b962d70ca5b79eafee7ad,S3,高,,,验证,需进一步验证,Git
backups/code_before_v06e_20260706_115352/app/templates/person_detail.html,1490,e117d8e5ea16cb73d8cd18021061729475dcc3868a3c8df2f4d34064679e1c31,S3,高,,,验证,需进一步验证,Git
backups/code_before_v06e_20260706_115352/app/templates/projects.html,1079,31b4d9544fc9989932456bf8caa6ecc64377e5d65c607d135d18777812e847e5,S3,高,,,验证,需进一步验证,Git
backups/code_before_v06e_20260706_115352/app/templates/project_detail.html,1148,1fc45086979da11b6e89723c4f8376f8b1e93ad3e8acd75d28a349cbd87ee910,S3,高,,,验证,需进一步验证,Git
backups/code_before_v06e_20260706_115352/app/templates/relations.html,1041,cb38a84251485172843f3d0607ab7a7a13e42ad8564e6e47b0e5f4fbaea09498,S3,高,,,验证,需进一步验证,Git
backups/code_before_v06e_20260706_115352/app/templates/resources.html,1096,b39bed335bb245b6ee20b365f30df4577b6ce71c5b3dcc8fc338d5da11e80988,S3,高,,,验证,需进一步验证,Git
backups/code_before_v06e_20260706_115352/app/templates/resource_detail.html,642,d55bd94650cfb6980ce10d2754aee3d7aba4069deee964b66b1330679c57a47b,S3,高,,,验证,需进一步验证,Git
backups/code_before_v06e_20260706_115352/app/templates/search_results.html,955,f1bc7817fee4558b7983f7578c41954a7a17f6388ace046bf47c8cceddf0c6bb,S3,高,,,验证,需进一步验证,Git
backups/code_before_v06e_20260706_115352/app/templates/subject_center.html,3881,41cb11d101cab33ccd1c3f7a4b599a09bcb9f4d37c26fd804dadaa75114edfd6,S3,高,,,验证,需进一步验证,Git
backups/code_before_v06e_20260706_115352/app/templates/subject_profile.html,2174,9382776c833b8dab628b1a4ae48e554420c3c81c4874c16859ddd3d325c77e23,S3,高,,,验证,需进一步验证,Git
backups/code_before_v06e_20260706_115352/app/templates/suspicious_entities.html,1741,9a3756c08186b83fe661d79051d1da6d583809ab7e6316952673c14abf59c1ff,S3,高,,,验证,需进一步验证,Git
backups/code_before_v06e_20260706_115352/app/templates/v04c1_ingestion.html,2027,56da4dcd7c742fe893b8a0464779bcf5aff13dd3c809ad0f84e66a5fc375483e,S3,高,,,验证,需进一步验证,Git
backups/code_before_v06e_20260706_115352/app/templates/v04c_review_queue.html,4184,3c0f74393694d93fc2d19e4129013cabc7c5c33369bca54a4ebfdc641dd96ea8,S3,高,,,验证,需进一步验证,Git
backups/code_before_v06e_20260706_115352/app/templates/v04db_prestructure.html,1026,f699effc60a120d0dd241f1fb680b8c2926c8f2169052c392696f5e039b5f8d5,S3,高,,,验证,需进一步验证,Git
backups/code_before_v06e_20260706_115352/app/templates/v04d_structuring.html,1129,5cda568c3fe7436021842b88ea0c791b9858a5f7fc3c8c84107a87692f93dd53,S3,高,,,验证,需进一步验证,Git
backups/code_before_v06e_20260706_115352/app/templates/v04e_entity_resolution.html,1167,ce400b57e33338b6e357ce3ed16a0f51cce712a0620a9ba641bd499615aa336a,S3,高,,,验证,需进一步验证,Git
backups/code_before_v06e_20260706_115352/app/templates/v04f_club.html,19940,d27ddc9ba80094fecb411b0f5cf0104892a82d31c8b62e551b6ce994bccec230,S3,高,,,验证,需进一步验证,Git
backups/code_before_v06e_20260706_115352/app/templates/v04f_club_apply.html,2017,3ecc5369f4d76ece163ebad967fa7ffaececbc0fcd4a24ad7790aff404ed34f2,S3,高,,,验证,需进一步验证,Git
backups/code_before_v06e_20260706_115352/app/templates/v04f_leads.html,2342,06c0adf80b1cc9cf91d8695e76f7953f8f4125762805e316a7377cabf4e769ca,S3,高,,,验证,需进一步验证,Git
backups/code_before_v06e_20260706_115352/app/templates/v04g_monitoring.html,1801,e708847e3dd54da005afdcdde600b4dfb383bc326cc7bf54a011b03e5eaa83bc,S3,高,,,验证,需进一步验证,Git
backups/code_before_v06e_20260706_115352/app/templates/v04h_recommendations.html,3140,d1b8564310b39c30c483468132d0dad60c2a070b5371c44d3a640a6e788a731b,S3,高,,,验证,需进一步验证,Git
backups/code_before_v06e_20260706_115352/app/templates/v05a_security.html,10278,042a58218286a8b734ec240e2ba74d1c421977c6521b1ebf0b8802795360b48a,S3,高,,,验证,需进一步验证,Git
backups/code_before_v06e_20260706_115352/app/templates/v05b_member_import.html,5702,ffc793fe22e56bd55cb957b263d4123327f0c9339998cf2f6c9389865057d092,S3,高,,,验证,需进一步验证,Git
backups/code_before_v06e_20260706_115352/app/templates/v05c_club_events.html,7745,c47d148cbf13701cfeb412ddb761d51d4ca4e4b5e74f183bdeab62b9ca3315a3,S3,高,,,验证,需进一步验证,Git
backups/code_before_v06e_20260706_115352/app/templates/v05d_member_admin.html,2386,b2d764482cfff178d16a71642f81d4bcbe95b0397bffe24958de5b72379b7f33,S3,高,,,验证,需进一步验证,Git
backups/code_before_v06e_20260706_115352/app/templates/v05d_member_portal.html,9701,75b049289f1da4ff29adaa6eacb557229813a6b019cce280b921bfb16389b31b,S3,高,,,验证,需进一步验证,Git
backups/code_before_v06e_20260706_115352/app/templates/v05e_dashboard.html,4882,d05eb0c31080234af94eb98ba46307dae049fe7e38bc94b42414cb9c1297eda7,S3,高,,,验证,需进一步验证,Git
backups/code_before_v06e_20260706_115352/app/templates/v05e_signals.html,7126,f58caac8c660b30da8b1bc843b9bc18a574e55095950f3a402ad92ea8b0a22a7,S3,高,,,验证,需进一步验证,Git
backups/code_before_v06e_20260706_115352/app/templates/v05e_watchlists.html,1231,8ccc78b1a23f2a900118f08a27bd53a5b3cac85e0b0a38ee6f8f43b3cd0935d8,S3,高,,,验证,需进一步验证,Git
backups/code_before_v06e_20260706_115352/app/templates/v05f_collection.html,9508,f62369e91f9fb423dbbff31d81b0d2802c2c6c3d04153c00faeccb3f351f2c47,S3,高,,,验证,需进一步验证,Git
backups/code_before_v06e_20260706_115352/app/templates/v05g_processing.html,11196,1e6eaf7b23fe75c8c21c4e3424edab45ca2801a424f754e3a94401af9a37b5ab,S3,高,,,验证,需进一步验证,Git
backups/code_before_v06e_20260706_115352/app/templates/v05h_reports.html,5553,566c47b573456e9b03f8ea415e9e40105ec372c30ef58b64231b13ed227b8edb,S3,高,,,验证,需进一步验证,Git
backups/code_before_v06e_20260706_115352/app/templates/v05i_pipeline.html,8930,7773f56caad548e27617391d684b9d3675410449db4fb836884b6376a53310f6,S3,高,,,验证,需进一步验证,Git
backups/code_before_v06e_20260706_115352/app/templates/v05j_research.html,9238,c2dbad128783be3e0a824a918105b7c6741001626b4fe3d20ed69d16af20510d,S3,高,,,验证,需进一步验证,Git
backups/code_before_v06e_20260706_115352/app/templates/v05kl_operations.html,3008,a3688a9e3560d99308e495e33f687765057096db65174e1be3be6215fbeb1a3c,S3,高,,,验证,需进一步验证,Git
backups/code_before_v06e_20260706_115352/app/templates/_page_head.html,114,f29769b4400d4417b0d7d0c948a2ad9e086a9411b20508d4e1e2ee40d8586ea6,S3,高,,,验证,需进一步验证,Git
backups/code_before_v06e_20260706_115352/app/templates/_record_meta.html,550,575cf9f66ef8849f10bf16f0b5d9fec579b69b9e6f6e806faa48b937bd3224a2,S3,高,,,验证,需进一步验证,Git
backups/code_before_v06e_20260706_115352/app/templates/_review_status.html,275,e555317aece36decdab3bee809ea0424f766cd564309749a3038012be34e0dbc,S3,高,,,验证,需进一步验证,Git
backups/code_before_v06e_20260706_115352/app/templates/platform/admin.html,3413,a256ac2de2dfb810e4b6b33ef67c8552158dfc989656f8f74ee2241d27554dd8,S3,高,,,验证,需进一步验证,Git
backups/code_before_v06e_20260706_115352/app/templates/platform/base.html,317,1c40cc1354e66ebd2be03bbb777ada210089810967bf4c44525023906fffaa69,S3,高,,,验证,需进一步验证,Git
backups/code_before_v06e_20260706_115352/app/templates/platform/data_integrity.html,2778,9655acbe8b52d0051f8811312dc7b44254c6c4e50fb3f6c2fb61a482358df8c6,S3,高,,,验证,需进一步验证,Git
backups/code_before_v06e_20260706_115352/app/templates/platform/error_403.html,1601,350ace38b9f966c624e005f9759dc01fe627450433e06427b794982486bdcac7,S3,高,,,验证,需进一步验证,Git
backups/code_before_v06e_20260706_115352/app/templates/platform/error_404.html,1602,5feb8ede4ca5ad8c6cefd1585a46638fc4c4846754369bb906156857bf750012,S3,高,,,验证,需进一步验证,Git
backups/code_before_v06e_20260706_115352/app/templates/platform/error_500.html,1622,42f2f06a6d703e1f7c620d1e6e72e07f8d4de9fdc63bd4180d329f9897bcb108,S3,高,,,验证,需进一步验证,Git
backups/code_before_v06e_20260706_115352/app/templates/platform/home.html,1387,6198ebce01f9add78836afb99a77241c9bbbc1ad9976b9af960c8cfd742b0cf2,S3,高,,,验证,需进一步验证,Git
backups/code_before_v06e_20260706_115352/app/templates/platform/identity.html,8796,ff35a574a06601e4b0b8d73dcd63f3fb9007cded7f28f953bf22dcb34b0ad721,S3,高,,,验证,需进一步验证,Git
backups/code_before_v06e_20260706_115352/app/templates/platform/intelligence.html,754,919065c8a41333eb805f093aa20ca0a7c1b8a44727fa79a067d0645bff6aa592,S3,高,,,验证,需进一步验证,Git
backups/code_before_v06e_20260706_115352/app/templates/platform/intelligence_detail.html,3249,41065d01a9865c462d0eb7867f8f9acb7e16db77aada59841a7b553f72c6956f,S3,高,,,验证,需进一步验证,Git
backups/code_before_v06e_20260706_115352/app/templates/platform/network.html,1062,809381d83578fd07ed75924dbf3db2853d0cfd7381db5299c04299597a9961ec,S3,高,,,验证,需进一步验证,Git
backups/code_before_v06e_20260706_115352/app/templates/platform/opportunities.html,669,657256bf43417fa523c013ce0b77e92e6bdad27749b2e5fcdef218063b0440aa,S3,高,,,验证,需进一步验证,Git
backups/code_before_v06e_20260706_115352/app/templates/platform/opportunity_detail.html,4819,1534063bf263b254e849cb64f8947c9c0c8ff8afa313d5d4fc38bda882113fd7,S3,高,,,验证,需进一步验证,Git
backups/code_before_v06e_20260706_115352/app/templates/platform/organizations.html,2799,447ca5d9326808e904f975e878ef0fc6e0d0148672177a7cc579c6c88bd7780e,S3,高,,,验证,需进一步验证,Git
backups/code_before_v06e_20260706_115352/app/templates/platform/people_discovery.html,4930,932a50bb4068eeb81da677a9fbb3d61399296189357d20f72b8c7c0d6d08d880,S3,高,,,验证,需进一步验证,Git
backups/code_before_v06e_20260706_115352/app/templates/platform/person_card.html,5401,cace696fd6b995c68d9bf65b0da79a5018606892c86c8dd87738c0b5d141f89c,S3,高,,,验证,需进一步验证,Git
backups/code_before_v06e_20260706_115352/app/templates/platform/resources.html,899,2414055f94afb01960722dd01d49102e76fbace33b69cfd61a3fdbaf314d6758,S3,高,,,验证,需进一步验证,Git
backups/code_before_v06e_20260706_115352/app/templates/platform/resource_detail.html,4409,b43b771be483576f1d6a33afab10a0b72e55192ad07971d86ad95c96566605fa,S3,高,,,验证,需进一步验证,Git
backups/code_before_v06e_20260706_115352/app/templates/platform/resource_form.html,3719,bf715d4fdb1098f121f846ed3e92d5d78065276eb620e907013542ae55a98071,S3,高,,,验证,需进一步验证,Git
backups/code_before_v06e_20260706_115352/app/templates/platform/search_results.html,2475,396a562be05eb76783ef8297e1c2fa3396f0d856334b495a077285b2f567fef4,S3,高,,,验证,需进一步验证,Git
backups/code_before_v06e_20260706_115352/app/templates/platform/subscriptions.html,3163,ad36c90ec10944e598c8a53730cbb5dcacd65e6d02818b476d02fa3e50403143,S3,高,,,验证,需进一步验证,Git
backups/code_before_v06e_20260706_115352/app/templates/platform/workspace.html,1121,305004245d64c1d977f78123faa32ca1f10614480f7fda0937aeed7a45c14d61,S3,高,,,验证,需进一步验证,Git
backups/code_before_v06e_20260706_115352/app/services/operations/backup_service.py,3225,937ed53ebf13266f1ff69789251f8ff86a19784b688911a2bc77c846f3eebc99,S3,高,,,验证,需进一步验证,Git
backups/code_before_v06e_20260706_115352/app/services/operations/restore_service.py,3444,dd428ef34d23f083f1a5b7ad57d46f561f3d617e15a109375e5a9818e986e83c,S3,高,,,验证,需进一步验证,Git
backups/code_before_v06e_20260706_115352/app/services/operations/source_quality_service.py,6862,8fcad98ac1a67ae59731f7ea56c04228a39ce94cd152d4865364d577c4b6b5d1,S3,高,,,验证,需进一步验证,Git
backups/code_before_v06e_20260706_115352/app/services/operations/system_health_service.py,3025,dffc6c5f351608eced8608735c65de57d67a9814f2b888b9a32b293d74a1bd8f,S3,高,,,验证,需进一步验证,Git
backups/code_before_v06e_20260706_115352/app/services/operations/__init__.py,567,e00194d282c2d14c5106bf73d8f61ff410067810401a96aeabb4d81d8181a88e,S3,高,,,验证,需进一步验证,Git
backups/code_before_v06e_20260706_115352/app/services/pipeline/pipeline_common.py,3488,694870c9039f3c9dcb1c095c56b65736d6b39b40108ed1a39cdce039d5e1ce68,S3,高,,,验证,需进一步验证,Git
backups/code_before_v06e_20260706_115352/app/services/pipeline/pipeline_metrics_service.py,4094,a5db51ff182b34756914879df1274765c64aad57c28d8ec6842f57ebc043f077,S3,高,,,验证,需进一步验证,Git
backups/code_before_v06e_20260706_115352/app/services/pipeline/pipeline_quality_service.py,3182,8b3556635d309288836167838c1a0c1b9df6cb36f68b2921640e1418a52c39a3,S3,高,,,验证,需进一步验证,Git
backups/code_before_v06e_20260706_115352/app/services/pipeline/pipeline_service.py,15502,bccc6a793fd200edf4417cfa903672133de5c3524596f02cfcbc611ca19d238d,S3,高,,,验证,需进一步验证,Git
backups/code_before_v06e_20260706_115352/app/services/pipeline/pipeline_state_service.py,5783,f43e792799efaf07247fe3f518fa49ff8632a2442107de4e1c4fa7b7cb75142b,S3,高,,,验证,需进一步验证,Git
backups/code_before_v06e_20260706_115352/app/services/pipeline/__init__.py,669,112de3293c527f253a02c7e7e73caa8520ecedb637214a519f31949f76137943,S3,高,,,验证,需进一步验证,Git
backups/code_before_v06e_20260706_115352/app/services/processing/confidence_service.py,1305,756fbeec83061ee5fcc6143f2977a7fdf2e14362be6f7d62eb62a88ee6f81a90,S3,高,,,验证,需进一步验证,Git
backups/code_before_v06e_20260706_115352/app/services/processing/content_block_service.py,3971,731ed9028bbee77e35ce4ec5cb68321400f0271697eebe357449ad37e770127d,S3,高,,,验证,需进一步验证,Git
backups/code_before_v06e_20260706_115352/app/services/processing/document_classifier.py,1995,1ff306bf0568b2fb62cc955261b37862c97a50550c7b46d7b63be6a6dbe6cf8f,S3,高,,,验证,需进一步验证,Git
backups/code_before_v06e_20260706_115352/app/services/processing/entity_extraction_service.py,7321,007b1f431de0e16cbb8086aa47fcf29aa5db852edadf8fa7606598428d2c5d40,S3,高,,,验证,需进一步验证,Git
backups/code_before_v06e_20260706_115352/app/services/processing/processing_job_service.py,30939,ae5097f47a5637a32494ff217a07fc8f034bde984a213b5e5e14e58d3401cc38,S3,高,,,验证,需进一步验证,Git
backups/code_before_v06e_20260706_115352/app/services/processing/subject_matching_service.py,2289,0038d34a5d46d6bdc692ee20350b01840f15501abc17b6549fc0f6e293b7b009,S3,高,,,验证,需进一步验证,Git
backups/code_before_v06e_20260706_115352/app/services/processing/__init__.py,479,fdef1719a786a0af2eb690f3662b568d5aa7f5744ae833bbc53a8e73c6593b52,S3,高,,,验证,需进一步验证,Git
backups/code_before_v06e_20260706_115352/app/services/reports/report_citation_service.py,709,6996c6bb8c84651c37c2c88d70b34343a5c7a507576d903001ed293f7642bb0d,S3,高,,,验证,需进一步验证,Git
backups/code_before_v06e_20260706_115352/app/services/reports/report_generation_service.py,13397,e5b7013afc6f9f6f9abbdd66d386ccf7bcbb383a7c9f302d6fe782e3eca7c9ec,S3,高,,,验证,需进一步验证,Git
backups/code_before_v06e_20260706_115352/app/services/reports/report_query_service.py,2661,18926b4f58d5f1fbe18964af8d678e88beca629eb64e87fa1589010d154a36a8,S3,高,,,验证,需进一步验证,Git
backups/code_before_v06e_20260706_115352/app/services/reports/__init__.py,478,24def75a3ec71aa99fc01af584726a0bbf27c1333a746ce92b6e4868ce52d1a5,S3,高,,,验证,需进一步验证,Git
backups/code_before_v06e_20260706_115352/app/services/research/common.py,1988,5496285742270fdd34e187b976e433469b23ecbd69270b8278a3fe7c58c07064,S3,高,,,验证,需进一步验证,Git
backups/code_before_v06e_20260706_115352/app/services/research/investment_assessment_service.py,8410,302bc2404de35fa967a0680367b8d22fd0e8d750f44a52cbc33f307717d479f9,S3,高,,,验证,需进一步验证,Git
backups/code_before_v06e_20260706_115352/app/services/research/research_service.py,22558,3d49ec43c508d0140844aa6ac70c296a4aa3ace1041f528ccf2f5d2a90630181,S3,高,,,验证,需进一步验证,Git
backups/code_before_v06e_20260706_115352/app/services/research/__init__.py,1061,590bd4fa10544f8bc3d0813c0917391e1fce760bcd09e5634da44a7104a56af9,S3,高,,,验证,需进一步验证,Git
backups/code_before_v06e_20260706_115352/app/services/signals/signal_generation_service.py,10019,156ba4ef0308b6293a9b82c9d0ddb1e50d379090c0ff2458c866a43dc566288a,S3,高,,,验证,需进一步验证,Git
backups/code_before_v06e_20260706_115352/app/services/signals/signal_rule_service.py,2540,24a80a2b6a60ba1dd3089257dfb42d387c0f1c3e7267f2ee1a41441fd2fa6dbe,S3,高,,,验证,需进一步验证,Git
backups/code_before_v06e_20260706_115352/app/services/signals/__init__.py,222,3af4a4d931d8e2c2df8c89bcbdd29d325058392910f36f87cc4ebdb9939245c6,S3,高,,,验证,需进一步验证,Git
backups/code_before_v06e_20260706_115352/app/services/tasks/task_common.py,1651,c3ba7f50056a76e8a8b9853498beed0e7411c9f53573ebd4eaeabe71f27c9b5d,S3,高,,,验证,需进一步验证,Git
backups/code_before_v06e_20260706_115352/app/services/tasks/task_dispatcher.py,2209,f926b3b6a49fe0c12200cad009f1034811d14f59de668d55c80908942ba176eb,S3,高,,,验证,需进一步验证,Git
backups/code_before_v06e_20260706_115352/app/services/tasks/task_heartbeat_service.py,1158,1551a68c9f5ffe77c90354ce25d6487de5a17f5b714329d9ddcc34c21a9f99b4,S3,高,,,验证,需进一步验证,Git
backups/code_before_v06e_20260706_115352/app/services/tasks/task_metrics_service.py,736,638e93ebe5f36107fc02b00963ea670ce095693d6204a870fd72a06bddf3cc01,S3,高,,,验证,需进一步验证,Git
backups/code_before_v06e_20260706_115352/app/services/tasks/task_registry.py,3724,6a073a5628af7cfbb5cf11ce6b92b1c878b23268f72b25bcb385e3960c69053c,S3,高,,,验证,需进一步验证,Git
backups/code_before_v06e_20260706_115352/app/services/tasks/task_retry_service.py,268,5071447950de4cffe66b73923bb0dd6e5f0396f1726bf4ccc9722599452ccd27,S3,高,,,验证,需进一步验证,Git
backups/code_before_v06e_20260706_115352/app/services/tasks/task_runner.py,4472,5f2b1be6925b23c10ab1be38e6fd62bcb0a265f072d49a6ca9098ef9c1b97dcd,S3,高,,,验证,需进一步验证,Git
backups/code_before_v06e_20260706_115352/app/services/tasks/__init__.py,306,c629296184bff2dc277f325c13237ed1e235acf04c9e3c814c424cdd1ba8c162,S3,高,,,验证,需进一步验证,Git
backups/code_before_v06e_20260706_115352/app/api/v1/auth.py,1512,bc0b7203a23df565b0b3e108bd1d39cc81c988e5512427ceddcb97c1d0f54c1f,S3,高,,,验证,需进一步验证,Git
backups/code_before_v06e_20260706_115352/app/api/v1/client.py,5901,8ebbd197e4394d9f4b03f559bbe780e6bf33c6e5dfdc29146a6f6c01b7514b28,S3,高,,,验证,需进一步验证,Git
backups/code_before_v06e_20260706_115352/app/api/v1/clubs.py,1219,fe3e436681453074657adc4f24b5a79548d8e86131b7f54e4e26f9a25b0d364e,S3,高,,,验证,需进一步验证,Git
backups/code_before_v06e_20260706_115352/app/api/v1/collection.py,9908,a20d56239a9794598f3f4a030ed96315a5ce43bbfecb16e4b8a8f50b61f01875,S3,高,,,验证,需进一步验证,Git
backups/code_before_v06e_20260706_115352/app/api/v1/dashboard.py,658,018edde3e4340c17d429edc52804bbab2be086da30205dbca3618d09a9f5e01c,S3,高,,,验证,需进一步验证,Git
backups/code_before_v06e_20260706_115352/app/api/v1/events.py,2042,49511f344fb4375dc7496d0c13c5152c3295701349885e3e75f1317ae94209bb,S3,高,,,验证,需进一步验证,Git
backups/code_before_v06e_20260706_115352/app/api/v1/identity.py,2773,88a842e6543a36d8338aa67fceea408eda7fff008a682056e95335f38d248688,S3,高,,,验证,需进一步验证,Git
backups/code_before_v06e_20260706_115352/app/api/v1/intelligence.py,1479,f191d66992c50b7b13a155ba7f91b6c63ea75b125f193abc32da47ebeb401285,S3,高,,,验证,需进一步验证,Git
backups/code_before_v06e_20260706_115352/app/api/v1/investment_assessments.py,3092,a735440a2ba9321f1c02910b99a052ba30c2b33151f8c5ec1c312b7cf3d76088,S3,高,,,验证,需进一步验证,Git
backups/code_before_v06e_20260706_115352/app/api/v1/membership_person_link.py,2835,bdf759290c161e86e5748a2203203d86f4575e788ab55d37fd40fc85589caae4,S3,高,,,验证,需进一步验证,Git
backups/code_before_v06e_20260706_115352/app/api/v1/membership_user_link.py,6018,3ed7103c77551851900e54d6bc9c876fcd2a04f76bb9b31a141367a8216a11a8,S3,高,,,验证,需进一步验证,Git
backups/code_before_v06e_20260706_115352/app/api/v1/navigation.py,454,750da87e3cca3a01058f37fea614c6abf6d8e1c38616923496386eef8facdaea,S3,高,,,验证,需进一步验证,Git
backups/code_before_v06e_20260706_115352/app/api/v1/network.py,3298,19138ce4e21d791472fcc9091ea0293acef448927c8b89b23ad5789e01e528eb,S3,高,,,验证,需进一步验证,Git
backups/code_before_v06e_20260706_115352/app/api/v1/opportunities.py,4209,e55ea8b0dd3df26aae7358fdae4fa582ef6489c233affeadceef357d18c75703,S3,高,,,验证,需进一步验证,Git
backups/code_before_v06e_20260706_115352/app/api/v1/organizations.py,7775,025ce97d7fc0323dfc0323b26d10129a01300076748670e1b3485e7dbd40f3a7,S3,高,,,验证,需进一步验证,Git
backups/code_before_v06e_20260706_115352/app/api/v1/pipeline.py,4566,cd974357c21e2a31dc90ca6f62cbce77751bce642a8dc828e1a634df5161a34c,S3,高,,,验证,需进一步验证,Git
backups/code_before_v06e_20260706_115352/app/api/v1/processing.py,5575,eec666fa817d07a03e19cc4c38898a7e7ae133817b88b38c48b3e347912a485d,S3,高,,,验证,需进一步验证,Git
backups/code_before_v06e_20260706_115352/app/api/v1/relationships.py,2661,00ef2d56ddf8416d77ec99977249055534c995533421d5f11d748094a86c56c9,S3,高,,,验证,需进一步验证,Git
backups/code_before_v06e_20260706_115352/app/api/v1/reports.py,4030,e0979b8c961aeb2b449c04461f367d2d2909e2b991735e5901cd39ba45899294,S3,高,,,验证,需进一步验证,Git
backups/code_before_v06e_20260706_115352/app/api/v1/research.py,6233,2ac7828e901d20f090626561f5610797f111e274b7235a12cd15a1fa0d7e3203,S3,高,,,验证,需进一步验证,Git
backups/code_before_v06e_20260706_115352/app/api/v1/resources.py,2377,f86079ae1722ac68ac7a6adee7eb84f9d684b6591e2e1ef2ec6ff14713f1015b,S3,高,,,验证,需进一步验证,Git
backups/code_before_v06e_20260706_115352/app/api/v1/router.py,3319,593a2b8702362ae23a87176924850b114da4f20c9b6ee3e87945fb5a9f95388a,S3,高,,,验证,需进一步验证,Git
backups/code_before_v06e_20260706_115352/app/api/v1/search.py,589,f731913692e91cde2df0a07348f65f6af19ef083bc1e6284f47329757795f7bb,S3,高,,,验证,需进一步验证,Git
backups/code_before_v06e_20260706_115352/app/api/v1/signals.py,4185,b7b05a2b2bebc381e5bf2e7eba00466ce2a3aa5e97f3450ed5017aca6e1fcb45,S3,高,,,验证,需进一步验证,Git
backups/code_before_v06e_20260706_115352/app/api/v1/subjects.py,3971,da9f3ae2ce92344ac99c850b71f42043b1e5937250b436163f51f21958a7dab7,S3,高,,,验证,需进一步验证,Git
backups/code_before_v06e_20260706_115352/app/api/v1/system.py,1108,bed4119aeea37b98827188146976ebbb950f8008ebfbdeb6c3d8e60c97cb9e4a,S3,高,,,验证,需进一步验证,Git
backups/code_before_v06e_20260706_115352/app/api/v1/watchlists.py,3688,08f7d40ca3b6e06f09244d188b24816d683544a1bd345dc9e1bbbee1fbf5e5ac,S3,高,,,验证,需进一步验证,Git
backups/code_before_v06e_20260706_115352/app/api/v1/__init__.py,1,01ba4719c80b6fe911b091a7c05124b64eeece964e09c058ef8f9805daca546b,S3,高,,,验证,需进一步验证,Git
artifacts/screenshots/v06e_admin_people.png,55903,2e70623be8db5f26b0e3681fbd55c3256a6658c650c1927516dcd51077d2db71,S3,高,,,验证,需进一步验证,Git
artifacts/screenshots/v06e_admin_platform.png,82173,6a45a9cd0c5448a0a037818bbf22ab8e988830b5bb446e3549eaf3f3ffb426ad,S3,高,,,验证,需进一步验证,Git
artifacts/screenshots/v06e_intelligence_operations.png,78963,689c9dd7579e79e95025ba63e37144c2bd5eba8a47a472be91df2db264eb2244,S3,高,,,验证,需进一步验证,Git
artifacts/screenshots/v06h_admin_platform_1440.png,76968,2c88ad1657452456b2ac55a08c31ef68b32d231422d13313163e0af594060e56,S3,高,,,验证,需进一步验证,Git
artifacts/screenshots/v06h_intelligence_1440.png,120582,9f3db66aabed6bb0547bcfa9a8a5c9caddcadad621f74c242a2bb60019014da1,S3,高,,,验证,需进一步验证,Git
artifacts/screenshots/v06h_intelligence_operations_1440.png,75156,e8cf3de3c211e7258c9b40d75253c3561fbf9c79858a73a4d55a7161681d8c27,S3,高,,,验证,需进一步验证,Git
artifacts/screenshots/v06h_mobile_navigation.png,31717,1f4749ce8b61ace5bd119762d1c9613bcdac096135eeb6f03e2c9ff22a3a5a85,S3,高,,,验证,需进一步验证,Git
artifacts/screenshots/v06h_opportunities_1440.png,99710,10dde74fc62784b91088d922fcf805304b71192f4d6cea1f75c2d34c0d30c2b1,S3,高,,,验证,需进一步验证,Git
artifacts/screenshots/v06h_people_admin_1440.png,102866,664e4f6d1a84f3f27a6cdb1a947c1544d4f4248f6458331b086fe7a7a8b7d899,S3,高,,,验证,需进一步验证,Git
artifacts/screenshots/v06h_person_edit_1440.png,102892,552cbf27a034b31ee05728c4376f5ecbea468664864e9eee4330ea5f1adffd16,S3,高,,,验证,需进一步验证,Git
artifacts/screenshots/v06h_resources_1440.png,98384,318bc7465b3b8dd3e27ba5c3437a731e3936753844a3ec95862b7f03b6a6f3e6,S3,高,,,验证,需进一步验证,Git
artifacts/screenshots/v06h_workspace_1440.png,66153,8d51ce0e746eae1fe63bbc272ffd39fa3b3e962e6980b1973bd98ed83fd9fcda,S3,高,,,验证,需进一步验证,Git
artifacts/screenshots/v06i_admin_intelligence.png,50057,4536a258411255f72de213039c8f685ffbeeb048fadc1555a47edf5ce579bb19,S3,高,,,验证,需进一步验证,Git
artifacts/screenshots/v06i_collection_sources.png,110608,473ab64d8265b0361ebc014942d9c441ac9784ccc011911fd1fbf8098ec84073,S3,高,,,验证,需进一步验证,Git
artifacts/screenshots/v06i_crawl_items.png,69009,7fad68a972f6d85957acf035a35bb46bd0970af6792378a89e75ffd82046d577,S3,高,,,验证,需进一步验证,Git
artifacts/screenshots/v06i_crawl_jobs.png,149448,b67fa2c31cbfe270616dbee009f715e894c8af567f42398f6835cba229cf5299,S3,高,,,验证,需进一步验证,Git
artifacts/screenshots/v06i_crawl_operations.png,75785,767dc32c09860ff8c367c5bf015459aa31aa0593364c2d4ec19a232ed502f8bf,S3,高,,,验证,需进一步验证,Git
artifacts/screenshots/v06i_crawl_review.png,110113,a1dd7a9ef2b25a43f7b938df5b70be5158cfad482e095cd5c053f33b03fb69bb,S3,高,,,验证,需进一步验证,Git
artifacts/screenshots/v06i_crawl_sources.png,125315,d46c2b4b6e529627c206b339c2f036b98813d13a4d60d548b7ea802402b713d3,S3,高,,,验证,需进一步验证,Git
artifacts/screenshots/v06i_front_intelligence.png,49988,69e24c9a7c75aea24962218874e67c2699a02b900616935d3ca7d13d661d8d9c,S3,高,,,验证,需进一步验证,Git
artifacts/screenshots/v06i_intelligence_detail.png,71513,5f2f69f3a1bc5934a0686d6c39eef94d8c452e6bc2278416bc94af2681fd2623,S3,高,,,验证,需进一步验证,Git
artifacts/screenshots/v06i_intelligence_operations.png,74916,736bcb9a12976762519e725728a1c9211d9716081aaec5f128c8959a98d8c272,S3,高,,,验证,需进一步验证,Git
artifacts/screenshots/v06i_nav_club.png,94284,f0de3e9e51fc892ba267b2ce28a29a2c1b518ed383ccb88233eeac01d3d3b6ef,S3,高,,,验证,需进一步验证,Git
artifacts/screenshots/v06i_nav_collection_sources.png,125315,d46c2b4b6e529627c206b339c2f036b98813d13a4d60d548b7ea802402b713d3,S3,高,,,验证,需进一步验证,Git
artifacts/screenshots/v06i_nav_intelligence.png,120322,ba7ba58753523fdaf78746e35272d97e2bb42ba46b7c0bd2fe39b698096f4a6a,S3,高,,,验证,需进一步验证,Git
artifacts/screenshots/v06i_nav_network.png,42325,be321df8e1bd3b87ffd085f1cd0c387ddaba01d70aee75462f855ad92307fdc5,S3,高,,,验证,需进一步验证,Git
artifacts/screenshots/v06i_nav_platform.png,65402,9c9b7c6ff3c6266c4e0401ecac3962cb20a94c3647c2b115fc68cef98ee4eab8,S3,高,,,验证,需进一步验证,Git
artifacts/screenshots/v06i_nav_processing_jobs.png,84984,2fc5e73ba26de09983f68d2d312903592a1a3ac821ee4dc440fb8a615c65a9a9,S3,高,,,验证,需进一步验证,Git
artifacts/screenshots/v06i_nav_resources.png,98384,318bc7465b3b8dd3e27ba5c3437a731e3936753844a3ec95862b7f03b6a6f3e6,S3,高,,,验证,需进一步验证,Git
artifacts/screenshots/v06i_processing_jobs.png,89301,72ce3e6bb4a725d58526752752780b6661737a23804db20cfb99240c008f96bb,S3,高,,,验证,需进一步验证,Git
artifacts/screenshots/v06i_review_queue.png,73408,7339cb59d0792078964bc23bc21ad67916c1d4c997e040bc6482a0995fee870c,S3,高,,,验证,需进一步验证,Git
app/api/__init__.py,1,01ba4719c80b6fe911b091a7c05124b64eeece964e09c058ef8f9805daca546b,S3,高,,,验证,未引用模块需验证,Git
app/core/config.py,4435,f20022f247261ed21c43f268cb7d24e3673411092bf605d12388cfd0bafefb8e,S3,高,,,验证,未引用模块需验证,Git
app/core/database_compat.py,1703,c37dbac107be37ec9e2d4ad8bfbed82a5653b3894f101d638f6ae5eff9c53f1e,S3,高,,,验证,未引用模块需验证,Git
app/core/__init__.py,83,2061d762fb4ff0fa36734d80935ad95cc12251e0ac1f7043ffa460553e860d6d,S3,高,,,验证,未引用模块需验证,Git
app/i18n/helpers.py,4400,6dbfb24ba347d39b3828afa4efe59be4c2db6c84130fc84fdf4bd5ee6671e025,S3,高,,,验证,未引用模块需验证,Git
app/i18n/zh_cn.py,6214,0bf1cdfbf0802af4a35c718e968faea36ea2a93e940ede50f6b90b4bd49c698d,S3,高,,,验证,未引用模块需验证,Git
app/i18n/__init__.py,390,dde6fa21ccbc21bb8e2df4893a3f48c83e4ab8fee5a183fb1ca4256d63040c02,S3,高,,,验证,未引用模块需验证,Git
app/platform/capability_registry.py,17034,99b430a62e72fba7dfe39436c05bb968a50e5f30825159084d313fe63f8a761a,S3,高,,,验证,未引用模块需验证,Git
app/platform/__init__.py,37,35ea74b07e0dc25deecbf3586786d8ae9c2066d488f600750f3610eba7c537d0,S3,高,,,验证,未引用模块需验证,Git
app/services/api_common.py,2940,73400a30f54dfeabb343c37aef3853a792c52b5baec9bb28c4086dcbf2d83f80,S3,高,,,验证,未引用模块需验证,Git
app/services/api_subject_service.py,10647,e2228d5e3015cf9b115570c77b37bfea53af9e812b91638198b8b24b9c0d4a2c,S3,高,,,验证,未引用模块需验证,Git
app/services/authorization_service.py,21455,afce00e1123f1d7247e1e8c9c325fce36df9fe5fa43f9f4ab1c843594ce4366d,S3,高,,,验证,未引用模块需验证,Git
app/services/club_matching_service.py,2167,9d0bc84e3465a8845050aaf43c80c95b41665fda3c8348e5d6985bb807f9f3fe,S3,高,,,验证,未引用模块需验证,Git
app/services/collection_service.py,51484,dc0337bce88e8e62e30e30a19fe70152a1fd5440177b77bc8b5743782a4f726e,S3,高,,,验证,未引用模块需验证,Git
app/services/dashboard_service.py,4917,a71d0f275b2dddf5866b92c9034a54b0c7399c37b5fea94ace9ddcf0cd4fc653,S3,高,,,验证,未引用模块需验证,Git
app/services/data_integrity_service.py,10255,01066ffda998132e3c65665da278153b2f65bec20ae9736ee2f0951c8fcd5646,S3,高,,,验证,未引用模块需验证,Git
app/services/data_quality.py,3800,73faaf5b37986d1d169506aa3d77cacf02f8a576eb9a5297ccbbbcc851ceb62b,S3,高,,,验证,未引用模块需验证,Git
app/services/identity_link_service.py,17011,0f4509fd9003ca950af0f5f45ff3d091440ef377333cc9ebcd864bed74071723,S3,高,,,验证,未引用模块需验证,Git
app/services/id_generator.py,1311,949187b0ab854288ed04d5257710c87003124e0ed01c5937a69dede96779f2fe,S3,高,,,验证,未引用模块需验证,Git
app/services/intelligence_flow_service.py,16377,36b59acb4ba73c98aca55846032d0bcae80afbb7fd2ebfdad4a2ef52b895ec85,S3,高,,,验证,未引用模块需验证,Git
app/services/lead_recommendation_service.py,1928,0d7a3b89d61369d8550ae0fc110026ebc3a3b386f9ec640e756578db648fa4dd,S3,高,,,验证,未引用模块需验证,Git
app/services/lead_scoring_service.py,3518,57fb771cac0b0061e82914ce199b7381dac0401afe108513c77e97834e6081ac,S3,高,,,验证,未引用模块需验证,Git
app/services/manual_ingestion.py,12654,ae9375777b3a31d4023a9b3a94793e649a0e6d1b40bacd1744ef25c97f771ce1,S3,高,,,验证,未引用模块需验证,Git
app/services/membership_access_service.py,7017,ea6efcf21a13aa29d20538069a3cfc43f4f315eb9602a586bec767fdabe3c6c9,S3,高,,,验证,未引用模块需验证,Git
app/services/membership_person_link_service.py,14472,73bb7f8e5c00d41a1311344a0e0b52bb2f403c2faa1ea6549a4c0cc6b037d4b3,S3,高,,,验证,未引用模块需验证,Git
app/services/membership_user_link_service.py,14449,03af632550a67977e9a33784748badc965f283787bbe70da9d2cd08ea9ca9940,S3,高,,,验证,未引用模块需验证,Git
app/services/member_field_classifier.py,3736,175094669cab7ab08fa8f9f4c8e24a77cb07cfcda0eb1a55c0845d5c9f4d1695,S3,高,,,验证,未引用模块需验证,Git
app/services/member_import_normalizer.py,6996,d80c8572de42cef551d325e634a1aa47de1a8f0a20537b1c9e9198db5fd5c7fa,S3,高,,,验证,未引用模块需验证,Git
app/services/member_import_parser.py,12523,1877f5d4a47b99f3770e6a280c0ce88db58b76d124cd4170d87d7df3a4c7c999,S3,高,,,验证,未引用模块需验证,Git
app/services/member_import_service.py,24781,3c85a962a5f4478e18fd3fd0201201fc2c4a812a962596b2576f98d8d244f5c3,S3,高,,,验证,未引用模块需验证,Git
app/services/member_import_validator.py,2159,f146e2d35a3365d8f30d2e31205e451d8ab35564e2986f02a31ca9fa6a6dceff,S3,高,,,验证,未引用模块需验证,Git
app/services/monitoring_service.py,25609,7cfbf857b9b6f06f3bd8e77bd03ed59ba9df01ac3125a39ee70a30b3b1d2c737,S3,高,,,验证,未引用模块需验证,Git
app/services/navigation_service.py,6426,93b8d9760c2c3d177b2a4f9ef87d378331fad310575161531eb2b717b6a25ece,S3,高,,,验证,未引用模块需验证,Git
app/services/organization_access_service.py,22681,bba22e19121cc3d1b0cf685c52f591ce11d7adeb8c5462a03f7244c034ae36c2,S3,高,,,验证,未引用模块需验证,Git
app/services/platform_service.py,38805,23641320d956036739d14ea0bbbec158479df11b8659f52ecfcced585087008e,S3,高,,,验证,未引用模块需验证,Git
app/services/product_recovery_service.py,6864,fbe08452e649b83168e700b437aa62ad02b5b25b3ea69e10755e2efadee3af55,S3,高,,,验证,未引用模块需验证,Git
app/services/recommendation_service.py,37331,228bb9aef9104e03842b08cf180da3dd1d4dd614f25ae0b8324ccd8b6bc9c526,S3,高,,,验证,未引用模块需验证,Git
app/services/relationship_path_service.py,9200,92754e8b1cc4dd20fb2b28f93d1e04fd428c052f7256bd1c9845de4cec677144,S3,高,,,验证,未引用模块需验证,Git
app/services/search_service.py,1500,b85490b9293479bdf585b78fd80326aadea7ade42f46fcaa810166ba8ec388ef,S3,高,,,验证,未引用模块需验证,Git
app/services/signal_service.py,10399,a83e0e148664dd933825a52e3223750e1a19da15ba588881dd596a4d4a817cbb,S3,高,,,验证,未引用模块需验证,Git
app/services/subject_links.py,6798,0ebd5720516c18d843f9ee61076c72fe01de871a55cf7bab0f98ab4c61fa2e2a,S3,高,,,验证,未引用模块需验证,Git
app/services/subject_profile_service.py,24068,7c907e7545810247ebbe0e1735bf1896d4540bf19e8d9056e98b8895a640790e,S3,高,,,验证,未引用模块需验证,Git
app/services/suspicious_review.py,6252,b14b6b7a589fe3fa7c328ea1f76b42b584b4321b8bd0867fbbfac11a4b093143,S3,高,,,验证,未引用模块需验证,Git
app/services/unified_intelligence_service.py,4962,e5eef1bf985c57e2e3bfec449c99fc49ae695d2f5b0301c2d6427485e85b2dbe,S3,高,,,验证,未引用模块需验证,Git
app/services/unified_opportunity_service.py,11559,f2793997eea4ea2035a13ac056dbcbb79eaf943331998fa5364311558627b10f,S3,高,,,验证,未引用模块需验证,Git
app/services/unified_resource_service.py,9664,d971e4cd4c300ad81b42820b2286312a055a4c18537b213639d97b10e395b19d,S3,高,,,验证,未引用模块需验证,Git
app/services/unified_search_service.py,3156,ecca8f7887b4f9bc38bf4e5879402555bf146606b2bf6d065eab607a24b2ad54,S3,高,,,验证,未引用模块需验证,Git
app/services/watchlist_service.py,6113,d6a330b4ea32a1f50d2edcb24a2675a5ad9dfc096cb245c9068aa1a20dddc58c,S3,高,,,验证,未引用模块需验证,Git
app/services/__init__.py,1,01ba4719c80b6fe911b091a7c05124b64eeece964e09c058ef8f9805daca546b,S3,高,,,验证,未引用模块需验证,Git
app/static/entity_smart_paste.js,35936,fcc5647da2968a4b415896a42be5e2a7dc003c36da55dc95f61b589dded7eac1,S3,高,,,验证,静态资源需验证引用,Git
app/static/platform.css,27478,5510c94bbdc95fc1557002e4b05a5d827a73c6a91a99252a533168b421d0e5e1,S3,高,,,验证,静态资源需验证引用,Git
app/static/style.css,25314,04994861868be4a7496b263491649e5096eb8b74724b4c35516952c81469bb68,S3,高,,,验证,静态资源需验证引用,Git
app/static/v03a_additions.css,411,e7ef93bf3bb8bd77afda1301b74ce8f3f5fa0224763267827cfe7fb4e4be960f,S3,高,,,验证,静态资源需验证引用,Git
app/static/v03b_additions.css,1596,0358c4c6c273f2be45fc6b3a87c07b26e712883c548fe38e3bc1660b128e76af,S3,高,,,验证,静态资源需验证引用,Git
app/static/v03c_additions.css,1024,41231207449cf124b21ae5fdd62240918f1481fdc5676365b6321d5dfacab247,S3,高,,,验证,静态资源需验证引用,Git
app/static/v04a_additions.css,10912,bc9496fcc3714e8ba63560882ea9905d9acc8793d4545024fb5ffba44e4e32b4,S3,高,,,验证,静态资源需验证引用,Git
app/templates/actions.html,1778,c5118bc98c6ba9de17b9eb39dbcc60aa78e24c7f91c45f99d0cce5e0442d67b9,S3,高,,,验证,模板需验证引用,Git
app/templates/base.html,4303,3607f934cf5f4c25deb58f9ee90beb78cac9f72122a5bff0f90d984f7ee682fc,S3,高,,,验证,模板需验证引用,Git
app/templates/dashboard.html,4495,7c911030362981d429ca52d77ae910a22929f55092ce002a2ec2fb6b6da9d6d8,S3,高,,,验证,模板需验证引用,Git
app/templates/events.html,1079,731c7e82e28462e97c1fe3445aa43b4ab49cc4420dc8de8bf09b6c9f50f9e5b3,S3,高,,,验证,模板需验证引用,Git
app/templates/event_detail.html,814,52cc624148155983f246025f0e50b4f1c6c8ea915a84f99bd86a42ed1ab31a33,S3,高,,,验证,模板需验证引用,Git
app/templates/generic_form.html,4099,60b54ef1b3d5fc5c14db8a46efd6859fd3e14be320fc1eed303caf3bbcf0357c,S3,高,,,验证,模板需验证引用,Git
app/templates/identity.html,4757,1969f32d30dab4358c5afa1027ec6a0887557f866d16bcebe1c52416fed3e137,S3,高,,,验证,模板需验证引用,Git
app/templates/imports.html,616,2ad5610129184ac180768feb76e4f5d7b365a71a0232094c5f98551c4422294d,S3,高,,,验证,模板需验证引用,Git
app/templates/intelligence_detail.html,1031,46c2fbf17786e6efeffa39f1314b7846c62e348ccd80f25f08166dd3e991e74c,S3,高,,,验证,模板需验证引用,Git
app/templates/intelligence_list.html,1020,90471e3758cd2cf5bce1e23edbe74cbbf33c4b2b62b89cdaecd7dd76c0a52bb4,S3,高,,,验证,模板需验证引用,Git
app/templates/new_intelligence.html,950,4dac55ef69420320870d8ab5bdd358e514f244f77da5634d9ff73a889753ce23,S3,高,,,验证,模板需验证引用,Git
app/templates/organizations.html,1539,e9ab85136d40e24faff2de6f0adbd6ce34b920b5fa882525c73d114cc923750d,S3,高,,,验证,模板需验证引用,Git
app/templates/organization_detail.html,1335,883c918f50cdf34db9ce7f03ec02017fdfde829fa1c9c38db4fde827ecacfaa9,S3,高,,,验证,模板需验证引用,Git
app/templates/paste_analyze.html,1232,47fb17a3fc5a3bc26ca56d51b679fe5cecfc2e6ee330d999e843fbaf016bac4c,S3,高,,,验证,模板需验证引用,Git
app/templates/paste_preview.html,1424,df296c8f654d80ff0549d85a8992efafb888abe8f01737f67de0ef16082c4047,S3,高,,,验证,模板需验证引用,Git
app/templates/people.html,1537,9b7690249aa2e595a4fc82716bfea58edfc7d7ec9a5b962d70ca5b79eafee7ad,S3,高,,,验证,模板需验证引用,Git
app/templates/person_detail.html,1490,e117d8e5ea16cb73d8cd18021061729475dcc3868a3c8df2f4d34064679e1c31,S3,高,,,验证,模板需验证引用,Git
app/templates/projects.html,1079,31b4d9544fc9989932456bf8caa6ecc64377e5d65c607d135d18777812e847e5,S3,高,,,验证,模板需验证引用,Git
app/templates/project_detail.html,1148,1fc45086979da11b6e89723c4f8376f8b1e93ad3e8acd75d28a349cbd87ee910,S3,高,,,验证,模板需验证引用,Git
app/templates/relations.html,1041,cb38a84251485172843f3d0607ab7a7a13e42ad8564e6e47b0e5f4fbaea09498,S3,高,,,验证,模板需验证引用,Git
app/templates/resources.html,1096,b39bed335bb245b6ee20b365f30df4577b6ce71c5b3dcc8fc338d5da11e80988,S3,高,,,验证,模板需验证引用,Git
app/templates/resource_detail.html,642,d55bd94650cfb6980ce10d2754aee3d7aba4069deee964b66b1330679c57a47b,S3,高,,,验证,模板需验证引用,Git
app/templates/search_results.html,955,f1bc7817fee4558b7983f7578c41954a7a17f6388ace046bf47c8cceddf0c6bb,S3,高,,,验证,模板需验证引用,Git
app/templates/subject_center.html,3881,41cb11d101cab33ccd1c3f7a4b599a09bcb9f4d37c26fd804dadaa75114edfd6,S3,高,,,验证,模板需验证引用,Git
app/templates/subject_profile.html,2174,9382776c833b8dab628b1a4ae48e554420c3c81c4874c16859ddd3d325c77e23,S3,高,,,验证,模板需验证引用,Git
app/templates/suspicious_entities.html,1741,9a3756c08186b83fe661d79051d1da6d583809ab7e6316952673c14abf59c1ff,S3,高,,,验证,模板需验证引用,Git
app/templates/v04c1_ingestion.html,2027,56da4dcd7c742fe893b8a0464779bcf5aff13dd3c809ad0f84e66a5fc375483e,S3,高,,,验证,模板需验证引用,Git
app/templates/v04c_review_queue.html,7134,5115a8499cfa44a0bc6b434b512d37235b71e750b98e83036432067e2e2510e0,S3,高,,,验证,模板需验证引用,Git
app/templates/v04db_prestructure.html,1026,f699effc60a120d0dd241f1fb680b8c2926c8f2169052c392696f5e039b5f8d5,S3,高,,,验证,模板需验证引用,Git
app/templates/v04d_structuring.html,1129,5cda568c3fe7436021842b88ea0c791b9858a5f7fc3c8c84107a87692f93dd53,S3,高,,,验证,模板需验证引用,Git
app/templates/v04e_entity_resolution.html,1167,ce400b57e33338b6e357ce3ed16a0f51cce712a0620a9ba641bd499615aa336a,S3,高,,,验证,模板需验证引用,Git
app/templates/v04f_club.html,19938,24ba91c1c3bc2cb6eaa68528bcf96e0b4565a4c1f806cd232d04aba038fc739d,S3,高,,,验证,模板需验证引用,Git
app/templates/v04f_club_apply.html,2017,3ecc5369f4d76ece163ebad967fa7ffaececbc0fcd4a24ad7790aff404ed34f2,S3,高,,,验证,模板需验证引用,Git
app/templates/v04f_leads.html,2342,06c0adf80b1cc9cf91d8695e76f7953f8f4125762805e316a7377cabf4e769ca,S3,高,,,验证,模板需验证引用,Git
app/templates/v04g_monitoring.html,1801,e708847e3dd54da005afdcdde600b4dfb383bc326cc7bf54a011b03e5eaa83bc,S3,高,,,验证,模板需验证引用,Git
app/templates/v04h_recommendations.html,3140,d1b8564310b39c30c483468132d0dad60c2a070b5371c44d3a640a6e788a731b,S3,高,,,验证,模板需验证引用,Git
app/templates/v05a_security.html,10278,042a58218286a8b734ec240e2ba74d1c421977c6521b1ebf0b8802795360b48a,S3,高,,,验证,模板需验证引用,Git
app/templates/v05b_member_import.html,5702,ffc793fe22e56bd55cb957b263d4123327f0c9339998cf2f6c9389865057d092,S3,高,,,验证,模板需验证引用,Git
app/templates/v05c_club_events.html,7745,c47d148cbf13701cfeb412ddb761d51d4ca4e4b5e74f183bdeab62b9ca3315a3,S3,高,,,验证,模板需验证引用,Git
app/templates/v05d_member_admin.html,2386,b2d764482cfff178d16a71642f81d4bcbe95b0397bffe24958de5b72379b7f33,S3,高,,,验证,模板需验证引用,Git
app/templates/v05d_member_portal.html,9667,468361478a929618eb7e0529e28af3763475c4ea90ec8ea7e4f107ab7b6af52d,S3,高,,,验证,模板需验证引用,Git
app/templates/v05e_dashboard.html,4882,d05eb0c31080234af94eb98ba46307dae049fe7e38bc94b42414cb9c1297eda7,S3,高,,,验证,模板需验证引用,Git
app/templates/v05e_signals.html,7126,f58caac8c660b30da8b1bc843b9bc18a574e55095950f3a402ad92ea8b0a22a7,S3,高,,,验证,模板需验证引用,Git
app/templates/v05e_watchlists.html,1231,8ccc78b1a23f2a900118f08a27bd53a5b3cac85e0b0a38ee6f8f43b3cd0935d8,S3,高,,,验证,模板需验证引用,Git
app/templates/v05f_collection.html,13052,08c9b7be05a76001592e29f81e2a8cdd2269c330b27e93334de56fbe25f81fa7,S3,高,,,验证,模板需验证引用,Git
app/templates/v05g_processing.html,11465,25a11cffb48721654c4b5712ae35c88c5bfb515a17c5a1b93ec0104367070407,S3,高,,,验证,模板需验证引用,Git
app/templates/v05h_reports.html,5553,566c47b573456e9b03f8ea415e9e40105ec372c30ef58b64231b13ed227b8edb,S3,高,,,验证,模板需验证引用,Git
app/templates/v05i_pipeline.html,8930,7773f56caad548e27617391d684b9d3675410449db4fb836884b6376a53310f6,S3,高,,,验证,模板需验证引用,Git
app/templates/v05j_research.html,9238,c2dbad128783be3e0a824a918105b7c6741001626b4fe3d20ed69d16af20510d,S3,高,,,验证,模板需验证引用,Git
app/templates/v05kl_operations.html,3008,a3688a9e3560d99308e495e33f687765057096db65174e1be3be6215fbeb1a3c,S3,高,,,验证,模板需验证引用,Git
app/templates/_page_head.html,114,f29769b4400d4417b0d7d0c948a2ad9e086a9411b20508d4e1e2ee40d8586ea6,S3,高,,,验证,模板需验证引用,Git
app/templates/_record_meta.html,550,575cf9f66ef8849f10bf16f0b5d9fec579b69b9e6f6e806faa48b937bd3224a2,S3,高,,,验证,模板需验证引用,Git
app/templates/_review_status.html,275,e555317aece36decdab3bee809ea0424f766cd564309749a3038012be34e0dbc,S3,高,,,验证,模板需验证引用,Git
app/templates/platform/admin.html,7264,4602fe6b1b08e404d3ff3347db2fc1917ce145e8f6a1ab43e2b8092a138ab0d5,S3,高,,,验证,模板需验证引用,Git
app/templates/platform/admin_intelligence.html,3143,830344dd49b92bc3f48dac8cea9e20203b48066a87407281a8c4590dbf29bd57,S3,高,,,验证,模板需验证引用,Git
app/templates/platform/admin_organizations.html,6976,7eb46743c72ffcc77b6abca9a072db440bc5de7f6ef1517f95d2926f0e0215d4,S3,高,,,验证,模板需验证引用,Git
app/templates/platform/admin_people.html,6797,14fe53b1c545308ae4c679a86d5b6d427e77c329202b221724029c9f6db13d26,S3,高,,,验证,模板需验证引用,Git
app/templates/platform/base.html,375,f548ceeda6feb1bc888a6394e755ebedc55cfaef968215e710edd6d706d9bd82,S3,高,,,验证,模板需验证引用,Git
app/templates/platform/data_integrity.html,2778,9655acbe8b52d0051f8811312dc7b44254c6c4e50fb3f6c2fb61a482358df8c6,S3,高,,,验证,模板需验证引用,Git
app/templates/platform/error_403.html,688,b91565d545a3b3b11feb5d86a6239dab39d5494b0cca20209ac3ec8478cf7f1e,S3,高,,,验证,模板需验证引用,Git
app/templates/platform/error_404.html,687,0bfe3d36dd247dfeb480d9cba71c566f63d1e32aa2907219af4100b97b623a2f,S3,高,,,验证,模板需验证引用,Git
app/templates/platform/error_500.html,709,b054358de749818c4f6113216d745a82a2a6e5aeebf1147649167fe3f9c5e8b6,S3,高,,,验证,模板需验证引用,Git
app/templates/platform/home.html,3235,d8f8072aa44ac00f526d22217923561b502ed8b2d46bff9e0369048b7e2cbf34,S3,高,,,验证,模板需验证引用,Git
app/templates/platform/identity.html,6768,e42c1c1f3b538da581e4f579e5435422860504dd3a76332a6bcdf241fa653028,S3,高,,,验证,模板需验证引用,Git
app/templates/platform/intelligence.html,3058,52f1f8b7d9e1d8a06ce248ffdd3ec53df8e638f498fc6f20ab9a001b19ba932b,S3,高,,,验证,模板需验证引用,Git
app/templates/platform/intelligence_detail.html,1772,a0bb7003ad33676e7561ff3bc5e3c702eca5532268174ef486e6dbf9750ca663,S3,高,,,验证,模板需验证引用,Git
app/templates/platform/intelligence_operations.html,7613,3ea50f64f7a1a8952d952887ae3313addb438c198b4395b47008ebc1d7b711d4,S3,高,,,验证,模板需验证引用,Git
app/templates/platform/network.html,1860,a13fad56cd3a9a9d5534bb9d211b3ee74182e3162761d99388e83a4e0abfd9d3,S3,高,,,验证,模板需验证引用,Git
app/templates/platform/opportunities.html,3071,047a4fab281f4726aca2d2ae75e50c97de7b60dbee3162d6156489466ab9829a,S3,高,,,验证,模板需验证引用,Git
app/templates/platform/opportunity_detail.html,3471,ad8c588a0866a75ab8a606edad81e89fb16ef0960ccb8085626f43f65e8bfd24,S3,高,,,验证,模板需验证引用,Git
app/templates/platform/organizations.html,1120,e0be698293e4b43577e60286ac9cd72dd53c0229f8d16ead020166d1f950a4c9,S3,高,,,验证,模板需验证引用,Git
app/templates/platform/people_discovery.html,3169,e281e792db0b1527f19bcef11b446cdf19ad44614a190a11d6da263940fefce7,S3,高,,,验证,模板需验证引用,Git
app/templates/platform/person_card.html,4097,9ae5ba42edd8d685992aaa7213f037766b49f8e4cfcdec0c022f39c416ea26df,S3,高,,,验证,模板需验证引用,Git
app/templates/platform/resources.html,2937,267a893655b1fc8d7854ee431b4d733e5b7f86b0e8995f8a8f5b940005bd45f3,S3,高,,,验证,模板需验证引用,Git
app/templates/platform/resource_detail.html,3024,bb8d59c5b3d978c92aade7a6e1122a2cd16625e082381c8d181844a4cc52ef49,S3,高,,,验证,模板需验证引用,Git
app/templates/platform/resource_form.html,2361,b53e6f09a3e0eb2039f4e61b0ceead157e8481b94e65faf8e2ea7b3b7920d361,S3,高,,,验证,模板需验证引用,Git
app/templates/platform/search_results.html,1003,b83147c1bb7cc8bc2ab136cb1556618f2573234fd0cb2e5e0b9f138b292bc988,S3,高,,,验证,模板需验证引用,Git
app/templates/platform/subscriptions.html,1798,d8d7d205851ed59e905a70da5d3c5266c6f6422aa0077de63b2f4e552f988530,S3,高,,,验证,模板需验证引用,Git
app/templates/platform/workspace.html,3732,dbb7e0ac70a8cfd4fd6112ae22343b5546bc5e2ade906f85af5f4167b4223050,S3,高,,,验证,模板需验证引用,Git
app/services/operations/backup_service.py,3225,937ed53ebf13266f1ff69789251f8ff86a19784b688911a2bc77c846f3eebc99,S3,高,,,验证,未引用模块需验证,Git
app/services/operations/restore_service.py,3444,dd428ef34d23f083f1a5b7ad57d46f561f3d617e15a109375e5a9818e986e83c,S3,高,,,验证,未引用模块需验证,Git
app/services/operations/source_quality_service.py,6862,8fcad98ac1a67ae59731f7ea56c04228a39ce94cd152d4865364d577c4b6b5d1,S3,高,,,验证,未引用模块需验证,Git
app/services/operations/system_health_service.py,3025,dffc6c5f351608eced8608735c65de57d67a9814f2b888b9a32b293d74a1bd8f,S3,高,,,验证,未引用模块需验证,Git
app/services/operations/__init__.py,567,e00194d282c2d14c5106bf73d8f61ff410067810401a96aeabb4d81d8181a88e,S3,高,,,验证,未引用模块需验证,Git
app/services/pipeline/pipeline_common.py,3570,2bef5ff704de1bfaa7673946dd9b351c0e99ea6b9a0d110ae5728292c843665a,S3,高,,,验证,未引用模块需验证,Git
app/services/pipeline/pipeline_metrics_service.py,4094,a5db51ff182b34756914879df1274765c64aad57c28d8ec6842f57ebc043f077,S3,高,,,验证,未引用模块需验证,Git
app/services/pipeline/pipeline_quality_service.py,3182,8b3556635d309288836167838c1a0c1b9df6cb36f68b2921640e1418a52c39a3,S3,高,,,验证,未引用模块需验证,Git
app/services/pipeline/pipeline_service.py,15502,bccc6a793fd200edf4417cfa903672133de5c3524596f02cfcbc611ca19d238d,S3,高,,,验证,未引用模块需验证,Git
app/services/pipeline/pipeline_state_service.py,5783,f43e792799efaf07247fe3f518fa49ff8632a2442107de4e1c4fa7b7cb75142b,S3,高,,,验证,未引用模块需验证,Git
app/services/pipeline/__init__.py,669,112de3293c527f253a02c7e7e73caa8520ecedb637214a519f31949f76137943,S3,高,,,验证,未引用模块需验证,Git
app/services/processing/confidence_service.py,1305,756fbeec83061ee5fcc6143f2977a7fdf2e14362be6f7d62eb62a88ee6f81a90,S3,高,,,验证,未引用模块需验证,Git
app/services/processing/content_block_service.py,3971,731ed9028bbee77e35ce4ec5cb68321400f0271697eebe357449ad37e770127d,S3,高,,,验证,未引用模块需验证,Git
app/services/processing/document_classifier.py,1995,1ff306bf0568b2fb62cc955261b37862c97a50550c7b46d7b63be6a6dbe6cf8f,S3,高,,,验证,未引用模块需验证,Git
app/services/processing/entity_extraction_service.py,7318,cd092f4a19971096dca7efd728a596f52f8a44f2cd6e881d699a682d70e0a4bf,S3,高,,,验证,未引用模块需验证,Git
app/services/processing/processing_job_service.py,31021,cc1618b5050ed29a66d4788232845404354eee3cb12fdab34a07fd1c8357f08d,S3,高,,,验证,未引用模块需验证,Git
app/services/processing/subject_matching_service.py,2289,0038d34a5d46d6bdc692ee20350b01840f15501abc17b6549fc0f6e293b7b009,S3,高,,,验证,未引用模块需验证,Git
app/services/processing/__init__.py,479,fdef1719a786a0af2eb690f3662b568d5aa7f5744ae833bbc53a8e73c6593b52,S3,高,,,验证,未引用模块需验证,Git
app/services/reports/report_citation_service.py,709,6996c6bb8c84651c37c2c88d70b34343a5c7a507576d903001ed293f7642bb0d,S3,高,,,验证,未引用模块需验证,Git
app/services/reports/report_generation_service.py,13473,f87ad454b08dd4433dbdcdf3a1b82e4e7692bb0f9ffd2b13d5e54797ad55fc9f,S3,高,,,验证,未引用模块需验证,Git
app/services/reports/report_query_service.py,2738,512276e2379f7bf7b668f4596279d18ea3a1c8e3e39be0e8bd788cfddbe7bb92,S3,高,,,验证,未引用模块需验证,Git
app/services/reports/__init__.py,478,24def75a3ec71aa99fc01af584726a0bbf27c1333a746ce92b6e4868ce52d1a5,S3,高,,,验证,未引用模块需验证,Git
app/services/research/common.py,2070,a193ded3d31146b6cff3bf1a0de1f7d1ea952c7163091ef171071c3fbba31d14,S3,高,,,验证,未引用模块需验证,Git
app/services/research/investment_assessment_service.py,8410,302bc2404de35fa967a0680367b8d22fd0e8d750f44a52cbc33f307717d479f9,S3,高,,,验证,未引用模块需验证,Git
app/services/research/research_service.py,22558,3d49ec43c508d0140844aa6ac70c296a4aa3ace1041f528ccf2f5d2a90630181,S3,高,,,验证,未引用模块需验证,Git
app/services/research/__init__.py,1061,590bd4fa10544f8bc3d0813c0917391e1fce760bcd09e5634da44a7104a56af9,S3,高,,,验证,未引用模块需验证,Git
app/services/signals/signal_generation_service.py,10095,8c13cbd3156141739f1e4e2a54431ab9b398c48ab87399233f4652afd1c9990a,S3,高,,,验证,未引用模块需验证,Git
app/services/signals/signal_rule_service.py,2617,01605c78247874d514451bc04e31affc839ece51b16bddf26569dc8c5b784336,S3,高,,,验证,未引用模块需验证,Git
app/services/signals/__init__.py,222,3af4a4d931d8e2c2df8c89bcbdd29d325058392910f36f87cc4ebdb9939245c6,S3,高,,,验证,未引用模块需验证,Git
app/services/tasks/task_common.py,1733,5803b061ebae652c7fb4c8fe107cc44ca89fefa2824d6bebaa6b276864768696,S3,高,,,验证,未引用模块需验证,Git
app/services/tasks/task_dispatcher.py,2209,f926b3b6a49fe0c12200cad009f1034811d14f59de668d55c80908942ba176eb,S3,高,,,验证,未引用模块需验证,Git
app/services/tasks/task_heartbeat_service.py,1158,1551a68c9f5ffe77c90354ce25d6487de5a17f5b714329d9ddcc34c21a9f99b4,S3,高,,,验证,未引用模块需验证,Git
app/services/tasks/task_metrics_service.py,736,638e93ebe5f36107fc02b00963ea670ce095693d6204a870fd72a06bddf3cc01,S3,高,,,验证,未引用模块需验证,Git
app/services/tasks/task_registry.py,3724,6a073a5628af7cfbb5cf11ce6b92b1c878b23268f72b25bcb385e3960c69053c,S3,高,,,验证,未引用模块需验证,Git
app/services/tasks/task_retry_service.py,268,5071447950de4cffe66b73923bb0dd6e5f0396f1726bf4ccc9722599452ccd27,S3,高,,,验证,未引用模块需验证,Git
app/services/tasks/task_runner.py,4472,5f2b1be6925b23c10ab1be38e6fd62bcb0a265f072d49a6ca9098ef9c1b97dcd,S3,高,,,验证,未引用模块需验证,Git
app/services/tasks/__init__.py,306,c629296184bff2dc277f325c13237ed1e235acf04c9e3c814c424cdd1ba8c162,S3,高,,,验证,未引用模块需验证,Git
app/api/v1/auth.py,1509,04dfb2c316d0632e2e5caa1bd26319f2351df9b5f28e5ffd31dca9924772c5e4,S3,高,,,验证,未引用模块需验证,Git
app/api/v1/client.py,5898,5dcbd8a893934b7d950102683c3a44ce0f56cc8ff823d81c8c8a5e7c67f0cee5,S3,高,,,验证,未引用模块需验证,Git
app/api/v1/clubs.py,1219,fe3e436681453074657adc4f24b5a79548d8e86131b7f54e4e26f9a25b0d364e,S3,高,,,验证,未引用模块需验证,Git
app/api/v1/collection.py,9905,636f7de7480afe92d1afe144443e4a67001283aa5cd99e44e2c831ec98c4b313,S3,高,,,验证,未引用模块需验证,Git
app/api/v1/dashboard.py,658,018edde3e4340c17d429edc52804bbab2be086da30205dbca3618d09a9f5e01c,S3,高,,,验证,未引用模块需验证,Git
app/api/v1/events.py,2042,49511f344fb4375dc7496d0c13c5152c3295701349885e3e75f1317ae94209bb,S3,高,,,验证,未引用模块需验证,Git
app/api/v1/identity.py,2770,ce221b961df6694909569309f2f0db5a5ad6372b509417454f14473085a6beb0,S3,高,,,验证,未引用模块需验证,Git
app/api/v1/intelligence.py,1476,45cf7440457702bcb8708e385002738b35682ec6e1cceb832d0713e576490196,S3,高,,,验证,未引用模块需验证,Git
app/api/v1/investment_assessments.py,3092,a735440a2ba9321f1c02910b99a052ba30c2b33151f8c5ec1c312b7cf3d76088,S3,高,,,验证,未引用模块需验证,Git
app/api/v1/membership_person_link.py,2831,be1595525f00c7eb706c260e1c7673a2dce099bc849b0641db4c0feefca5964b,S3,高,,,验证,未引用模块需验证,Git
app/api/v1/membership_user_link.py,6013,5c9d6f855e3765fbab106500e6c2e40d2f5e2d86c53388a5c084dcc389fca061,S3,高,,,验证,未引用模块需验证,Git
app/api/v1/navigation.py,454,750da87e3cca3a01058f37fea614c6abf6d8e1c38616923496386eef8facdaea,S3,高,,,验证,未引用模块需验证,Git
app/api/v1/network.py,3298,19138ce4e21d791472fcc9091ea0293acef448927c8b89b23ad5789e01e528eb,S3,高,,,验证,未引用模块需验证,Git
app/api/v1/opportunities.py,4574,ac149ee61f2d4867978682cb139c37e285e8b9ccdfc1b030f573111003c6d2e4,S3,高,,,验证,未引用模块需验证,Git
app/api/v1/organizations.py,7772,b3b5e37eebc67325b80d96c89701e7eeb6211cc03453549b7b211825c326a822,S3,高,,,验证,未引用模块需验证,Git
app/api/v1/pipeline.py,4563,0750fa0109b91ddd360baac0fe17dbc41bcb96d6a1e0d9941ef8863d3eac744a,S3,高,,,验证,未引用模块需验证,Git
app/api/v1/processing.py,5572,1bb6fc43d52e22226de9e7a1378ddce640bb1c2ec39112db3d5af6173a86b260,S3,高,,,验证,未引用模块需验证,Git
app/api/v1/relationships.py,2661,00ef2d56ddf8416d77ec99977249055534c995533421d5f11d748094a86c56c9,S3,高,,,验证,未引用模块需验证,Git
app/api/v1/reports.py,4027,cda9d6396c8d2fa443efe56b988bd0ec2940454a21028f800cb25c6ca1b31dbf,S3,高,,,验证,未引用模块需验证,Git
app/api/v1/research.py,6230,77df66e9190fae57e828190462895f4554daaabba7940c6bf035a266542db310,S3,高,,,验证,未引用模块需验证,Git
app/api/v1/resources.py,2527,471f7ade2e56f2b4ebafb7dcb1de7c389c2b69584431350a1037ec9c255f3085,S3,高,,,验证,未引用模块需验证,Git
app/api/v1/router.py,3316,830ff477d59dac653fb21b7526a65fa0354c3fcdb138692bcf5a38b1bf608f08,S3,高,,,验证,未引用模块需验证,Git
app/api/v1/search.py,589,f731913692e91cde2df0a07348f65f6af19ef083bc1e6284f47329757795f7bb,S3,高,,,验证,未引用模块需验证,Git
app/api/v1/signals.py,4182,4638e966f53fc78397d1cf6850eb65baf48084daa54994f5ea9e834911b7c0af,S3,高,,,验证,未引用模块需验证,Git
app/api/v1/subjects.py,3971,da9f3ae2ce92344ac99c850b71f42043b1e5937250b436163f51f21958a7dab7,S3,高,,,验证,未引用模块需验证,Git
app/api/v1/system.py,1108,bed4119aeea37b98827188146976ebbb950f8008ebfbdeb6c3d8e60c97cb9e4a,S3,高,,,验证,未引用模块需验证,Git
app/api/v1/watchlists.py,3688,08f7d40ca3b6e06f09244d188b24816d683544a1bd345dc9e1bbbee1fbf5e5ac,S3,高,,,验证,未引用模块需验证,Git
app/api/v1/__init__.py,1,01ba4719c80b6fe911b091a7c05124b64eeece964e09c058ef8f9805daca546b,S3,高,,,验证,未引用模块需验证,Git
.workbuddy/memory/2026-07-03.md,7284,9b038e92161fd00735d6e4e50b26bca717d408ce0abe17b22dd963d652b69b0c,S3,高,,,验证,需进一步验证,Git
.workbuddy/memory/MEMORY.md,5654,3b3c8fc64e68b25bc9348f971eb4d0ca904ee5cdc76334a73b12d133429919f6,S3,高,,,验证,需进一步验证,Git
.workbuddy/skills/platform-debug/SKILL.md,5069,c9290f0cb3298b0c9678b99bdf9c1b906254c8ddb5f762716ab13ac9265127aa,S3,高,,,验证,需进一步验证,Git
.skills/identity-network-engine/SKILL.md,3317,48e7405ab4722c37086b7163feb92cb900cd68c464115a7cd07921f994229bde,S3,高,,,验证,需进一步验证,Git
.skills/incremental-codex-delivery/SKILL.md,2920,51662169c425f739008ec8471ec0f7f7bb35c762e0352a91914743f6fb357ff3,S3,高,,,验证,需进一步验证,Git
.skills/intelligence-collection/SKILL.md,2782,c02cbede917875397b5e0421f76f6021004335ef7ee46051a7d20f285be9d51f,S3,高,,,验证,需进一步验证,Git
.skills/intelligence-processing/SKILL.md,2932,d7b2575d6939d23948cce3a23b7e4a7a371ea42bf54ceda87515c02ecdcd1fc4,S3,高,,,验证,需进一步验证,Git
.skills/patch-delivery/SKILL.md,2167,3b526d7dfbc2187a120265a88ef2da799fd4239f0ed7be65a5644a6b8477aff4,S3,高,,,验证,需进一步验证,Git
.skills/platform-domain-architecture/SKILL.md,4000,9eb38dc4401bc719974cc084bd4481a811baa4c6bf3c3957591232273c7fcbc7,S3,高,,,验证,需进一步验证,Git
.skills/platform-taxonomy-governance/SKILL.md,2921,60f5f7076e411697e813c2a2485d04d8ea9ed83bb84c35fa066a12048b687957,S3,高,,,验证,需进一步验证,Git
.skills/project-development/SKILL.md,3738,682edb39087c5bff25b467265785e8f5703d7872c84fafa02ca9fa16e928fdd1,S3,高,,,验证,需进一步验证,Git
.skills/qbay-investment-assistant/SKILL.md,9535,2a3f93c94073fc087bc1917105417091438d3ee580808373b732530d13298130,S3,高,,,验证,需进一步验证,Git
.skills/safe-database-migration/SKILL.md,2993,3ae37a4a7d441defeca8d35b6dc4123cd136ddde2f7560ef4e5ad4383cce0add,S3,高,,,验证,需进一步验证,Git
.skills/service-api-separation/SKILL.md,3117,314aa399abd8e90edeba31f6d0669b8be0c71184a3c721c163da4bb38bdcff3e,S3,高,,,验证,需进一步验证,Git
.skills/verification-regression/SKILL.md,2519,8ea8ed29b6a27b6092ade6c86869d2f34ae3cd3f4867d3bb51d7c44fd6a60f0e,S3,高,,,验证,需进一步验证,Git
.skills/verification-regression/agents/openai.yaml,132,26c8d3c8c76f725b4aa827c767f7853794f24ffb1963d5d7c8dc61fa8325aae9,S3,高,,,验证,需进一步验证,Git
.skills/service-api-separation/agents/openai.yaml,135,f9c95d891d4b94c174e231e70c40cb8cadad08a6ad4789686ea02bed42fd0e7b,S3,高,,,验证,需进一步验证,Git
.skills/safe-database-migration/agents/openai.yaml,143,89fbd0f0ba463fbba05b5f884c285ac005c26065c0040d32a4039539f6e3ef14,S3,高,,,验证,需进一步验证,Git
.skills/qbay-investment-assistant/references/regional-classification.md,982,b65307f805b171095c24663f1ec2077deab5d5c962844695f8ecf403c8187cb6,S3,高,,,验证,需进一步验证,Git
.skills/qbay-investment-assistant/references/scoring-rules.md,2231,3834ac28397ac84481d443e33020fac7cf80cf0341bf91ce1a319dc0384f1a28,S3,高,,,验证,需进一步验证,Git
.skills/qbay-investment-assistant/references/source-quality.md,1090,1ae6f322824791f891e25542d3e88a4f52a86a2990c03324317dc452a6f491ec,S3,高,,,验证,需进一步验证,Git
.skills/qbay-investment-assistant/references/system-mapping.md,996,9079d0221769e4084723f30b1ae761d6a35051f766aa33ee04cfd1eb9652bb6c,S3,高,,,验证,需进一步验证,Git
.skills/qbay-investment-assistant/references/track-definitions.md,714,61d315a0e6183b41a5b2f3c073f48c64ff53806edc5ffab08c96ec99d64f1060,S3,高,,,验证,需进一步验证,Git
.skills/qbay-investment-assistant/scripts/validate_output.py,3022,e154953c94782fc074ea125ced28037f02bc57d7845dbeb097e7d759cb7b5b85,S3,高,,,验证,需进一步验证,Git
.skills/qbay-investment-assistant/templates/output-schema.json,3044,8ef9e31209dec6876365cc3df82b4d3ada3d820e4959cdd8f2a27a1616098566,S3,高,,,验证,需进一步验证,Git
.skills/project-development/agents/openai.yaml,144,0f351ef74b5a0563edb0a5f893d7f46a17ecddaa19d0db8ea37bf70e64956f17,S3,高,,,验证,需进一步验证,Git
.skills/platform-taxonomy-governance/references/acceptance-checklist.md,347,8f71bb6bb87b9126807f2725fde58002d3e113bb9cf5a7ac9b4c039fe964208c,S3,高,,,验证,需进一步验证,Git
.skills/platform-taxonomy-governance/references/anti-patterns.md,397,6816429fcf9eaf9256a512b6b2fdaa375da4a70b6b8cdee23cfdfdd955079c01,S3,高,,,验证,需进一步验证,Git
.skills/platform-taxonomy-governance/references/domain-rules.md,622,2aad68d680fd9e1506a6c3f87b25fdd160f0a788082e47610e9c149f1d8eae2d,S3,高,,,验证,需进一步验证,Git
.skills/platform-domain-architecture/references/acceptance-checklist.md,515,c98741a6986ce6b7f8cd83dd747a656b86f08e5f6fb416ef4106ffec88f1b586,S3,高,,,验证,需进一步验证,Git
.skills/platform-domain-architecture/references/anti-patterns.md,564,ca3c1b0d08179554d174b1f0121f13a52798b6b1a87f6004bf2d213878b1c6cf,S3,高,,,验证,需进一步验证,Git
.skills/platform-domain-architecture/references/domain-rules.md,1367,742f6d8928afbfcaa4cf44d6d6a1bb595cbee706ba23724f8f8221df4a00b45a,S3,高,,,验证,需进一步验证,Git
.skills/patch-delivery/agents/openai.yaml,127,a9008f271ba75207acd29a78bb40d541de67504e1f694d5dca582950899ad455,S3,高,,,验证,需进一步验证,Git
.skills/intelligence-processing/agents/openai.yaml,147,e48ebf54f1a4d2a861258d51bf3fe2efe821da73b94430d559e1d99414dd520a,S3,高,,,验证,需进一步验证,Git
.skills/intelligence-collection/agents/openai.yaml,145,1f6b7c6409fe8029f87139ffc60679ddac5063d9d55919c9977f90c688431219,S3,高,,,验证,需进一步验证,Git
.skills/incremental-codex-delivery/references/acceptance-checklist.md,345,ebb87de9a444d6d399eab465739af87c9960e792f5969cb93cb2be442ab7dd60,S3,高,,,验证,需进一步验证,Git
.skills/incremental-codex-delivery/references/anti-patterns.md,356,5ec8711807df7eb6c8608d70655473b0e720b7552ca28fbddc984eb67b2f53fa,S3,高,,,验证,需进一步验证,Git
.skills/incremental-codex-delivery/references/domain-rules.md,521,c6764f25b96a17668538719fd95a95d66478c05dfa3b811fe7d939921bd545f5,S3,高,,,验证,需进一步验证,Git
.skills/identity-network-engine/references/acceptance-checklist.md,471,a4df35075867bf0d5bd5f7c3832eb5ac5f1717370938685a18cc694d9a71a6b7,S3,高,,,验证,需进一步验证,Git
.skills/identity-network-engine/references/anti-patterns.md,411,cf4f7bfea3bef364c6bebc6130b20c4e6b8e0a07b779203e83c89ef2f8e3145d,S3,高,,,验证,需进一步验证,Git
.skills/identity-network-engine/references/domain-rules.md,762,387243737faa46b5c92cb485d283ef894aa29fa28759c80316fc8f59f0bfb46f,S3,高,,,验证,需进一步验证,Git
